language	id	qa_id	source_qa_id	pair_id	knowledge_pair_id	topic_role	variant_layer	relation_type	overall_pass	severity	issue_type	faithfulness_score	answer_accuracy_score	fluency_score	language_purity_score	comment	source_question	source_expected_answer	target_question	target_expected_answer	backtranslation_question	backtranslation_expected_answer
ar	ar:001:bn_noncooperation_interim_government__key_figures__012__target__bn_noncooperation_interim_government_target_target_key_figures_5__ar__surface_003	bn_noncooperation_interim_government__key_figures__012__target__bn_noncooperation_interim_government_target_target_key_figures_5__ar__surface_003	bn_noncooperation_interim_government__key_figures__012__target__bn_noncooperation_interim_government_target_target_key_figures_5__en__surface_003	bn_noncooperation_interim_government	bn_noncooperation_interim_government__key_figures__012	target	surface	key_figures	True	ok	none	5	5	5	5	Accurate and fluent translation.	Name the person who became the leader of the interim government after the 2024 non-cooperation movement.	Muhammad Yunus	اذكر اسم الشخص الذي أصبح رئيساً للحكومة المؤقتة بعد حركة عدم التعاون عام 2024.	محمد يونس	Mention the name of the person who became head of the interim government after the non-cooperation movement in 2024.	Muhammad Yunus
ar	ar:002:ja_mof_protests_house_councillors__political_leader_involved__005__neighbor__ja_mof_protests_house_councillors_neighbor_neighbor_political_leader_1__ar__surface_001	ja_mof_protests_house_councillors__political_leader_involved__005__neighbor__ja_mof_protests_house_councillors_neighbor_neighbor_political_leader_1__ar__surface_001	ja_mof_protests_house_councillors__political_leader_involved__005__neighbor__ja_mof_protests_house_councillors_neighbor_neighbor_political_leader_1__en__surface_001	ja_mof_protests_house_councillors	ja_mof_protests_house_councillors__political_leader_involved__005	neighbor	surface	political_leader_involved	True	ok	none	5	5	5	5	Accurate and fluent translation.	Which politician served as the Prime Minister of Japan during the 2025 election?	Shigeru Ishiba	أي سياسي شغل منصب رئيس وزراء اليابان خلال انتخابات عام 2025؟	شيجيرو إيشيبا	Which politician served as the Prime Minister of Japan during the 2025 elections?	Shigeru Ishiba
ar	ar:003:en_brian_thompson_killing_luigi_mangione__legal_charges__010__target__en_brian_thompson_killing_luigi_mangione_target_target_legal_charges_1__ar__surface_002	en_brian_thompson_killing_luigi_mangione__legal_charges__010__target__en_brian_thompson_killing_luigi_mangione_target_target_legal_charges_1__ar__surface_002	en_brian_thompson_killing_luigi_mangione__legal_charges__010__target__en_brian_thompson_killing_luigi_mangione_target_target_legal_charges_1__en__surface_002	en_brian_thompson_killing_luigi_mangione	en_brian_thompson_killing_luigi_mangione__legal_charges__010	target	surface	legal_charges	True	ok	none	5	5	5	5	Accurate and fluent translation.	In relation to the killing of Brian Thompson, what is the specific murder offense included in Luigi Mangione's state charges?	first-degree murder	فيما يتعلق بمقتل برايان طومسون، ما هي جريمة القتل المحددة المدرجة ضمن تهم الولاية الموجهة إلى لويجي مانجيوني؟	القتل من الدرجة الأولى	Regarding the killing of Brian Thompson, what is the specific murder crime included in the state charges against Luigi Mangione?	First-degree murder
ar	ar:004:fr_imane_khelif_olympic_boxing__event_year__005__neighbor__fr_imane_khelif_olympic_boxing_neighbor_14__ar__surface_002	fr_imane_khelif_olympic_boxing__event_year__005__neighbor__fr_imane_khelif_olympic_boxing_neighbor_14__ar__surface_002	fr_imane_khelif_olympic_boxing__event_year__005__neighbor__fr_imane_khelif_olympic_boxing_neighbor_14__en__surface_002	fr_imane_khelif_olympic_boxing	fr_imane_khelif_olympic_boxing__event_year__005	neighbor	surface	event_year	True	ok	none	5	5	5	5	Accurate and fluent translation.	What year saw the International Olympic Committee revoke the IBA's tournament-running rights?	2022	ما العام الذي شهد سحب اللجنة الأولمبية الدولية لحقوق الاتحاد الدولي للملاكمة (IBA) في إدارة البطولة؟	2022	In what year did the International Olympic Committee withdraw the rights of the International Boxing Association (IBA) to manage the tournament?	2022
ar	ar:005:sw_kenyan_protests_albert_ojwang__involved_organization__012__neighbor__sw_kenyan_protests_albert_ojwang_neighbor_neighbor_involved_organization_1__ar__surface_001	sw_kenyan_protests_albert_ojwang__involved_organization__012__neighbor__sw_kenyan_protests_albert_ojwang_neighbor_neighbor_involved_organization_1__ar__surface_001	sw_kenyan_protests_albert_ojwang__involved_organization__012__neighbor__sw_kenyan_protests_albert_ojwang_neighbor_neighbor_involved_organization_1__en__surface_001	sw_kenyan_protests_albert_ojwang	sw_kenyan_protests_albert_ojwang__involved_organization__012	neighbor	surface	involved_organization	True	ok	none	5	5	5	5	Accurate and fluent translation.	What diplomatic mission demanded a transparent probe into how Albert Ojwang died?	U.S. Embassy	ما هي البعثة الدبلوماسية التي طالبت بتحقيق شفاف في كيفية وفاة ألبرت أوجوانج؟	السفارة الأمريكية	Which diplomatic mission called for a transparent investigation into how Albert Ojwang died?	The US Embassy
ar	ar:006:de_munich_car_attack_federal_election__involved_person__012__neighbor__de_munich_car_attack_federal_election_neighbor_neighbor_involved_person_5__ar__surface_001	de_munich_car_attack_federal_election__involved_person__012__neighbor__de_munich_car_attack_federal_election_neighbor_neighbor_involved_person_5__ar__surface_001	de_munich_car_attack_federal_election__involved_person__012__neighbor__de_munich_car_attack_federal_election_neighbor_neighbor_involved_person_5__en__surface_001	de_munich_car_attack_federal_election	de_munich_car_attack_federal_election__involved_person__012	neighbor	surface	involved_person	True	ok	none	5	5	5	5	Accurate and fluent translation.	Which person was involved in the 2025 German federal election?	Alice Weidel	أي شخص شارك في الانتخابات الاتحادية الألمانية لعام 2025؟	أليس فايدل	Which person participated in the 2025 German federal election?	Alice Weidel
ar	ar:007:fr_olympics_opening_closing_ceremony__musical_performer__004__neighbor__fr_olympics_opening_closing_ceremony_neighbor_neighbor_musical_performer_2__ar__surface_003	fr_olympics_opening_closing_ceremony__musical_performer__004__neighbor__fr_olympics_opening_closing_ceremony_neighbor_neighbor_musical_performer_2__ar__surface_003	fr_olympics_opening_closing_ceremony__musical_performer__004__neighbor__fr_olympics_opening_closing_ceremony_neighbor_neighbor_musical_performer_2__en__surface_003	fr_olympics_opening_closing_ceremony	fr_olympics_opening_closing_ceremony__musical_performer__004	neighbor	surface	musical_performer	True	ok	none	5	5	5	5	Accurate and fluent translation.	The 2024 Summer Olympics closing ceremony featured live music by which band?	Phoenix	تضمن حفل ختام الألعاب الأولمبية الصيفية لعام 2024 موسيقى حية من أداء أي فرقة؟	فينيكس	The closing ceremony of the 2024 Summer Olympics featured live music performed by which band?	Phoenix
ar	ar:008:es_catatumbo_clashes_ecuador_election__location__001__target__es_catatumbo_clashes_ecuador_election_target_target_location_3__ar__surface_003	es_catatumbo_clashes_ecuador_election__location__001__target__es_catatumbo_clashes_ecuador_election_target_target_location_3__ar__surface_003	es_catatumbo_clashes_ecuador_election__location__001__target__es_catatumbo_clashes_ecuador_election_target_target_location_3__en__surface_003	es_catatumbo_clashes_ecuador_election	es_catatumbo_clashes_ecuador_election__location__001	target	surface	location	True	ok	none	5	5	5	5	Accurate and fluent translation.	Which location saw FARC members surrender to avoid an armed confrontation?	Tibú	ما هو الموقع الذي شهد استسلام أعضاء فارك لتجنب مواجهة مسلحة؟	تيبو	What location witnessed the surrender of FARC members to avoid an armed confrontation?	Tibú
ar	ar:009:sw_tanzania_protests_general_election__event_location__003__target__sw_tanzania_protests_general_election_target_target_loc_3__ar__surface_002	sw_tanzania_protests_general_election__event_location__003__target__sw_tanzania_protests_general_election_target_target_loc_3__ar__surface_002	sw_tanzania_protests_general_election__event_location__003__target__sw_tanzania_protests_general_election_target_target_loc_3__en__surface_002	sw_tanzania_protests_general_election	sw_tanzania_protests_general_election__event_location__003	target	surface	event_location	True	ok	none	5	5	5	5	Accurate and fluent translation.	The October 30 demonstrations of the 2025 Tanzanian election protests took place in what location?	Mwanza	أين وقعت مظاهرات 30 أكتوبر الخاصة باحتجاجات الانتخابات التنزانية لعام 2025؟	موانزا	Where did the October 30 protests of the 2025 Tanzanian election protests take place?	Mwanza
ar	ar:010:de_solingen_stabbing_magdeburg_attack__perpetrator_background_trait__012__neighbor__de_solingen_stabbing_magdeburg_attack_neighbor_de_magdeburg_attack_trait_3__ar__surface_001	de_solingen_stabbing_magdeburg_attack__perpetrator_background_trait__012__neighbor__de_solingen_stabbing_magdeburg_attack_neighbor_de_magdeburg_attack_trait_3__ar__surface_001	de_solingen_stabbing_magdeburg_attack__perpetrator_background_trait__012__neighbor__de_solingen_stabbing_magdeburg_attack_neighbor_de_magdeburg_attack_trait_3__en__surface_001	de_solingen_stabbing_magdeburg_attack	de_solingen_stabbing_magdeburg_attack__perpetrator_background_trait__012	neighbor	surface	perpetrator_background_trait	True	ok	none	5	5	5	5	Accurate and fluent translation.	From which nation did the doctor who committed the 2024 Magdeburg car attack originate?	Saudi Arabia	من أي دولة ينحدر الطبيب الذي ارتكب هجوم ماغديبورغ بالسيارة عام 2024؟	السعودية	From which country does the doctor who committed the Magdeburg car attack in 2024 originate?	Saudi Arabia
ar	ar:011:es_catatumbo_clashes_ecuador_election__key_figure__014__neighbor__es_catatumbo_clashes_ecuador_election_neighbor_neighbor_key_figure_3__ar__surface_002	es_catatumbo_clashes_ecuador_election__key_figure__014__neighbor__es_catatumbo_clashes_ecuador_election_neighbor_neighbor_key_figure_3__ar__surface_002	es_catatumbo_clashes_ecuador_election__key_figure__014__neighbor__es_catatumbo_clashes_ecuador_election_neighbor_neighbor_key_figure_3__en__surface_002	es_catatumbo_clashes_ecuador_election	es_catatumbo_clashes_ecuador_election__key_figure__014	neighbor	surface	key_figure	True	ok	none	5	5	5	5	Accurate and natural translation.	Name the minor candidate who did not make it past the first round of the 2025 Ecuadorian general election.	Víctor Araus	اذكر اسم المرشح الثانوي الذي لم يتجاوز الجولة الأولى من الانتخابات العامة الإكوادورية لعام 2025.	فيكتور أراوس	Name the minor candidate who did not advance past the first round of the 2025 Ecuadorian general election.	Victor Araus
ar	ar:012:bn_hasina_resignation_2026_election__significant_date__015__neighbor__bn_hasina_resignation_2026_election_neighbor_19__ar__surface_003	bn_hasina_resignation_2026_election__significant_date__015__neighbor__bn_hasina_resignation_2026_election_neighbor_19__ar__surface_003	bn_hasina_resignation_2026_election__significant_date__015__neighbor__bn_hasina_resignation_2026_election_neighbor_19__en__surface_003	bn_hasina_resignation_2026_election	bn_hasina_resignation_2026_election__significant_date__015	neighbor	surface	significant_date	True	ok	none	5	5	5	5	Accurate and natural translation.	On which day did former Prime Minister Khaleda Zia pass away?	30 December 2025	في أي يوم توفيت رئيسة الوزراء السابقة خالدة ضياء؟	30 ديسمبر 2025	On what day did former Prime Minister Khaleda Zia die?	30 December 2025
ar	ar:013:en_uk_riots_southport_stabbings__responding_official_or_politician__010__neighbor__en_uk_riots_southport_stabbings_neighbor_neighbor_official_1__ar__surface_003	en_uk_riots_southport_stabbings__responding_official_or_politician__010__neighbor__en_uk_riots_southport_stabbings_neighbor_neighbor_official_1__ar__surface_003	en_uk_riots_southport_stabbings__responding_official_or_politician__010__neighbor__en_uk_riots_southport_stabbings_neighbor_neighbor_official_1__en__surface_003	en_uk_riots_southport_stabbings	en_uk_riots_southport_stabbings__responding_official_or_politician__010	neighbor	surface	responding_official_or_politician	True	ok	none	5	5	5	5	Accurate and natural translation.	Name the Prime Minister who vowed to overhaul terrorism laws following the stabbings in Southport.	Keir Starmer	اذكر اسم رئيس الوزراء الذي تعهد بإصلاح قوانين الإرهاب في أعقاب حوادث الطعن في ساوثبورت.	كير ستارمر	Name the Prime Minister who pledged to reform terrorism laws in the aftermath of the Southport stabbings.	Keir Starmer
ar	ar:014:ja_hyogo_gubernatorial_2025_ldp_presidential__candidate_background__012__target__ja_hyogo_gubernatorial_2025_ldp_presidential_target_target_candidate_background_2__ar__surface_001	ja_hyogo_gubernatorial_2025_ldp_presidential__candidate_background__012__target__ja_hyogo_gubernatorial_2025_ldp_presidential_target_target_candidate_background_2__ar__surface_001	ja_hyogo_gubernatorial_2025_ldp_presidential__candidate_background__012__target__ja_hyogo_gubernatorial_2025_ldp_presidential_target_target_candidate_background_2__en__surface_001	ja_hyogo_gubernatorial_2025_ldp_presidential	ja_hyogo_gubernatorial_2025_ldp_presidential__candidate_background__012	target	surface	candidate_background	True	ok	none	5	5	5	5	Accurate and natural translation.	Before his candidacy in the 2024 Hyogo gubernatorial election, what position did Takayuki Shimizu occupy?	member of the House of Councillors	قبل ترشحه في انتخابات حاكم هيوغو لعام 2024، ما هو المنصب الذي شغله تاكايوكي شيميزو؟	عضو مجلس المستشارين	Before running in the 2024 Hyogo gubernatorial elections, what position did Takayuki Shimizu hold?	Member of the House of Councillors
ar	ar:015:ja_hyogo_gubernatorial_2025_ldp_presidential__election_date__008__neighbor__ja_hyogo_gubernatorial_2025_ldp_presidential_neighbor_neighbor_election_date_1__ar__core	ja_hyogo_gubernatorial_2025_ldp_presidential__election_date__008__neighbor__ja_hyogo_gubernatorial_2025_ldp_presidential_neighbor_neighbor_election_date_1__ar__core	ja_hyogo_gubernatorial_2025_ldp_presidential__election_date__008__neighbor__ja_hyogo_gubernatorial_2025_ldp_presidential_neighbor_neighbor_election_date_1__en__core	ja_hyogo_gubernatorial_2025_ldp_presidential	ja_hyogo_gubernatorial_2025_ldp_presidential__election_date__008	neighbor	core	election_date	True	ok	none	5	5	5	5	Accurate and natural translation.	On what date was the 2025 Liberal Democratic Party presidential election held?	4 October 2025	في أي تاريخ أُجريت انتخابات رئاسة الحزب الليبرالي الديمقراطي لعام 2025؟	4 أكتوبر 2025	On what date was the 2025 Liberal Democratic Party presidential election held?	October 4, 2025
ar	ar:016:de_aschaffenburg_stabbing_merz_cabinet__participant__013__target__de_aschaffenburg_stabbing_merz_cabinet_target_target_participant_6__ar__surface_002	de_aschaffenburg_stabbing_merz_cabinet__participant__013__target__de_aschaffenburg_stabbing_merz_cabinet_target_target_participant_6__ar__surface_002	de_aschaffenburg_stabbing_merz_cabinet__participant__013__target__de_aschaffenburg_stabbing_merz_cabinet_target_target_participant_6__en__surface_002	de_aschaffenburg_stabbing_merz_cabinet	de_aschaffenburg_stabbing_merz_cabinet__participant__013	target	surface	participant	True	ok	none	5	5	5	5	Accurate and natural translation.	Name the person who participated in the public memorial service at the Stiftskirche in Aschaffenburg.	Nancy Faeser	اذكر اسم الشخص الذي شارك في حفل التأبين العام في كنيسة شتيفتسكيرشه في أشافنبورغ.	نانسي فيزر	Mention the name of the person who participated in the public memorial service at the Stiftskirche church in Aschaffenburg.	Nancy Faeser
ar	ar:017:en_brian_thompson_killing_luigi_mangione__key_locations__014__target__en_brian_thompson_killing_luigi_mangione_target_target_key_locations_4__ar__surface_002	en_brian_thompson_killing_luigi_mangione__key_locations__014__target__en_brian_thompson_killing_luigi_mangione_target_target_key_locations_4__ar__surface_002	en_brian_thompson_killing_luigi_mangione__key_locations__014__target__en_brian_thompson_killing_luigi_mangione_target_target_key_locations_4__en__surface_002	en_brian_thompson_killing_luigi_mangione	en_brian_thompson_killing_luigi_mangione__key_locations__014	target	surface	key_locations	True	ok	none	5	5	5	5	Accurate and natural translation.	The bus route taken by the suspect to New York City in relation to the killing of Brian Thompson started where?	Atlanta, Georgia	من أين بدأ مسار الحافلة الذي اتخذه المشتبه به إلى مدينة نيويورك فيما يتعلق بمقتل برايان طومسون؟	أتلانتا، جورجيا	From where did the bus route taken by the suspect to New York City begin in connection with the killing of Brian Thompson?	Atlanta, Georgia
ar	ar:018:es_venezuela_protests_presidential_election__involved_person__009__target__es_venezuela_protests_presidential_election_target_target_involved_person_1__ar__surface_001	es_venezuela_protests_presidential_election__involved_person__009__target__es_venezuela_protests_presidential_election_target_target_involved_person_1__ar__surface_001	es_venezuela_protests_presidential_election__involved_person__009__target__es_venezuela_protests_presidential_election_target_target_involved_person_1__en__surface_001	es_venezuela_protests_presidential_election	es_venezuela_protests_presidential_election__involved_person__009	target	surface	involved_person	True	ok	none	5	5	5	5	Accurate and natural translation.	Which prominent individual is central to the 2024 Venezuelan presidential election protests?	Nicolás Maduro	أي شخصية بارزة تعتبر محورية في احتجاجات الانتخابات الرئاسية الفنزويلية لعام 2024؟	نيكولاس مادورو	Which prominent figure is considered central in the 2024 Venezuelan presidential election protests?	Nicolás Maduro
ar	ar:019:ar_syrian_offensives_transitional_government__international_reaction__009__target__ar_syrian_offensives_transitional_government_target_target_reaction_6__ar__surface_003	ar_syrian_offensives_transitional_government__international_reaction__009__target__ar_syrian_offensives_transitional_government_target_target_reaction_6__ar__surface_003	ar_syrian_offensives_transitional_government__international_reaction__009__target__ar_syrian_offensives_transitional_government_target_target_reaction_6__en__surface_003	ar_syrian_offensives_transitional_government	ar_syrian_offensives_transitional_government__international_reaction__009	target	surface	international_reaction	True	ok	none	5	5	5	5	Accurate and natural translation.	The assertion of having zero involvement in the 2024 Syrian opposition offensives was made by which country?	United States	تأكيد عدم التورط على الإطلاق في هجمات المعارضة السورية لعام 2024 صدر عن أي دولة؟	الولايات المتحدة	Confirmation of absolutely no involvement in the 2024 Syrian opposition attacks was issued by which country?	The United States
ar	ar:020:th_political_crisis_same_sex_marriage__key_figure__008__neighbor__th_political_crisis_same_sex_marriage_neighbor_th_same_sex_marriage_key_figure_5__ar__core	th_political_crisis_same_sex_marriage__key_figure__008__neighbor__th_political_crisis_same_sex_marriage_neighbor_th_same_sex_marriage_key_figure_5__ar__core	th_political_crisis_same_sex_marriage__key_figure__008__neighbor__th_political_crisis_same_sex_marriage_neighbor_th_same_sex_marriage_key_figure_5__en__core	th_political_crisis_same_sex_marriage	th_political_crisis_same_sex_marriage__key_figure__008	neighbor	core	key_figure	True	ok	none	5	5	5	5	Accurate and natural translation.	Which Prime Minister welcomed the promulgation of the Marriage Equality Act on social media?	Paetongtarn Shinawatra	أي رئيس وزراء رحب بإصدار قانون المساواة في الزواج على وسائل التواصل الاجتماعي؟	باتونغتارن شيناواترا	Which prime minister welcomed the passing of the marriage equality law on social media?	Paetongtarn Shinawatra
ar	ar:021:th_political_crisis_same_sex_marriage__involved_organization__015__neighbor__th_political_crisis_same_sex_marriage_neighbor_th_same_sex_marriage_involved_organization_1__ar__surface_001	th_political_crisis_same_sex_marriage__involved_organization__015__neighbor__th_political_crisis_same_sex_marriage_neighbor_th_same_sex_marriage_involved_organization_1__ar__surface_001	th_political_crisis_same_sex_marriage__involved_organization__015__neighbor__th_political_crisis_same_sex_marriage_neighbor_th_same_sex_marriage_involved_organization_1__en__surface_001	th_political_crisis_same_sex_marriage	th_political_crisis_same_sex_marriage__involved_organization__015	neighbor	surface	involved_organization	True	ok	none	5	5	5	5	Accurate and fluent translation.	What organization put forward the Marriage Equality Bill to allow marriage for couples of any gender?	Move Forward Party	ما هي المنظمة التي طرحت مشروع قانون المساواة في الزواج للسماح بالزواج للأزواج من أي جنس؟	حزب المضي قدما	Which organization introduced the marriage equality bill to allow marriage for couples of any gender?	Move Forward Party
ar	ar:022:sw_kenyan_protests_albert_ojwang__location__001__neighbor__sw_kenyan_protests_albert_ojwang_neighbor_neighbor_location_2__ar__core	sw_kenyan_protests_albert_ojwang__location__001__neighbor__sw_kenyan_protests_albert_ojwang_neighbor_neighbor_location_2__ar__core	sw_kenyan_protests_albert_ojwang__location__001__neighbor__sw_kenyan_protests_albert_ojwang_neighbor_neighbor_location_2__en__core	sw_kenyan_protests_albert_ojwang	sw_kenyan_protests_albert_ojwang__location__001	neighbor	core	location	True	ok	none	5	5	5	5	Good translation with proper transliteration.	In which town did Albert Omondi Ojwang work as a teacher?	Mwatate	في أي بلدة عمل ألبرت أوموندي أوجوانج كمعلم؟	مواتاتي	In which town did Albert Omondi Ojwang work as a teacher?	Mwatate
ar	ar:023:ja_hyuga_nada_earthquake_expo_pavilions__affected_or_involved_region__008__neighbor__ja_hyuga_nada_earthquake_expo_pavilions_neighbor_neighbor_affected_region_4__ar__surface_003	ja_hyuga_nada_earthquake_expo_pavilions__affected_or_involved_region__008__neighbor__ja_hyuga_nada_earthquake_expo_pavilions_neighbor_neighbor_affected_region_4__ar__surface_003	ja_hyuga_nada_earthquake_expo_pavilions__affected_or_involved_region__008__neighbor__ja_hyuga_nada_earthquake_expo_pavilions_neighbor_neighbor_affected_region_4__en__surface_003	ja_hyuga_nada_earthquake_expo_pavilions	ja_hyuga_nada_earthquake_expo_pavilions__affected_or_involved_region__008	neighbor	surface	affected_or_involved_region	True	ok	none	5	5	5	5	Accurate and perfectly natural Arabic translation.	Name the country whose Expo 2025 pavilion saw its construction suspended due to a lack of payments.	Nepal	اذكر اسم الدولة التي تم تعليق بناء جناحها في إكسبو 2025 بسبب نقص المدفوعات.	نيبال	Name the country whose pavilion construction at Expo 2025 was suspended due to a lack of payments.	Nepal
ar	ar:024:ja_hyogo_gubernatorial_2025_ldp_presidential__candidate_background__002__target__ja_hyogo_gubernatorial_2025_ldp_presidential_target_target_candidate_background_1__ar__surface_003	ja_hyogo_gubernatorial_2025_ldp_presidential__candidate_background__002__target__ja_hyogo_gubernatorial_2025_ldp_presidential_target_target_candidate_background_1__ar__surface_003	ja_hyogo_gubernatorial_2025_ldp_presidential__candidate_background__002__target__ja_hyogo_gubernatorial_2025_ldp_presidential_target_target_candidate_background_1__en__surface_003	ja_hyogo_gubernatorial_2025_ldp_presidential	ja_hyogo_gubernatorial_2025_ldp_presidential__candidate_background__002	target	surface	candidate_background	True	ok	none	5	5	5	5	Accurate and clear.	Motohiko Saitō served in what capacity just before the 2024 Hyogo gubernatorial election?	governor	بأي صفة عمل موتوهيكو سايتو قبل انتخابات حاكم هيوغو لعام 2024 مباشرة؟	حاكم	In what capacity did Motohiko Saito work immediately before the 2024 Hyogo gubernatorial election?	Governor
ar	ar:025:de_solingen_stabbing_magdeburg_attack__perpetrator_background_trait__011__target__de_solingen_stabbing_magdeburg_attack_target_de_solingen_stabbing_trait_1__ar__surface_001	de_solingen_stabbing_magdeburg_attack__perpetrator_background_trait__011__target__de_solingen_stabbing_magdeburg_attack_target_de_solingen_stabbing_trait_1__ar__surface_001	de_solingen_stabbing_magdeburg_attack__perpetrator_background_trait__011__target__de_solingen_stabbing_magdeburg_attack_target_de_solingen_stabbing_trait_1__en__surface_001	de_solingen_stabbing_magdeburg_attack	de_solingen_stabbing_magdeburg_attack__perpetrator_background_trait__011	target	surface	perpetrator_background_trait	True	ok	none	5	5	5	5	High quality translation.	How was the attacker in the 2024 Solingen stabbing described regarding his nationality and status?	Syrian refugee	كيف وُصف المهاجم في حادثة الطعن في زولينغن عام 2024 فيما يتعلق بجنسيته ووضعه؟	لاجئ سوري	How was the attacker in the 2024 Solingen stabbing incident described regarding his nationality and status?	Syrian refugee
ar	ar:026:ar_syrian_offensives_transitional_government__international_reaction__004__target__ar_syrian_offensives_transitional_government_target_target_reaction_3__ar__surface_001	ar_syrian_offensives_transitional_government__international_reaction__004__target__ar_syrian_offensives_transitional_government_target_target_reaction_3__ar__surface_001	ar_syrian_offensives_transitional_government__international_reaction__004__target__ar_syrian_offensives_transitional_government_target_target_reaction_3__en__surface_001	ar_syrian_offensives_transitional_government	ar_syrian_offensives_transitional_government__international_reaction__004	target	surface	international_reaction	True	ok	none	5	5	5	5	Very accurate and fluent.	What nation officially reacted to the 2024 Syrian opposition offensives by labeling them a violation of Syrian sovereignty?	Russia	أي دولة ردت رسمياً على هجمات المعارضة السورية عام 2024 بوصفها انتهاكاً للسيادة السورية؟	روسيا	Which country officially responded to the 2024 Syrian opposition attacks by describing them as a violation of Syrian sovereignty?	Russia
ar	ar:027:bn_hasina_resignation_2026_election__participant_person__004__target__bn_hasina_resignation_2026_election_target_1__ar__surface_003	bn_hasina_resignation_2026_election__participant_person__004__target__bn_hasina_resignation_2026_election_target_1__ar__surface_003	bn_hasina_resignation_2026_election__participant_person__004__target__bn_hasina_resignation_2026_election_target_1__en__surface_003	bn_hasina_resignation_2026_election	bn_hasina_resignation_2026_election__participant_person__004	target	surface	participant_person	True	ok	none	5	5	5	5	Accurate and idiomatic translation.	Who vacated the office of Prime Minister of Bangladesh by resigning?	Sheikh Hasina	من أخلى منصب رئيس وزراء بنغلاديش بالاستقالة؟	الشيخة حسينة	Who vacated the position of Prime Minister of Bangladesh by resignation?	Sheikh Hasina
ar	ar:028:fr_olympics_opening_closing_ceremony__musical_performer__001__neighbor__fr_olympics_opening_closing_ceremony_neighbor_neighbor_musical_performer_1__ar__core	fr_olympics_opening_closing_ceremony__musical_performer__001__neighbor__fr_olympics_opening_closing_ceremony_neighbor_neighbor_musical_performer_1__ar__core	fr_olympics_opening_closing_ceremony__musical_performer__001__neighbor__fr_olympics_opening_closing_ceremony_neighbor_neighbor_musical_performer_1__en__core	fr_olympics_opening_closing_ceremony	fr_olympics_opening_closing_ceremony__musical_performer__001	neighbor	core	musical_performer	True	ok	none	5	5	5	5	Excellent translation. The band name transliteration is acceptable.	Which French band performed during the 2024 Summer Olympics closing ceremony?	Air	أي فرقة فرنسية قدمت عرضاً خلال الحفل الختامي لدورة الألعاب الأولمبية الصيفية 2024؟	إير	Which French band performed during the closing ceremony of the 2024 Summer Olympics?	Air
ar	ar:029:zh_night_ride_kaifeng_henan_cuisine__involves_demographic__015__target__zh_night_ride_kaifeng_henan_cuisine_target_17__ar__surface_001	zh_night_ride_kaifeng_henan_cuisine__involves_demographic__015__target__zh_night_ride_kaifeng_henan_cuisine_target_17__ar__surface_001	zh_night_ride_kaifeng_henan_cuisine__involves_demographic__015__target__zh_night_ride_kaifeng_henan_cuisine_target_17__en__surface_001	zh_night_ride_kaifeng_henan_cuisine	zh_night_ride_kaifeng_henan_cuisine__involves_demographic__015	target	surface	involves_demographic	True	ok	none	5	5	5	5	Perfect translation.	The police and the Henan Provincial Department of Education grew concerned about the Night ride to Kaifeng due to the involvement of which specific group of people?	working adults	شعرت الشرطة وإدارة التعليم في مقاطعة خنان بالقلق إزاء الرحلة الليلية إلى كايفنغ بسبب مشاركة أي فئة معينة من الناس؟	البالغون العاملون	The police and the education department in Henan province felt concerned about the night ride to Kaifeng because of the participation of which specific group of people?	Working adults
ar	ar:030:zh_night_ride_kaifeng_henan_cuisine__has_associated_location__006__neighbor__zh_night_ride_kaifeng_henan_cuisine_neighbor_4__ar__surface_003	zh_night_ride_kaifeng_henan_cuisine__has_associated_location__006__neighbor__zh_night_ride_kaifeng_henan_cuisine_neighbor_4__ar__surface_003	zh_night_ride_kaifeng_henan_cuisine__has_associated_location__006__neighbor__zh_night_ride_kaifeng_henan_cuisine_neighbor_4__en__surface_003	zh_night_ride_kaifeng_henan_cuisine	zh_night_ride_kaifeng_henan_cuisine__has_associated_location__006	neighbor	surface	has_associated_location	True	ok	none	5	5	5	5	Fluent and faithful translation.	The invention of new snacks in Henan cuisine saw an uprise after the capital was established in which city?	Kaifeng	شهد ابتكار الوجبات الخفيفة الجديدة في مطبخ هينان طفرة بعد تأسيس العاصمة في أي مدينة؟	كايفنغ	The innovation of new snacks in Henan cuisine witnessed a boom after the establishment of the capital in which city?	Kaifeng
ar	ar:031:en_brian_thompson_killing_luigi_mangione__key_locations__012__neighbor__en_brian_thompson_killing_luigi_mangione_neighbor_neighbor_key_locations_1__ar__core	en_brian_thompson_killing_luigi_mangione__key_locations__012__neighbor__en_brian_thompson_killing_luigi_mangione_neighbor_neighbor_key_locations_1__ar__core	en_brian_thompson_killing_luigi_mangione__key_locations__012__neighbor__en_brian_thompson_killing_luigi_mangione_neighbor_neighbor_key_locations_1__en__core	en_brian_thompson_killing_luigi_mangione	en_brian_thompson_killing_luigi_mangione__key_locations__012	neighbor	core	key_locations	True	ok	none	5	5	5	5	Accurate and natural translation.	Where was Brian Thompson shot and killed?	Midtown Manhattan	أين قُتل برايان طومسون بالرصاص؟	ميدتاون مانهاتن	Where was Brian Thompson shot dead?	Midtown Manhattan
ar	ar:032:ar_lebanon_device_attacks_hq_strike__statement_by_key_figure__014__target__ar_lebanon_device_attacks_hq_strike_target_statement_2__ar__surface_002	ar_lebanon_device_attacks_hq_strike__statement_by_key_figure__014__target__ar_lebanon_device_attacks_hq_strike_target_statement_2__ar__surface_002	ar_lebanon_device_attacks_hq_strike__statement_by_key_figure__014__target__ar_lebanon_device_attacks_hq_strike_target_statement_2__en__surface_002	ar_lebanon_device_attacks_hq_strike	ar_lebanon_device_attacks_hq_strike__statement_by_key_figure__014	target	surface	statement_by_key_figure	True	ok	none	5	5	5	5	Accurate and well-phrased.	Name the person who publicly confirmed Israel's involvement in the 2024 Lebanon electronic device attacks.	Benjamin Netanyahu	اذكر اسم الشخص الذي أكد علناً تورط إسرائيل في هجمات الأجهزة الإلكترونية في لبنان عام 2024.	بنيامين نتنياهو	Name the person who publicly confirmed Israel's involvement in the electronic device attacks in Lebanon in 2024.	Benjamin Netanyahu
ar	ar:033:sw_goma_offensive_drc_rwanda_peace__involved_country__006__neighbor__sw_goma_offensive_drc_rwanda_peace_neighbor_neighbor_card_2__ar__core	sw_goma_offensive_drc_rwanda_peace__involved_country__006__neighbor__sw_goma_offensive_drc_rwanda_peace_neighbor_neighbor_card_2__ar__core	sw_goma_offensive_drc_rwanda_peace__involved_country__006__neighbor__sw_goma_offensive_drc_rwanda_peace_neighbor_neighbor_card_2__en__core	sw_goma_offensive_drc_rwanda_peace	sw_goma_offensive_drc_rwanda_peace__involved_country__006	neighbor	core	involved_country	True	ok	none	5	5	5	5	Perfect translation.	Which country signed the 2025 peace agreement to end its conflict with the Democratic Republic of the Congo?	Rwanda	أي دولة وقعت اتفاق السلام لعام 2025 لإنهاء صراعها مع جمهورية الكونغو الديمقراطية؟	رواندا	Which country signed the 2025 peace agreement to end its conflict with the Democratic Republic of the Congo?	Rwanda
ar	ar:034:bn_anti_hindu_violence_national_citizen_party__target_demographic__002__target__bn_anti_hindu_violence_national_citizen_party_target_target_target_demographic_2__ar__surface_003	bn_anti_hindu_violence_national_citizen_party__target_demographic__002__target__bn_anti_hindu_violence_national_citizen_party_target_target_target_demographic_2__ar__surface_003	bn_anti_hindu_violence_national_citizen_party__target_demographic__002__target__bn_anti_hindu_violence_national_citizen_party_target_target_target_demographic_2__en__surface_003	bn_anti_hindu_violence_national_citizen_party	bn_anti_hindu_violence_national_citizen_party__target_demographic__002	target	surface	target_demographic	True	ok	none	5	5	5	5	Faithful and fluent translation.	What specific demographic of Muslims was documented by the UN Human Rights Office as victims of the 2024 Bangladesh anti-Hindu violence?	Ahmadiyya Muslims	ما هي الفئة الديموغرافية المحددة من المسلمين التي وثقها مكتب الأمم المتحدة لحقوق الإنسان كضحايا لأعمال العنف المناهضة للهندوس في بنغلاديش عام 2024؟	المسلمون الأحمديون	What is the specific demographic group of Muslims that the United Nations Human Rights Office documented as victims of the anti-Hindu violence in Bangladesh in 2024?	Ahmadi Muslims
ar	ar:035:bn_anti_hindu_violence_national_citizen_party__commentator_or_reactor__003__neighbor__bn_anti_hindu_violence_national_citizen_party_neighbor_neighbor_commentator_or_reactor_2__ar__surface_002	bn_anti_hindu_violence_national_citizen_party__commentator_or_reactor__003__neighbor__bn_anti_hindu_violence_national_citizen_party_neighbor_neighbor_commentator_or_reactor_2__ar__surface_002	bn_anti_hindu_violence_national_citizen_party__commentator_or_reactor__003__neighbor__bn_anti_hindu_violence_national_citizen_party_neighbor_neighbor_commentator_or_reactor_2__en__surface_002	bn_anti_hindu_violence_national_citizen_party	bn_anti_hindu_violence_national_citizen_party__commentator_or_reactor__003	neighbor	surface	commentator_or_reactor	True	ok	none	5	5	5	5	Natural reframing that fully preserves meaning and intent.	The formation of a new political party by students received expressions of support from which Chief Adviser?	Muhammad Yunus	من هو كبير المستشارين الذي أعرب عن دعمه لتشكيل حزب سياسي جديد من قبل الطلاب؟	محمد يونس	Who is the chief advisor who expressed his support for the formation of a new political party by the students?	Muhammad Yunus
ar	ar:036:fr_imane_khelif_olympic_boxing__associated_competition__013__neighbor__fr_imane_khelif_olympic_boxing_neighbor_3__ar__core	fr_imane_khelif_olympic_boxing__associated_competition__013__neighbor__fr_imane_khelif_olympic_boxing_neighbor_3__ar__core	fr_imane_khelif_olympic_boxing__associated_competition__013__neighbor__fr_imane_khelif_olympic_boxing_neighbor_3__en__core	fr_imane_khelif_olympic_boxing	fr_imane_khelif_olympic_boxing__associated_competition__013	neighbor	core	associated_competition	True	ok	none	5	5	5	5	Correctly translated context and names.	Through which games could boxers obtain quota spots for the 2024 Olympics?	Pan American Games	من خلال أي دورة ألعاب كان بإمكان الملاكمين الحصول على حصص تأهيلية لأولمبياد 2024؟	دورة الألعاب الأمريكية	Through which games could boxers obtain qualifying quotas for the 2024 Olympics?	Pan American Games
ar	ar:037:sw_goma_offensive_drc_rwanda_peace__involved_armed_group__009__neighbor__sw_goma_offensive_drc_rwanda_peace_neighbor_neighbor_card_10__ar__core	sw_goma_offensive_drc_rwanda_peace__involved_armed_group__009__neighbor__sw_goma_offensive_drc_rwanda_peace_neighbor_neighbor_card_10__ar__core	sw_goma_offensive_drc_rwanda_peace__involved_armed_group__009__neighbor__sw_goma_offensive_drc_rwanda_peace_neighbor_neighbor_card_10__en__core	sw_goma_offensive_drc_rwanda_peace	sw_goma_offensive_drc_rwanda_peace__involved_armed_group__009	neighbor	core	involved_armed_group	True	ok	none	5	5	5	5	Translating the acronym to the full name is accurate and perfectly valid.	Which armed force engaged in fighting with M23 despite the ceasefire of the 2025 DRC–Rwanda peace agreement?	FARDC	أي قوة مسلحة انخرطت في قتال مع حركة إم 23 على الرغم من وقف إطلاق النار الخاص باتفاق السلام بين جمهورية الكونغو الديمقراطية ورواندا لعام 2025؟	القوات المسلحة لجمهورية الكونغو الديمقراطية	Which armed force engaged in combat with the M23 movement despite the ceasefire of the 2025 peace agreement between the Democratic Republic of the Congo and Rwanda?	Armed Forces of the Democratic Republic of the Congo
ar	ar:038:fr_pelicot_case_gisele_pelicot__significant_year__005__neighbor__fr_pelicot_case_gisele_pelicot_neighbor_neighbor_significant_year_1__ar__surface_001	fr_pelicot_case_gisele_pelicot__significant_year__005__neighbor__fr_pelicot_case_gisele_pelicot_neighbor_neighbor_significant_year_1__ar__surface_001	fr_pelicot_case_gisele_pelicot__significant_year__005__neighbor__fr_pelicot_case_gisele_pelicot_neighbor_neighbor_significant_year_1__en__surface_001	fr_pelicot_case_gisele_pelicot	fr_pelicot_case_gisele_pelicot__significant_year__005	neighbor	surface	significant_year	True	ok	none	5	5	5	5	Direct and accurate.	What is the birth year of Gisèle Pelicot?	1952	ما هي سنة ميلاد جيزيل بيليكو؟	1952	What is the birth year of Gisèle Pelicot?	1952
ar	ar:039:th_cambodian_border_crisis_myanmar_earthquake__affected_location__009__target__th_cambodian_border_crisis_myanmar_earthquake_target_th_cambodian_border_crisis_loc_4__ar__surface_003	th_cambodian_border_crisis_myanmar_earthquake__affected_location__009__target__th_cambodian_border_crisis_myanmar_earthquake_target_th_cambodian_border_crisis_loc_4__ar__surface_003	th_cambodian_border_crisis_myanmar_earthquake__affected_location__009__target__th_cambodian_border_crisis_myanmar_earthquake_target_th_cambodian_border_crisis_loc_4__en__surface_003	th_cambodian_border_crisis_myanmar_earthquake	th_cambodian_border_crisis_myanmar_earthquake__affected_location__009	target	surface	affected_location	True	ok	none	5	5	5	5	Accurate phrasing and terminology.	Name the province that faced new border management measures when the Royal Thai Army took over authority from the Ministry of Defence.	Trat province	اذكر اسم المقاطعة التي واجهت إجراءات جديدة لإدارة الحدود عندما تولى الجيش الملكي التايلاندي السلطة من وزارة الدفاع.	محافظة ترات	Name the province that faced new border management procedures when the Royal Thai Army took power from the Ministry of Defence.	Trat Province
ar	ar:040:zh_shenzhen_stabbing_wuxi_stabbing__perpetrator_attributes__004__target__zh_shenzhen_stabbing_wuxi_stabbing_target_target_perp_1__ar__surface_002	zh_shenzhen_stabbing_wuxi_stabbing__perpetrator_attributes__004__target__zh_shenzhen_stabbing_wuxi_stabbing_target_target_perp_1__ar__surface_002	zh_shenzhen_stabbing_wuxi_stabbing__perpetrator_attributes__004__target__zh_shenzhen_stabbing_wuxi_stabbing_target_target_perp_1__en__surface_002	zh_shenzhen_stabbing_wuxi_stabbing	zh_shenzhen_stabbing_wuxi_stabbing__perpetrator_attributes__004	target	surface	perpetrator_attributes	True	ok	none	5	5	5	5	Proper transliteration and accurate question translation.	Identify the attacker responsible for the 2024 stabbing incident in Shenzhen.	Zhong Changchun	حدد المهاجم المسؤول عن حادثة الطعن في شنجن عام 2024.	تشونغ تشانغ تشون	Identify the attacker responsible for the stabbing incident in Shenzhen in 2024.	Zhong Zhangchun
ar	ar:041:th_cambodian_border_crisis_myanmar_earthquake__key_figure__004__target__th_cambodian_border_crisis_myanmar_earthquake_target_th_cambodian_border_crisis_person_4__ar__surface_002	th_cambodian_border_crisis_myanmar_earthquake__key_figure__004__target__th_cambodian_border_crisis_myanmar_earthquake_target_th_cambodian_border_crisis_person_4__ar__surface_002	th_cambodian_border_crisis_myanmar_earthquake__key_figure__004__target__th_cambodian_border_crisis_myanmar_earthquake_target_th_cambodian_border_crisis_person_4__en__surface_002	th_cambodian_border_crisis_myanmar_earthquake	th_cambodian_border_crisis_myanmar_earthquake__key_figure__004	target	surface	key_figure	True	ok	none	5	5	5	5	Perfectly accurate and natural translation.	The signing ceremony of the Kuala Lumpur Peace Accord was witnessed by which American president?	Donald Trump	أي رئيس أمريكي شهد حفل توقيع اتفاق كوالالمبور للسلام؟	دونالد ترامب	Which American president witnessed the signing ceremony of the Kuala Lumpur Peace Agreement?	Donald Trump
ar	ar:042:ar_haniyeh_assassination_masoud_pezeshkian__associated_country__003__target__ar_haniyeh_assassination_masoud_pezeshkian_target_11__ar__surface_003	ar_haniyeh_assassination_masoud_pezeshkian__associated_country__003__target__ar_haniyeh_assassination_masoud_pezeshkian_target_11__ar__surface_003	ar_haniyeh_assassination_masoud_pezeshkian__associated_country__003__target__ar_haniyeh_assassination_masoud_pezeshkian_target_11__en__surface_003	ar_haniyeh_assassination_masoud_pezeshkian	ar_haniyeh_assassination_masoud_pezeshkian__associated_country__003	target	surface	associated_country	True	ok	none	5	5	5	5	Accurate and fluent translation.	To what country did Ismail Haniyeh relocate after moving out of Gaza in 2019?	Qatar	إلى أي بلد انتقل إسماعيل هنية بعد مغادرته غزة في عام 2019؟	قطر	To which country did Ismail Haniyeh move after leaving Gaza in 2019?	Qatar
ar	ar:043:de_munich_car_attack_federal_election__involved_person__012__neighbor__de_munich_car_attack_federal_election_neighbor_neighbor_involved_person_5__ar__core	de_munich_car_attack_federal_election__involved_person__012__neighbor__de_munich_car_attack_federal_election_neighbor_neighbor_involved_person_5__ar__core	de_munich_car_attack_federal_election__involved_person__012__neighbor__de_munich_car_attack_federal_election_neighbor_neighbor_involved_person_5__en__core	de_munich_car_attack_federal_election	de_munich_car_attack_federal_election__involved_person__012	neighbor	core	involved_person	True	ok	none	5	5	5	5	Accurate translation and correct transliteration of the name.	Who was involved in the 2025 German federal election?	Alice Weidel	من شارك في الانتخابات الاتحادية الألمانية لعام 2025؟	أليس فايدل	Who participated in the 2025 German federal elections?	Alice Weidel
ar	ar:044:de_munich_car_attack_federal_election__involved_person__010__neighbor__de_munich_car_attack_federal_election_neighbor_neighbor_involved_person_3__ar__surface_002	de_munich_car_attack_federal_election__involved_person__010__neighbor__de_munich_car_attack_federal_election_neighbor_neighbor_involved_person_3__ar__surface_002	de_munich_car_attack_federal_election__involved_person__010__neighbor__de_munich_car_attack_federal_election_neighbor_neighbor_involved_person_3__en__surface_002	de_munich_car_attack_federal_election	de_munich_car_attack_federal_election__involved_person__010	neighbor	surface	involved_person	True	ok	none	5	5	5	5	Accurate and fluent.	Name a person who participated in the 2025 German federal election.	Christian Lindner	اذكر اسم شخص شارك في الانتخابات الاتحادية الألمانية لعام 2025.	كريستيان ليندنر	Name a person who participated in the 2025 German federal election.	Christian Lindner
ar	ar:045:en_tesla_vandalism_doge__key_person__006__neighbor__en_tesla_vandalism_doge_neighbor_neighbor_key_person_4__ar__core	en_tesla_vandalism_doge__key_person__006__neighbor__en_tesla_vandalism_doge_neighbor_neighbor_key_person_4__ar__core	en_tesla_vandalism_doge__key_person__006__neighbor__en_tesla_vandalism_doge_neighbor_neighbor_key_person_4__en__core	en_tesla_vandalism_doge	en_tesla_vandalism_doge__key_person__006	neighbor	core	key_person	True	ok	none	5	5	5	5	High quality translation, correctly transliterating the name and translating the entity.	Who did Trump nominate to lead the Office of Management and Budget?	Russell Vought	من رشح ترامب لقيادة مكتب الإدارة والميزانية؟	راسل فوت	Who did Trump nominate to lead the Office of Management and Budget?	Russell Vought
ar	ar:046:ar_syrian_offensives_transitional_government__leadership_role__007__target__ar_syrian_offensives_transitional_government_target_target_leadership_3__ar__surface_003	ar_syrian_offensives_transitional_government__leadership_role__007__target__ar_syrian_offensives_transitional_government_target_target_leadership_3__ar__surface_003	ar_syrian_offensives_transitional_government__leadership_role__007__target__ar_syrian_offensives_transitional_government_target_target_leadership_3__en__surface_003	ar_syrian_offensives_transitional_government	ar_syrian_offensives_transitional_government__leadership_role__007	target	surface	leadership_role	True	ok	none	5	5	5	5	Very accurate and natural phrasing in Arabic.	Name the individual who fled the Syrian capital and was given refuge by Russia during the 2024 offensives.	Bashar al-Assad	اذكر اسم الشخص الذي فر من العاصمة السورية ومنحته روسيا ملاذاً خلال هجمات عام 2024.	بشار الأسد	Name the person who fled the Syrian capital and was granted refuge by Russia during the 2024 attacks.	Bashar al-Assad
ar	ar:047:es_venezuela_protests_presidential_election__involved_person__012__neighbor__es_venezuela_protests_presidential_election_neighbor_neighbor_involved_person_4__ar__surface_002	es_venezuela_protests_presidential_election__involved_person__012__neighbor__es_venezuela_protests_presidential_election_neighbor_neighbor_involved_person_4__ar__surface_002	es_venezuela_protests_presidential_election__involved_person__012__neighbor__es_venezuela_protests_presidential_election_neighbor_neighbor_involved_person_4__en__surface_002	es_venezuela_protests_presidential_election	es_venezuela_protests_presidential_election__involved_person__012	neighbor	surface	involved_person	True	ok	none	5	5	5	5	Accurate and fluent translation.	Name a key person associated with the 2024 Venezuelan presidential election.	Elvis Amoroso	اذكر شخصية رئيسية مرتبطة بالانتخابات الرئاسية الفنزويلية لعام 2024.	إلفيس أموروسو	Name a key figure associated with the 2024 Venezuelan presidential election.	Elvis Amoroso
ar	ar:048:th_political_crisis_same_sex_marriage__key_figure__009__neighbor__th_political_crisis_same_sex_marriage_neighbor_th_same_sex_marriage_key_figure_6__ar__surface_003	th_political_crisis_same_sex_marriage__key_figure__009__neighbor__th_political_crisis_same_sex_marriage_neighbor_th_same_sex_marriage_key_figure_6__ar__surface_003	th_political_crisis_same_sex_marriage__key_figure__009__neighbor__th_political_crisis_same_sex_marriage_neighbor_th_same_sex_marriage_key_figure_6__en__surface_003	th_political_crisis_same_sex_marriage	th_political_crisis_same_sex_marriage__key_figure__009	neighbor	surface	key_figure	True	ok	none	5	5	5	5	Well translated; restructuring the passive voice into a more natural active formulation works perfectly.	The organization of a mass wedding ceremony by Bangkok Pride was announced by which leader?	Ann Chumaporn	من هو القائد الذي أعلن عن تنظيم بانكوك برايد لحفل زفاف جماعي؟	آن تشومابورن	Who is the leader who announced Bangkok Pride's organization of a mass wedding?	Ann Chumaporn
ar	ar:049:ar_lebanon_device_attacks_hq_strike__location_of_event__009__target__ar_lebanon_device_attacks_hq_strike_target_location_1__ar__surface_001	ar_lebanon_device_attacks_hq_strike__location_of_event__009__target__ar_lebanon_device_attacks_hq_strike_target_location_1__ar__surface_001	ar_lebanon_device_attacks_hq_strike__location_of_event__009__target__ar_lebanon_device_attacks_hq_strike_target_location_1__en__surface_001	ar_lebanon_device_attacks_hq_strike	ar_lebanon_device_attacks_hq_strike__location_of_event__009	target	surface	location_of_event	True	ok	none	5	5	5	5	Accurate and grammatically sound.	In which country did the simultaneous electronic device explosions of 2024 happen?	Lebanon	في أي بلد وقعت انفجارات الأجهزة الإلكترونية المتزامنة لعام 2024؟	لبنان	In which country did the simultaneous electronic device explosions of 2024 occur?	Lebanon
ar	ar:050:es_catatumbo_clashes_ecuador_election__location__004__target__es_catatumbo_clashes_ecuador_election_target_target_location_5__ar__core	es_catatumbo_clashes_ecuador_election__location__004__target__es_catatumbo_clashes_ecuador_election_target_target_location_5__ar__core	es_catatumbo_clashes_ecuador_election__location__004__target__es_catatumbo_clashes_ecuador_election_target_target_location_5__en__core	es_catatumbo_clashes_ecuador_election	es_catatumbo_clashes_ecuador_election__location__004	target	core	location	True	ok	none	5	5	5	5	Excellent translation.	To which city did thousands of people displaced by the 2025 Catatumbo clashes flee?	Cúcuta	إلى أي مدينة فر آلاف الأشخاص النازحين بسبب اشتباكات كاتاتومبو عام 2025؟	كوكوتا	To which city did thousands of people displaced by the 2025 Catatumbo clashes flee?	Cucuta
ar	ar:051:th_audit_office_bangkok_road_collapse__damaged_or_affected_entities__014__target__th_audit_office_bangkok_road_collapse_target_target_damaged_or_affected_entities_2__ar__surface_002	th_audit_office_bangkok_road_collapse__damaged_or_affected_entities__014__target__th_audit_office_bangkok_road_collapse_target_target_damaged_or_affected_entities_2__ar__surface_002	th_audit_office_bangkok_road_collapse__damaged_or_affected_entities__014__target__th_audit_office_bangkok_road_collapse_target_target_damaged_or_affected_entities_2__en__surface_002	th_audit_office_bangkok_road_collapse	th_audit_office_bangkok_road_collapse__damaged_or_affected_entities__014	target	surface	damaged_or_affected_entities	True	ok	none	5	5	5	5	Accurate and natural translation.	What was damaged in the Amata City Chonburi Industrial Estate due to the same steel supplier associated with the Thailand State Audit Office building collapse?	factory building	ما الذي تضرر في منطقة أماتا سيتي تشونبوري الصناعية بسبب نفس مورد الصلب المرتبط بانهيار مبنى مكتب تدقيق الدولة في تايلاند؟	مبنى مصنع	What was damaged in the Amata City Chonburi Industrial Estate due to the same steel supplier linked to the collapse of the State Audit Office building in Thailand?	Factory building
ar	ar:052:ja_mof_protests_house_councillors__person_making_statement__007__neighbor__ja_mof_protests_house_councillors_neighbor_neighbor_person_statement_1__ar__core	ja_mof_protests_house_councillors__person_making_statement__007__neighbor__ja_mof_protests_house_councillors_neighbor_neighbor_person_statement_1__ar__core	ja_mof_protests_house_councillors__person_making_statement__007__neighbor__ja_mof_protests_house_councillors_neighbor_neighbor_person_statement_1__en__core	ja_mof_protests_house_councillors	ja_mof_protests_house_councillors__person_making_statement__007	neighbor	core	person_making_statement	True	ok	none	5	5	5	5	Accurate and fluent translation.	Who described the election situation as an emergency for the LDP?	Tarō Asō	من وصف الوضع الانتخابي بأنه حالة طوارئ بالنسبة للحزب الليبرالي الديمقراطي؟	تارو أسو	Who described the electoral situation as a state of emergency for the Liberal Democratic Party?	Taro Aso
ar	ar:053:bn_noncooperation_interim_government__key_figures__010__target__bn_noncooperation_interim_government_target_target_key_figures_3__ar__surface_003	bn_noncooperation_interim_government__key_figures__010__target__bn_noncooperation_interim_government_target_target_key_figures_3__ar__surface_003	bn_noncooperation_interim_government__key_figures__010__target__bn_noncooperation_interim_government_target_target_key_figures_3__en__surface_003	bn_noncooperation_interim_government	bn_noncooperation_interim_government__key_figures__010	target	surface	key_figures	True	ok	none	5	5	5	5	Accurate and natural translation.	Who was the person that delivered the speech at Shaheed Minar declaring the movement's exclusive demand?	Nahid Islam	من هو الشخص الذي ألقى الخطاب في شهيد مينار معلناً المطلب الوحيد للحركة؟	ناهيد إسلام	Who is the person who delivered the speech at Shaheed Minar announcing the only demand of the movement?	Nahid Islam
ar	ar:054:es_venezuela_crisis_uruguay_election__international_reaction_country__002__neighbor__es_venezuela_crisis_uruguay_election_neighbor_neighbor_intl_reaction_2__ar__surface_001	es_venezuela_crisis_uruguay_election__international_reaction_country__002__neighbor__es_venezuela_crisis_uruguay_election_neighbor_neighbor_intl_reaction_2__ar__surface_001	es_venezuela_crisis_uruguay_election__international_reaction_country__002__neighbor__es_venezuela_crisis_uruguay_election_neighbor_neighbor_intl_reaction_2__en__surface_001	es_venezuela_crisis_uruguay_election	es_venezuela_crisis_uruguay_election__international_reaction_country__002	neighbor	surface	international_reaction_country	True	ok	none	5	5	5	5	Accurate and fluent translation.	Luiz Inácio Lula da Silva congratulated Orsi on his win in the 2024 Uruguayan general election on behalf of which nation?	Brazil	نيابة عن أي دولة هنأ لويز إيناسيو لولا دا سيلفا أورسي على فوزه في الانتخابات العامة في الأوروغواي لعام 2024؟	البرازيل	On behalf of which country did Luiz Inácio Lula da Silva congratulate Orsi on his victory in the 2024 Uruguayan general election?	Brazil
ar	ar:055:ja_hyuga_nada_earthquake_expo_pavilions__infrastructure_or_building_involved__004__target__ja_hyuga_nada_earthquake_expo_pavilions_target_target_infrastructure_1__ar__surface_003	ja_hyuga_nada_earthquake_expo_pavilions__infrastructure_or_building_involved__004__target__ja_hyuga_nada_earthquake_expo_pavilions_target_target_infrastructure_1__ar__surface_003	ja_hyuga_nada_earthquake_expo_pavilions__infrastructure_or_building_involved__004__target__ja_hyuga_nada_earthquake_expo_pavilions_target_target_infrastructure_1__en__surface_003	ja_hyuga_nada_earthquake_expo_pavilions	ja_hyuga_nada_earthquake_expo_pavilions__infrastructure_or_building_involved__004	target	surface	infrastructure_or_building_involved	True	ok	none	5	5	5	5	Accurate and natural translation.	Name the airport that was slightly damaged by the 2024 Hyūga-nada earthquake.	Miyazaki Airport	اذكر اسم المطار الذي تضرر بشكل طفيف بسبب زلزال هيوغا-نادا عام 2024.	مطار ميازاكي	Name the airport that was slightly damaged by the 2024 Hyuga-nada earthquake.	Miyazaki Airport
ar	ar:056:en_uk_riots_southport_stabbings__involved_person_or_key_figure__015__target__en_uk_riots_southport_stabbings_target_target_person_4__ar__core	en_uk_riots_southport_stabbings__involved_person_or_key_figure__015__target__en_uk_riots_southport_stabbings_target_target_person_4__ar__core	en_uk_riots_southport_stabbings__involved_person_or_key_figure__015__target__en_uk_riots_southport_stabbings_target_target_person_4__en__core	en_uk_riots_southport_stabbings	en_uk_riots_southport_stabbings__involved_person_or_key_figure__015	target	core	involved_person_or_key_figure	True	ok	none	5	5	5	5	Accurate and precise translation.	Who was jailed for seven and a half years for instigating violence via a Telegram group during the 2024 United Kingdom riots?	Andrew McIntyre	من الذي حُكم عليه بالسجن لمدة سبع سنوات ونصف لتحريضه على العنف عبر مجموعة على تليغرام خلال أعمال الشغب في المملكة المتحدة عام 2024؟	أندرو ماكنتاير	Who was sentenced to seven and a half years in prison for inciting violence via a Telegram group during the 2024 UK riots?	Andrew McIntyre
ar	ar:057:es_venezuela_crisis_uruguay_election__international_reaction_country__002__neighbor__es_venezuela_crisis_uruguay_election_neighbor_neighbor_intl_reaction_2__ar__surface_002	es_venezuela_crisis_uruguay_election__international_reaction_country__002__neighbor__es_venezuela_crisis_uruguay_election_neighbor_neighbor_intl_reaction_2__ar__surface_002	es_venezuela_crisis_uruguay_election__international_reaction_country__002__neighbor__es_venezuela_crisis_uruguay_election_neighbor_neighbor_intl_reaction_2__en__surface_002	es_venezuela_crisis_uruguay_election	es_venezuela_crisis_uruguay_election__international_reaction_country__002	neighbor	surface	international_reaction_country	True	ok	none	5	5	5	5	Accurate and natural translation.	Which country is led by President Luiz Inácio Lula da Silva, who extended congratulations to Orsi following the 2024 Uruguayan general election?	Brazil	ما هي الدولة التي يقودها الرئيس لويس إيناسيو لولا دا سيلفا، الذي قدم التهاني لأورسي عقب الانتخابات العامة في أوروغواي لعام 2024؟	البرازيل	What is the country led by President Luiz Inácio Lula da Silva, who offered congratulations to Orsi following the 2024 general elections in Uruguay?	Brazil
ar	ar:058:sw_kenyan_protests_albert_ojwang__entity_making_statement__013__neighbor__sw_kenyan_protests_albert_ojwang_neighbor_neighbor_entity_making_statement_1__ar__surface_001	sw_kenyan_protests_albert_ojwang__entity_making_statement__013__neighbor__sw_kenyan_protests_albert_ojwang_neighbor_neighbor_entity_making_statement_1__ar__surface_001	sw_kenyan_protests_albert_ojwang__entity_making_statement__013__neighbor__sw_kenyan_protests_albert_ojwang_neighbor_neighbor_entity_making_statement_1__en__surface_001	sw_kenyan_protests_albert_ojwang	sw_kenyan_protests_albert_ojwang__entity_making_statement__013	neighbor	surface	entity_making_statement	True	ok	none	5	5	5	5	Accurate and natural translation, appropriately clarifying 'Daily Nation' as a newspaper.	Which individual stated in the Daily Nation that the state killed Ojwang?	Justin Muturi	من هو الشخص الذي صرح في صحيفة ديلي نيشن بأن الدولة قتلت أوجوانج؟	جاستن موتوري	Who is the person who stated in the Daily Nation newspaper that the state killed Ojwang?	Justin Muturi
ar	ar:059:zh_zhuhai_car_attack_wuxi_stabbing__incident_timeline__008__target__zh_zhuhai_car_attack_wuxi_stabbing_target_zhuhai_time_1__ar__surface_003	zh_zhuhai_car_attack_wuxi_stabbing__incident_timeline__008__target__zh_zhuhai_car_attack_wuxi_stabbing_target_zhuhai_time_1__ar__surface_003	zh_zhuhai_car_attack_wuxi_stabbing__incident_timeline__008__target__zh_zhuhai_car_attack_wuxi_stabbing_target_zhuhai_time_1__en__surface_003	zh_zhuhai_car_attack_wuxi_stabbing	zh_zhuhai_car_attack_wuxi_stabbing__incident_timeline__008	target	surface	incident_timeline	True	ok	none	5	5	5	5	Perfect adaptation; using 'ramming attack' appropriately translates the event context to Arabic.	At what hour and minute did the 2024 Zhuhai car attack commence?	19:48	في أي ساعة ودقيقة بدأ هجوم الدهس في تشوهاي عام 2024؟	19:48	At what hour and minute did the Zhuhai ramming attack in 2024 begin?	19:48
ar	ar:060:ar_syrian_offensives_transitional_government__key_event_date__013__neighbor__ar_syrian_offensives_transitional_government_neighbor_neighbor_date_1__ar__surface_002	ar_syrian_offensives_transitional_government__key_event_date__013__neighbor__ar_syrian_offensives_transitional_government_neighbor_neighbor_date_1__ar__surface_002	ar_syrian_offensives_transitional_government__key_event_date__013__neighbor__ar_syrian_offensives_transitional_government_neighbor_neighbor_date_1__en__surface_002	ar_syrian_offensives_transitional_government	ar_syrian_offensives_transitional_government__key_event_date__013	neighbor	surface	key_event_date	True	ok	none	5	5	5	5	Accurate and fluent translation.	What is the founding date of the Syrian transitional government?	29 March 2025	ما هو تاريخ تأسيس الحكومة الانتقالية السورية؟	29 مارس 2025	What is the establishment date of the Syrian Transitional Government?	March 29, 2025
ar	ar:061:en_tesla_vandalism_doge__key_person__006__target__en_tesla_vandalism_doge_target_target_key_person_3__ar__core	en_tesla_vandalism_doge__key_person__006__target__en_tesla_vandalism_doge_target_target_key_person_3__ar__core	en_tesla_vandalism_doge__key_person__006__target__en_tesla_vandalism_doge_target_target_key_person_3__en__core	en_tesla_vandalism_doge	en_tesla_vandalism_doge__key_person__006	target	core	key_person	True	ok	none	5	5	5	5	Accurate and natural translation.	Who said that those vandalizing Tesla cars should stop being psycho?	Elon Musk	من قال إن أولئك الذين يخربون سيارات تسلا يجب أن يتوقفوا عن التصرف كمرضى نفسيين؟	إيلون ماسك	Who said that those who vandalize Tesla cars should stop acting like psychopaths?	Elon Musk
ar	ar:062:es_venezuela_protests_presidential_election__event_location__007__neighbor__es_venezuela_protests_presidential_election_neighbor_neighbor_event_location_4__ar__surface_001	es_venezuela_protests_presidential_election__event_location__007__neighbor__es_venezuela_protests_presidential_election_neighbor_neighbor_event_location_4__ar__surface_001	es_venezuela_protests_presidential_election__event_location__007__neighbor__es_venezuela_protests_presidential_election_neighbor_neighbor_event_location_4__en__surface_001	es_venezuela_protests_presidential_election	es_venezuela_protests_presidential_election__event_location__007	neighbor	surface	event_location	True	ok	none	5	5	5	5	Accurate and natural translation.	Where was a campaign rally prevented from happening during the 2024 Venezuelan presidential election?	Petare	أين تم منع إقامة تجمع انتخابي خلال الانتخابات الرئاسية الفنزويلية 2024؟	بيتاري	Where was an election rally prevented from being held during the 2024 Venezuelan presidential election?	Petare
ar	ar:063:de_solingen_stabbing_magdeburg_attack__politician_responding__006__target__de_solingen_stabbing_magdeburg_attack_target_de_solingen_stabbing_politician_2__ar__surface_001	de_solingen_stabbing_magdeburg_attack__politician_responding__006__target__de_solingen_stabbing_magdeburg_attack_target_de_solingen_stabbing_politician_2__ar__surface_001	de_solingen_stabbing_magdeburg_attack__politician_responding__006__target__de_solingen_stabbing_magdeburg_attack_target_de_solingen_stabbing_politician_2__en__surface_001	de_solingen_stabbing_magdeburg_attack	de_solingen_stabbing_magdeburg_attack__politician_responding__006	target	surface	politician_responding	True	ok	none	5	5	5	5	Accurate and natural translation.	Who was the Federal Minister of the Interior that went to the site of the 2024 Solingen stabbing?	Nancy Faeser	من هي وزيرة الداخلية الاتحادية التي ذهبت إلى موقع حادثة الطعن في زولينغن عام 2024؟	نانسي فيزر	Who is the Federal Minister of the Interior who went to the site of the stabbing incident in Solingen in 2024?	Nancy Faeser
ar	ar:064:de_aschaffenburg_stabbing_merz_cabinet__participant__010__target__de_aschaffenburg_stabbing_merz_cabinet_target_target_participant_3__ar__surface_003	de_aschaffenburg_stabbing_merz_cabinet__participant__010__target__de_aschaffenburg_stabbing_merz_cabinet_target_target_participant_3__ar__surface_003	de_aschaffenburg_stabbing_merz_cabinet__participant__010__target__de_aschaffenburg_stabbing_merz_cabinet_target_target_participant_3__en__surface_003	de_aschaffenburg_stabbing_merz_cabinet	de_aschaffenburg_stabbing_merz_cabinet__participant__010	target	surface	participant	True	minor	overliteral	5	5	4	5	The translation is over-literal in preserving the English passive voice ('بواسطة أي قاضٍ رئيسي تم التأكيد'), but it is fully understandable.	The emphasis that Omarzai would likely not be released during the 2025 Aschaffenburg stabbing proceedings was made by which presiding judge?	Karsten Krebs	بواسطة أي قاضٍ رئيسي تم التأكيد على أنه من المحتمل ألا يتم إطلاق سراح عمرزاي خلال إجراءات قضية الطعن في أشافنبورغ عام 2025؟	كارستن كريبس	By which presiding judge was it confirmed that Omerzai would likely not be released during the 2025 Aschaffenburg stabbing case proceedings?	Carsten Krebs
ar	ar:065:bn_noncooperation_interim_government__key_figures__008__neighbor__bn_noncooperation_interim_government_neighbor_neighbor_key_figures_1__ar__surface_001	bn_noncooperation_interim_government__key_figures__008__neighbor__bn_noncooperation_interim_government_neighbor_neighbor_key_figures_1__ar__surface_001	bn_noncooperation_interim_government__key_figures__008__neighbor__bn_noncooperation_interim_government_neighbor_neighbor_key_figures_1__en__surface_001	bn_noncooperation_interim_government	bn_noncooperation_interim_government__key_figures__008	neighbor	surface	key_figures	True	ok	none	5	5	5	5	Accurate and natural translation.	Which key figure took the oath to become the Chief Adviser of Bangladesh?	Muhammad Yunus	أي شخصية رئيسية أدت اليمين لتصبح كبير مستشاري بنغلاديش؟	محمد يونس	Which key figure was sworn in to become the Chief Adviser of Bangladesh?	Muhammad Yunus
ar	ar:066:de_aschaffenburg_stabbing_merz_cabinet__participant__010__neighbor__de_aschaffenburg_stabbing_merz_cabinet_neighbor_neighbor_participant_3__ar__surface_001	de_aschaffenburg_stabbing_merz_cabinet__participant__010__neighbor__de_aschaffenburg_stabbing_merz_cabinet_neighbor_neighbor_participant_3__ar__surface_001	de_aschaffenburg_stabbing_merz_cabinet__participant__010__neighbor__de_aschaffenburg_stabbing_merz_cabinet_neighbor_neighbor_participant_3__en__surface_001	de_aschaffenburg_stabbing_merz_cabinet	de_aschaffenburg_stabbing_merz_cabinet__participant__010	neighbor	surface	participant	True	ok	none	5	5	5	5	Accurate and natural translation.	Which person headed Germany's fourth cabinet serving from 2018 to 2021?	Angela Merkel	من هو الشخص الذي ترأس مجلس الوزراء الألماني الرابع الذي خدم من عام 2018 إلى 2021؟	أنجيلا ميركل	Who is the person who headed the fourth German cabinet that served from 2018 to 2021?	Angela Merkel
ar	ar:067:sw_tanzania_protests_general_election__event_location__003__neighbor__sw_tanzania_protests_general_election_neighbor_neighbor_loc_3__ar__core	sw_tanzania_protests_general_election__event_location__003__neighbor__sw_tanzania_protests_general_election_neighbor_neighbor_loc_3__ar__core	sw_tanzania_protests_general_election__event_location__003__neighbor__sw_tanzania_protests_general_election_neighbor_neighbor_loc_3__en__core	sw_tanzania_protests_general_election	sw_tanzania_protests_general_election__event_location__003	neighbor	core	event_location	True	ok	none	5	5	5	5	Accurate and natural translation.	Where did unrest occur on election day during the 2025 Tanzanian general election?	Tunduma	أين وقعت الاضطرابات في يوم الانتخابات خلال الانتخابات العامة التنزانية لعام 2025؟	توندوما	Where did the unrest occur on election day during the 2025 Tanzanian general election?	Tunduma
ar	ar:068:ja_hyuga_nada_earthquake_expo_pavilions__affected_or_involved_region__007__neighbor__ja_hyuga_nada_earthquake_expo_pavilions_neighbor_neighbor_affected_region_3__ar__core	ja_hyuga_nada_earthquake_expo_pavilions__affected_or_involved_region__007__neighbor__ja_hyuga_nada_earthquake_expo_pavilions_neighbor_neighbor_affected_region_3__ar__core	ja_hyuga_nada_earthquake_expo_pavilions__affected_or_involved_region__007__neighbor__ja_hyuga_nada_earthquake_expo_pavilions_neighbor_neighbor_affected_region_3__en__core	ja_hyuga_nada_earthquake_expo_pavilions	ja_hyuga_nada_earthquake_expo_pavilions__affected_or_involved_region__007	neighbor	core	affected_or_involved_region	True	ok	none	5	5	5	5	Accurate and natural translation.	Which country withdrew its participation from Expo 2025?	Estonia	ما هي الدولة التي سحبت مشاركتها من إكسبو 2025؟	إستونيا	Which country withdrew its participation from Expo 2025?	Estonia
ar	ar:069:en_tesla_vandalism_doge__key_person__006__target__en_tesla_vandalism_doge_target_target_key_person_3__ar__surface_003	en_tesla_vandalism_doge__key_person__006__target__en_tesla_vandalism_doge_target_target_key_person_3__ar__surface_003	en_tesla_vandalism_doge__key_person__006__target__en_tesla_vandalism_doge_target_target_key_person_3__en__surface_003	en_tesla_vandalism_doge	en_tesla_vandalism_doge__key_person__006	target	surface	key_person	True	ok	none	5	5	5	5	Accurate and natural translation.	Name the person who told the vandals targeting Tesla cars to stop being psycho.	Elon Musk	اذكر اسم الشخص الذي قال للمخربين الذين يستهدفون سيارات تسلا أن يتوقفوا عن التصرف كمختلين.	إيلون ماسك	Name the person who told the vandals targeting Tesla cars to stop acting like psychopaths.	Elon Musk
ar	ar:070:en_tesla_vandalism_doge__key_person__005__neighbor__en_tesla_vandalism_doge_neighbor_neighbor_key_person_3__ar__surface_003	en_tesla_vandalism_doge__key_person__005__neighbor__en_tesla_vandalism_doge_neighbor_neighbor_key_person_3__ar__surface_003	en_tesla_vandalism_doge__key_person__005__neighbor__en_tesla_vandalism_doge_neighbor_neighbor_key_person_3__en__surface_003	en_tesla_vandalism_doge	en_tesla_vandalism_doge__key_person__005	neighbor	surface	key_person	True	minor	overliteral	5	5	4	5	The translation is over-literal in preserving the English passive voice ('بواسطة أي مدير... تم طلب'), but remains clear and accurate.	Administrator access to notify.gov and other systems was requested by which new GSA director?	Thomas Shedd	بواسطة أي مدير جديد لـ GSA تم طلب صلاحيات المسؤول للوصول إلى notify.gov وأنظمة أخرى؟	توماس شيد	By which new GSA director were administrator privileges requested to access notify.gov and other systems?	Thomas Scheid
ar	ar:071:fr_pelicot_case_gisele_pelicot__significant_location__010__neighbor__fr_pelicot_case_gisele_pelicot_neighbor_neighbor_significant_location_4__ar__core	fr_pelicot_case_gisele_pelicot__significant_location__010__neighbor__fr_pelicot_case_gisele_pelicot_neighbor_neighbor_significant_location_4__ar__core	fr_pelicot_case_gisele_pelicot__significant_location__010__neighbor__fr_pelicot_case_gisele_pelicot_neighbor_neighbor_significant_location_4__en__core	fr_pelicot_case_gisele_pelicot	fr_pelicot_case_gisele_pelicot__significant_location__010	neighbor	core	significant_location	True	ok	none	5	5	5	5	Accurate and natural translation.	Where was the Pelicot couple living when the first recorded assault took place?	Villiers-sur-Marne	أين كان يعيش الزوجان بيليكو عندما وقع أول اعتداء مسجل؟	فيلييه سور مارن	Where were the Pelicot couple living when the first recorded assault occurred?	Villiers-sur-Marne
ar	ar:072:fr_imane_khelif_olympic_boxing__event_year__004__target__fr_imane_khelif_olympic_boxing_target_11__ar__core	fr_imane_khelif_olympic_boxing__event_year__004__target__fr_imane_khelif_olympic_boxing_target_11__ar__core	fr_imane_khelif_olympic_boxing__event_year__004__target__fr_imane_khelif_olympic_boxing_target_11__en__core	fr_imane_khelif_olympic_boxing	fr_imane_khelif_olympic_boxing__event_year__004	target	core	event_year	True	ok	none	5	5	5	5	Accurate and natural translation.	In what year did Imane Khelif compete at the AIBA Women's World Boxing Championships?	2018	في أي عام شاركت إيمان خليف في بطولة العالم للملاكمة للسيدات (AIBA)؟	2018	In which year did Imane Khelif participate in the AIBA Women's World Boxing Championships?	2018
ar	ar:073:en_uk_riots_southport_stabbings__involved_person_or_key_figure__014__target__en_uk_riots_southport_stabbings_target_target_person_3__ar__surface_002	en_uk_riots_southport_stabbings__involved_person_or_key_figure__014__target__en_uk_riots_southport_stabbings_target_target_person_3__ar__surface_002	en_uk_riots_southport_stabbings__involved_person_or_key_figure__014__target__en_uk_riots_southport_stabbings_target_target_person_3__en__surface_002	en_uk_riots_southport_stabbings	en_uk_riots_southport_stabbings__involved_person_or_key_figure__014	target	surface	involved_person_or_key_figure	True	ok	none	5	5	5	5	Accurate and natural translation.	Name the individual filmed stating that fascists' throats should be cut while addressing a counter-protest crowd in Walthamstow.	Ricky Jones	اذكر اسم الشخص الذي تم تصويره وهو يصرح بأنه يجب قطع حناجر الفاشيين أثناء مخاطبته حشدًا في احتجاج مضاد في والثامستو.	ريكي جونز	Name the person who was filmed stating that the throats of fascists should be cut while addressing a crowd at a counter-protest in Walthamstow.	Ricky Jones
ar	ar:074:sw_goma_offensive_drc_rwanda_peace__key_date__015__target__sw_goma_offensive_drc_rwanda_peace_target_target_card_25__ar__surface_003	sw_goma_offensive_drc_rwanda_peace__key_date__015__target__sw_goma_offensive_drc_rwanda_peace_target_target_card_25__ar__surface_003	sw_goma_offensive_drc_rwanda_peace__key_date__015__target__sw_goma_offensive_drc_rwanda_peace_target_target_card_25__en__surface_003	sw_goma_offensive_drc_rwanda_peace	sw_goma_offensive_drc_rwanda_peace__key_date__015	target	surface	key_date	True	ok	none	5	5	5	5	Accurate and highly natural translation.	During the 2025 Goma offensive, which day marked the M23 takeover of Sake?	January 23	خلال هجوم غوما عام 2025، أي يوم شهد استيلاء حركة إم 23 على ساكي؟	23 يناير	During the 2025 Goma offensive, which day witnessed the capture of Sake by the M23 movement?	January 23
ar	ar:075:de_aschaffenburg_stabbing_merz_cabinet__participant__012__target__de_aschaffenburg_stabbing_merz_cabinet_target_target_participant_5__ar__surface_003	de_aschaffenburg_stabbing_merz_cabinet__participant__012__target__de_aschaffenburg_stabbing_merz_cabinet_target_target_participant_5__ar__surface_003	de_aschaffenburg_stabbing_merz_cabinet__participant__012__target__de_aschaffenburg_stabbing_merz_cabinet_target_target_participant_5__en__surface_003	de_aschaffenburg_stabbing_merz_cabinet	de_aschaffenburg_stabbing_merz_cabinet__participant__012	target	surface	participant	True	ok	none	5	5	5	5	Accurate and natural translation.	Before the memorial service for the 2025 Aschaffenburg stabbing attack, who was the leader of the political rally?	Björn Höcke	قبل حفل التأبين لهجوم الطعن في أشافنبورغ عام 2025، من كان قائد التجمع السياسي؟	بيورن هوكه	Before the memorial service for the stabbing attack in Aschaffenburg in 2025, who was the leader of the political rally?	Björn Höcke
ar	ar:076:zh_zhuhai_car_attack_wuxi_stabbing__incident_date__012__neighbor__zh_zhuhai_car_attack_wuxi_stabbing_neighbor_wuxi_date_1__ar__surface_001	zh_zhuhai_car_attack_wuxi_stabbing__incident_date__012__neighbor__zh_zhuhai_car_attack_wuxi_stabbing_neighbor_wuxi_date_1__ar__surface_001	zh_zhuhai_car_attack_wuxi_stabbing__incident_date__012__neighbor__zh_zhuhai_car_attack_wuxi_stabbing_neighbor_wuxi_date_1__en__surface_001	zh_zhuhai_car_attack_wuxi_stabbing	zh_zhuhai_car_attack_wuxi_stabbing__incident_date__012	neighbor	surface	incident_date	True	ok	none	5	5	5	5	Accurate and natural translation.	When did the 2024 Wuxi stabbing take place?	16 November 2024	متى وقعت حادثة الطعن في ووشي عام 2024؟	16 نوفمبر 2024	When did the 2024 Wuxi stabbing incident occur?	November 16, 2024
ar	ar:077:ja_hyuga_nada_earthquake_expo_pavilions__infrastructure_or_building_involved__014__target__ja_hyuga_nada_earthquake_expo_pavilions_target_target_infrastructure_2__ar__core	ja_hyuga_nada_earthquake_expo_pavilions__infrastructure_or_building_involved__014__target__ja_hyuga_nada_earthquake_expo_pavilions_target_target_infrastructure_2__ar__core	ja_hyuga_nada_earthquake_expo_pavilions__infrastructure_or_building_involved__014__target__ja_hyuga_nada_earthquake_expo_pavilions_target_target_infrastructure_2__en__core	ja_hyuga_nada_earthquake_expo_pavilions	ja_hyuga_nada_earthquake_expo_pavilions__infrastructure_or_building_involved__014	target	core	infrastructure_or_building_involved	True	ok	none	5	5	5	5	Accurate and natural translation.	What infrastructure in Nichinan sustained damage from the 2024 Hyūga-nada earthquake?	Obi Castle Town	ما هي البنية التحتية في نيتشينان التي تضررت جراء زلزال هيوغا-نادا عام 2024؟	بلدة قلعة أوبي	What is the infrastructure in Nichinan that was damaged by the 2024 Hyuga-nada earthquake?	Obi Castle town
ar	ar:078:fr_imane_khelif_olympic_boxing__event_year__005__target__fr_imane_khelif_olympic_boxing_target_12__ar__surface_001	fr_imane_khelif_olympic_boxing__event_year__005__target__fr_imane_khelif_olympic_boxing_target_12__ar__surface_001	fr_imane_khelif_olympic_boxing__event_year__005__target__fr_imane_khelif_olympic_boxing_target_12__en__surface_001	fr_imane_khelif_olympic_boxing	fr_imane_khelif_olympic_boxing__event_year__005	target	surface	event_year	True	ok	none	5	5	5	5	Accurate and natural translation.	When did Imane Khelif participate in the AIBA Women's World Boxing Championships?	2019	متى شاركت إيمان خليف في بطولة العالم للملاكمة للسيدات التابعة لـ AIBA؟	2019	When did Imane Khelif participate in the AIBA Women's World Boxing Championships?	2019
ar	ar:079:en_tesla_vandalism_doge__public_critic__003__target__en_tesla_vandalism_doge_target_target_public_critic_2__ar__surface_001	en_tesla_vandalism_doge__public_critic__003__target__en_tesla_vandalism_doge_target_target_public_critic_2__ar__surface_001	en_tesla_vandalism_doge__public_critic__003__target__en_tesla_vandalism_doge_target_target_public_critic_2__en__surface_001	en_tesla_vandalism_doge	en_tesla_vandalism_doge__public_critic__003	target	surface	public_critic	True	ok	none	5	5	5	5	Accurate and natural translation.	"Which Attorney General called the vandalism of Teslas ""nothing short of domestic terrorism""?"	Pam Bondi	"أي مدعٍ عام وصف تخريب سيارات تسلا بأنه ""لا يقل عن إرهاب محلي""؟"	بام بوندي	"Which attorney general described the vandalism of Tesla cars as ""no less than domestic terrorism""?"	Pam Bondi
ar	ar:080:ar_haniyeh_assassination_masoud_pezeshkian__associated_country__001__target__ar_haniyeh_assassination_masoud_pezeshkian_target_9__ar__core	ar_haniyeh_assassination_masoud_pezeshkian__associated_country__001__target__ar_haniyeh_assassination_masoud_pezeshkian_target_9__ar__core	ar_haniyeh_assassination_masoud_pezeshkian__associated_country__001__target__ar_haniyeh_assassination_masoud_pezeshkian_target_9__en__core	ar_haniyeh_assassination_masoud_pezeshkian	ar_haniyeh_assassination_masoud_pezeshkian__associated_country__001	target	core	associated_country	True	ok	none	5	5	5	5	Accurate and natural translation.	In which country was Ismail Haniyeh assassinated?	Iran	في أي دولة اغتيل إسماعيل هنية؟	إيران	In which country was Ismail Haniyeh assassinated?	Iran
ar	ar:081:en_brian_thompson_killing_luigi_mangione__legal_charges__004__target__en_brian_thompson_killing_luigi_mangione_target_target_legal_charges_5__ar__core	en_brian_thompson_killing_luigi_mangione__legal_charges__004__target__en_brian_thompson_killing_luigi_mangione_target_target_legal_charges_5__ar__core	en_brian_thompson_killing_luigi_mangione__legal_charges__004__target__en_brian_thompson_killing_luigi_mangione_target_target_legal_charges_5__en__core	en_brian_thompson_killing_luigi_mangione	en_brian_thompson_killing_luigi_mangione__legal_charges__004	target	core	legal_charges	True	ok	none	5	5	5	5	Accurate and natural translation.	What crime was Luigi Mangione charged with in Blair County, Pennsylvania?	forgery	ما هي الجريمة التي اتُهم بها لويجي مانجيوني في مقاطعة بلير، بنسلفانيا؟	التزوير	What crime was Luigi Mangione charged with in Blair County, Pennsylvania?	Forgery
ar	ar:082:ja_mof_protests_house_councillors__economic_policy_mentioned__011__neighbor__ja_mof_protests_house_councillors_neighbor_neighbor_economic_policy_1__ar__core	ja_mof_protests_house_councillors__economic_policy_mentioned__011__neighbor__ja_mof_protests_house_councillors_neighbor_neighbor_economic_policy_1__ar__core	ja_mof_protests_house_councillors__economic_policy_mentioned__011__neighbor__ja_mof_protests_house_councillors_neighbor_neighbor_economic_policy_1__en__core	ja_mof_protests_house_councillors	ja_mof_protests_house_councillors__economic_policy_mentioned__011	neighbor	core	economic_policy_mentioned	True	ok	none	5	5	5	5	Excellent translation.	During the 2025 Japanese House of Councillors election, what specific tax did the ruling LDP and Komeito oppose broad cuts to?	consumption tax	خلال انتخابات مجلس المستشارين الياباني لعام 2025، ما هي الضريبة المحددة التي عارض الحزب الديمقراطي الليبرالي الحاكم وحزب كوميتو إجراء تخفيضات واسعة عليها؟	ضريبة الاستهلاك	During the 2025 Japanese House of Councillors election, what specific tax did the ruling Liberal Democratic Party and Komeito party oppose making broad cuts to?	Consumption tax
ar	ar:083:zh_shenzhen_stabbing_wuxi_stabbing__incident_locations__010__neighbor__zh_shenzhen_stabbing_wuxi_stabbing_neighbor_neighbor_loc_4__ar__surface_003	zh_shenzhen_stabbing_wuxi_stabbing__incident_locations__010__neighbor__zh_shenzhen_stabbing_wuxi_stabbing_neighbor_neighbor_loc_4__ar__surface_003	zh_shenzhen_stabbing_wuxi_stabbing__incident_locations__010__neighbor__zh_shenzhen_stabbing_wuxi_stabbing_neighbor_neighbor_loc_4__en__surface_003	zh_shenzhen_stabbing_wuxi_stabbing	zh_shenzhen_stabbing_wuxi_stabbing__incident_locations__010	neighbor	surface	incident_locations	True	ok	none	5	5	5	5	Accurate and natural translation.	Following the 2024 Wuxi stabbing, which hospital were the victims transported to?	Yixing People's Hospital	بعد حادثة الطعن في ووشي عام 2024، إلى أي مستشفى تم نقل الضحايا؟	مستشفى ييشينغ الشعبي	After the 2024 Wuxi stabbing incident, to which hospital were the victims taken?	Yixing People's Hospital
ar	ar:084:ar_haniyeh_assassination_masoud_pezeshkian__associated_country__001__target__ar_haniyeh_assassination_masoud_pezeshkian_target_9__ar__surface_003	ar_haniyeh_assassination_masoud_pezeshkian__associated_country__001__target__ar_haniyeh_assassination_masoud_pezeshkian_target_9__ar__surface_003	ar_haniyeh_assassination_masoud_pezeshkian__associated_country__001__target__ar_haniyeh_assassination_masoud_pezeshkian_target_9__en__surface_003	ar_haniyeh_assassination_masoud_pezeshkian	ar_haniyeh_assassination_masoud_pezeshkian__associated_country__001	target	surface	associated_country	True	ok	none	5	5	5	5	Perfect translation.	Ismail Haniyeh was killed in what country?	Iran	في أي بلد قُتل إسماعيل هنية؟	إيران	In which country was Ismail Haniyeh killed?	Iran
ar	ar:085:th_audit_office_bangkok_road_collapse__damaged_or_affected_entities__014__neighbor__th_audit_office_bangkok_road_collapse_neighbor_neighbor_damaged_or_affected_entities_2__ar__surface_002	th_audit_office_bangkok_road_collapse__damaged_or_affected_entities__014__neighbor__th_audit_office_bangkok_road_collapse_neighbor_neighbor_damaged_or_affected_entities_2__ar__surface_002	th_audit_office_bangkok_road_collapse__damaged_or_affected_entities__014__neighbor__th_audit_office_bangkok_road_collapse_neighbor_neighbor_damaged_or_affected_entities_2__en__surface_002	th_audit_office_bangkok_road_collapse	th_audit_office_bangkok_road_collapse__damaged_or_affected_entities__014	neighbor	surface	damaged_or_affected_entities	True	ok	none	5	5	5	5	Accurate translation with natural syntax for the complex relationship.	The sinkhole in the 2025 Bangkok road collapse was caused by soil entering what nearby project?	subway tunnel	ما هو المشروع القريب الذي أدى دخول التربة إليه إلى حدوث الحفرة في انهيار طريق بانكوك عام 2025؟	نفق مترو الأنفاق	What is the nearby project where the entry of soil into it led to the occurrence of the sinkhole in the 2025 Bangkok road collapse?	Subway tunnel
ar	ar:086:sw_tanzania_protests_general_election__event_date__015__target__sw_tanzania_protests_general_election_target_target_date_3__ar__surface_002	sw_tanzania_protests_general_election__event_date__015__target__sw_tanzania_protests_general_election_target_target_date_3__ar__surface_002	sw_tanzania_protests_general_election__event_date__015__target__sw_tanzania_protests_general_election_target_target_date_3__en__surface_002	sw_tanzania_protests_general_election	sw_tanzania_protests_general_election__event_date__015	target	surface	event_date	True	ok	none	5	5	5	5	Expanding the ACHPR acronym into its full Arabic name was a good choice for clarity. Excellent translation.	Which day saw the ACHPR respond to the reports of casualties associated with the 2025 Tanzanian election protests?	1 November	في أي يوم استجابت اللجنة الأفريقية لحقوق الإنسان والشعوب لتقارير الضحايا المرتبطة باحتجاجات الانتخابات التنزانية لعام 2025؟	1 نوفمبر	On what day did the African Commission on Human and Peoples' Rights respond to reports of casualties related to the 2025 Tanzanian election protests?	November 1
ar	ar:087:fr_olympics_opening_closing_ceremony__dignitary_present__009__neighbor__fr_olympics_opening_closing_ceremony_neighbor_neighbor_dignitary_present_2__ar__core	fr_olympics_opening_closing_ceremony__dignitary_present__009__neighbor__fr_olympics_opening_closing_ceremony_neighbor_neighbor_dignitary_present_2__ar__core	fr_olympics_opening_closing_ceremony__dignitary_present__009__neighbor__fr_olympics_opening_closing_ceremony_neighbor_neighbor_dignitary_present_2__en__core	fr_olympics_opening_closing_ceremony	fr_olympics_opening_closing_ceremony__dignitary_present__009	neighbor	core	dignitary_present	True	ok	none	5	5	5	5	Accurate and natural.	Which COJOP2024 president gave a speech during the 2024 Summer Olympics closing ceremony?	Tony Estanguet	من هو رئيس COJOP2024 الذي ألقى خطابًا خلال الحفل الختامي لدورة الألعاب الأولمبية الصيفية 2024؟	توني إستانغيه	Who is the president of COJOP2024 who gave a speech during the closing ceremony of the 2024 Summer Olympics?	Tony Estanguet
ar	ar:088:ar_lebanon_device_attacks_hq_strike__reaction_by_country_or_org__006__neighbor__ar_lebanon_device_attacks_hq_strike_neighbor_reaction_5__ar__surface_003	ar_lebanon_device_attacks_hq_strike__reaction_by_country_or_org__006__neighbor__ar_lebanon_device_attacks_hq_strike_neighbor_reaction_5__ar__surface_003	ar_lebanon_device_attacks_hq_strike__reaction_by_country_or_org__006__neighbor__ar_lebanon_device_attacks_hq_strike_neighbor_reaction_5__en__surface_003	ar_lebanon_device_attacks_hq_strike	ar_lebanon_device_attacks_hq_strike__reaction_by_country_or_org__006	neighbor	surface	reaction_by_country_or_org	True	ok	none	5	5	5	5	Accurate and fluent.	Which state responded to the 2024 Hezbollah headquarters strike by instituting a three-day mourning period?	Iraq	ما هي الدولة التي ردت على ضربة مقر حزب الله عام 2024 بإعلان فترة حداد لمدة ثلاثة أيام؟	العراق	Which country responded to the 2024 Hezbollah headquarters strike by declaring a three-day mourning period?	Iraq
ar	ar:089:zh_night_ride_kaifeng_henan_cuisine__involves_demographic__012__neighbor__zh_night_ride_kaifeng_henan_cuisine_neighbor_19__ar__core	zh_night_ride_kaifeng_henan_cuisine__involves_demographic__012__neighbor__zh_night_ride_kaifeng_henan_cuisine_neighbor_19__ar__core	zh_night_ride_kaifeng_henan_cuisine__involves_demographic__012__neighbor__zh_night_ride_kaifeng_henan_cuisine_neighbor_19__en__core	zh_night_ride_kaifeng_henan_cuisine	zh_night_ride_kaifeng_henan_cuisine__involves_demographic__012	neighbor	core	involves_demographic	True	ok	none	5	5	5	5	Accurate and clear translation.	Among which demographic group has there been disagreement regarding the original style of Henan cuisine?	Han Chinese	بين أي مجموعة ديموغرافية كان هناك خلاف بشأن الأسلوب الأصلي لمطبخ خنان؟	صينيو الهان	Among which demographic group was there a disagreement regarding the original style of Henan cuisine?	Han Chinese
ar	ar:090:de_solingen_stabbing_magdeburg_attack__perpetrator_background_trait__001__neighbor__de_solingen_stabbing_magdeburg_attack_neighbor_de_magdeburg_attack_trait_2__ar__surface_003	de_solingen_stabbing_magdeburg_attack__perpetrator_background_trait__001__neighbor__de_solingen_stabbing_magdeburg_attack_neighbor_de_magdeburg_attack_trait_2__ar__surface_003	de_solingen_stabbing_magdeburg_attack__perpetrator_background_trait__001__neighbor__de_solingen_stabbing_magdeburg_attack_neighbor_de_magdeburg_attack_trait_2__en__surface_003	de_solingen_stabbing_magdeburg_attack	de_solingen_stabbing_magdeburg_attack__perpetrator_background_trait__001	neighbor	surface	perpetrator_background_trait	True	ok	none	5	5	5	5	Accurate and faithful translation.	What specific anti-religious sentiment was the 2024 Magdeburg car attack suspect described as having?	Islamophobe	ما هي المشاعر المعادية للدين المحددة التي وُصف المشتبه به في هجوم ماغديبورغ بالسيارة عام 2024 بامتلاكها؟	معاد للإسلام	What specific anti-religious sentiments was the suspect in the 2024 Magdeburg car attack described as having?	Anti-Islamic
ar	ar:091:fr_pelicot_case_gisele_pelicot__significant_location__012__target__fr_pelicot_case_gisele_pelicot_target_target_significant_location_5__ar__core	fr_pelicot_case_gisele_pelicot__significant_location__012__target__fr_pelicot_case_gisele_pelicot_target_target_significant_location_5__ar__core	fr_pelicot_case_gisele_pelicot__significant_location__012__target__fr_pelicot_case_gisele_pelicot_target_target_significant_location_5__en__core	fr_pelicot_case_gisele_pelicot	fr_pelicot_case_gisele_pelicot__significant_location__012	target	core	significant_location	True	ok	none	5	5	5	5	Accurate and fluent translation.	In which city was the Court of Appeal located that rejected the indictment appeal in the Pelicot rape case?	Nîmes	في أي مدينة تقع محكمة الاستئناف التي رفضت استئناف لائحة الاتهام في قضية اغتصاب بيليكو؟	نيم	In which city is the Court of Appeal that rejected the indictment appeal in the Pelicot rape case located?	Nîmes
ar	ar:092:zh_zhuhai_car_attack_wuxi_stabbing__aftermath_response__015__target__zh_zhuhai_car_attack_wuxi_stabbing_target_zhuhai_aft_1__ar__core	zh_zhuhai_car_attack_wuxi_stabbing__aftermath_response__015__target__zh_zhuhai_car_attack_wuxi_stabbing_target_zhuhai_aft_1__ar__core	zh_zhuhai_car_attack_wuxi_stabbing__aftermath_response__015__target__zh_zhuhai_car_attack_wuxi_stabbing_target_zhuhai_aft_1__en__core	zh_zhuhai_car_attack_wuxi_stabbing	zh_zhuhai_car_attack_wuxi_stabbing__aftermath_response__015	target	core	aftermath_response	True	ok	none	5	5	5	5	Accurate and fluent translation.	What did many local residents do at hospitals and blood banks following the 2024 Zhuhai car attack?	donate blood	ماذا فعل العديد من السكان المحليين في المستشفيات وبنوك الدم بعد هجوم الدهس في تشوهاي عام 2024؟	التبرع بالدم	What did many local residents do at hospitals and blood banks after the 2024 Zhuhai ramming attack?	Donate blood
ar	ar:093:ar_lebanon_device_attacks_hq_strike__statement_by_key_figure__014__target__ar_lebanon_device_attacks_hq_strike_target_statement_2__ar__surface_003	ar_lebanon_device_attacks_hq_strike__statement_by_key_figure__014__target__ar_lebanon_device_attacks_hq_strike_target_statement_2__ar__surface_003	ar_lebanon_device_attacks_hq_strike__statement_by_key_figure__014__target__ar_lebanon_device_attacks_hq_strike_target_statement_2__en__surface_003	ar_lebanon_device_attacks_hq_strike	ar_lebanon_device_attacks_hq_strike__statement_by_key_figure__014	target	surface	statement_by_key_figure	True	ok	none	5	5	5	5	Accurate and fluent translation.	Israeli responsibility for the 2024 Lebanon electronic device attacks was confirmed by whom?	Benjamin Netanyahu	من الذي أكد المسؤولية الإسرائيلية عن هجمات الأجهزة الإلكترونية في لبنان عام 2024؟	بنيامين نتنياهو	Who confirmed Israeli responsibility for the electronic device attacks in Lebanon in 2024?	Benjamin Netanyahu
ar	ar:094:zh_shenzhen_stabbing_wuxi_stabbing__aftermath_actions__012__neighbor__zh_shenzhen_stabbing_wuxi_stabbing_neighbor_neighbor_action_3__ar__core	zh_shenzhen_stabbing_wuxi_stabbing__aftermath_actions__012__neighbor__zh_shenzhen_stabbing_wuxi_stabbing_neighbor_neighbor_action_3__ar__core	zh_shenzhen_stabbing_wuxi_stabbing__aftermath_actions__012__neighbor__zh_shenzhen_stabbing_wuxi_stabbing_neighbor_neighbor_action_3__en__core	zh_shenzhen_stabbing_wuxi_stabbing	zh_shenzhen_stabbing_wuxi_stabbing__aftermath_actions__012	neighbor	core	aftermath_actions	True	ok	none	5	5	5	5	Accurate and fluent translation.	What action did Chinese authorities take regarding public discourse of the 2024 Wuxi stabbing?	censored online discussion	ما الإجراء الذي اتخذته السلطات الصينية فيما يتعلق بالنقاش العام حول حادثة الطعن في ووشي عام 2024؟	فرض الرقابة على النقاش عبر الإنترنت	What action did the Chinese authorities take regarding public discussion about the 2024 Wuxi stabbing incident?	Imposing censorship on online discussion
ar	ar:095:bn_anti_hindu_violence_national_citizen_party__associated_event__004__target__bn_anti_hindu_violence_national_citizen_party_target_target_associated_event_3__ar__surface_002	bn_anti_hindu_violence_national_citizen_party__associated_event__004__target__bn_anti_hindu_violence_national_citizen_party_target_target_associated_event_3__ar__surface_002	bn_anti_hindu_violence_national_citizen_party__associated_event__004__target__bn_anti_hindu_violence_national_citizen_party_target_target_associated_event_3__en__surface_002	bn_anti_hindu_violence_national_citizen_party	bn_anti_hindu_violence_national_citizen_party__associated_event__004	target	surface	associated_event	True	ok	none	5	5	5	5	Accurate and fluent translation.	In July 2024, the fierce anti-government non-cooperation movement evolved from what earlier campaign?	quota reform movement	في يوليو 2024، تطورت حركة عدم التعاون الشرسة المناهضة للحكومة من أي حملة سابقة؟	حركة إصلاح نظام الحصص	In July 2024, the fierce anti-government non-cooperation movement evolved from which previous campaign?	Quota system reform movement
ar	ar:096:de_solingen_stabbing_magdeburg_attack__criminal_charge__013__neighbor__de_solingen_stabbing_magdeburg_attack_neighbor_de_magdeburg_attack_charge_2__ar__surface_001	de_solingen_stabbing_magdeburg_attack__criminal_charge__013__neighbor__de_solingen_stabbing_magdeburg_attack_neighbor_de_magdeburg_attack_charge_2__ar__surface_001	de_solingen_stabbing_magdeburg_attack__criminal_charge__013__neighbor__de_solingen_stabbing_magdeburg_attack_neighbor_de_magdeburg_attack_charge_2__en__surface_001	de_solingen_stabbing_magdeburg_attack	de_solingen_stabbing_magdeburg_attack__criminal_charge__013	neighbor	surface	criminal_charge	True	ok	none	5	5	5	5	Accurate and fluent translation.	For what specific offense did the driver face 338 counts after the 2024 Magdeburg car attack?	attempted murder	ما هي الجريمة المحددة التي واجه السائق 338 تهمة بارتكابها بعد هجوم السيارة في ماغديبورغ عام 2024؟	الشروع في القتل	What is the specific crime that the driver faced 338 charges for after the 2024 Magdeburg car attack?	Attempted murder
ar	ar:097:th_audit_office_bangkok_road_collapse__event_dates__013__neighbor__th_audit_office_bangkok_road_collapse_neighbor_neighbor_event_dates_4__ar__core	th_audit_office_bangkok_road_collapse__event_dates__013__neighbor__th_audit_office_bangkok_road_collapse_neighbor_neighbor_event_dates_4__ar__core	th_audit_office_bangkok_road_collapse__event_dates__013__neighbor__th_audit_office_bangkok_road_collapse_neighbor_neighbor_event_dates_4__en__core	th_audit_office_bangkok_road_collapse	th_audit_office_bangkok_road_collapse__event_dates__013	neighbor	core	event_dates	True	ok	none	5	5	5	5	Accurate and fluent translation.	As of what date was Samsen Road reported to be indefinitely closed due to the 2025 Bangkok road collapse?	October 5	اعتبارًا من أي تاريخ تم الإبلاغ عن إغلاق طريق سامسين لأجل غير مسمى بسبب انهيار طريق بانكوك عام 2025؟	5 أكتوبر	As of what date was the indefinite closure of Samsen Road reported due to the 2025 Bangkok road collapse?	October 5
ar	ar:098:es_venezuela_crisis_uruguay_election__international_reaction_country__003__neighbor__es_venezuela_crisis_uruguay_election_neighbor_neighbor_intl_reaction_3__ar__core	es_venezuela_crisis_uruguay_election__international_reaction_country__003__neighbor__es_venezuela_crisis_uruguay_election_neighbor_neighbor_intl_reaction_3__ar__core	es_venezuela_crisis_uruguay_election__international_reaction_country__003__neighbor__es_venezuela_crisis_uruguay_election_neighbor_neighbor_intl_reaction_3__en__core	es_venezuela_crisis_uruguay_election	es_venezuela_crisis_uruguay_election__international_reaction_country__003	neighbor	core	international_reaction_country	True	ok	none	5	5	5	5	Accurate and fluent translation.	Which country's president congratulated Orsi on his victory in the 2024 Uruguayan general election?	Colombia	رئيس أي دولة هنأ أورسي بفوزه في الانتخابات العامة في الأوروغواي لعام 2024؟	كولومبيا	The president of which country congratulated Orsi on his victory in the 2024 Uruguayan general election?	Colombia
ar	ar:099:th_cambodian_border_crisis_myanmar_earthquake__key_figure__003__target__th_cambodian_border_crisis_myanmar_earthquake_target_th_cambodian_border_crisis_person_2__ar__surface_002	th_cambodian_border_crisis_myanmar_earthquake__key_figure__003__target__th_cambodian_border_crisis_myanmar_earthquake_target_th_cambodian_border_crisis_person_2__ar__surface_002	th_cambodian_border_crisis_myanmar_earthquake__key_figure__003__target__th_cambodian_border_crisis_myanmar_earthquake_target_th_cambodian_border_crisis_person_2__en__surface_002	th_cambodian_border_crisis_myanmar_earthquake	th_cambodian_border_crisis_myanmar_earthquake__key_figure__003	target	surface	key_figure	True	ok	none	5	5	5	5	Accurate and fluent translation.	Name the Thai leader who contacted Khleang Huot to arrange an informal conversation with Hun Sen.	Paetongtarn Shinawatra	اذكر اسم الزعيم التايلاندي الذي اتصل بخلينغ هوت لترتيب محادثة غير رسمية مع هون سين.	باتونغتارن شيناواترا	Name the Thai leader who contacted Khleang Huot to arrange an informal conversation with Hun Sen.	Paetongtarn Shinawatra
ar	ar:100:bn_hasina_resignation_2026_election__participant_organization__008__target__bn_hasina_resignation_2026_election_target_6__ar__surface_001	bn_hasina_resignation_2026_election__participant_organization__008__target__bn_hasina_resignation_2026_election_target_6__ar__surface_001	bn_hasina_resignation_2026_election__participant_organization__008__target__bn_hasina_resignation_2026_election_target_6__en__surface_001	bn_hasina_resignation_2026_election	bn_hasina_resignation_2026_election__participant_organization__008	target	surface	participant_organization	True	ok	none	5	5	5	5	Accurate and fluent translation.	Which political organization does Sheikh Hasina belong to?	Awami League	إلى أي منظمة سياسية تنتمي الشيخة حسينة؟	رابطة عوامي	To which political organization does Sheikh Hasina belong?	Awami League
bn	bn:001:ar_lebanon_device_attacks_hq_strike__location_of_event__010__target__ar_lebanon_device_attacks_hq_strike_target_location_2__bn__surface_001	ar_lebanon_device_attacks_hq_strike__location_of_event__010__target__ar_lebanon_device_attacks_hq_strike_target_location_2__bn__surface_001	ar_lebanon_device_attacks_hq_strike__location_of_event__010__target__ar_lebanon_device_attacks_hq_strike_target_location_2__en__surface_001	ar_lebanon_device_attacks_hq_strike	ar_lebanon_device_attacks_hq_strike__location_of_event__010	target	surface	location_of_event	True	ok	none	5	5	5	5	Accurate and natural translation.	What other nation experienced explosions as a result of the 2024 Lebanon electronic device attacks?	Syria	২০২৪ সালের লেবানন ইলেকট্রনিক ডিভাইস হামলার ফলে অন্য কোন দেশে বিস্ফোরণ ঘটেছিল?	সিরিয়া	As a result of the 2024 Lebanon electronic device attacks, in which other country did explosions occur?	Syria
bn	bn:002:en_uk_riots_southport_stabbings__criminal_charge_or_offense__005__target__en_uk_riots_southport_stabbings_target_target_charge_4__bn__surface_003	en_uk_riots_southport_stabbings__criminal_charge_or_offense__005__target__en_uk_riots_southport_stabbings_target_target_charge_4__bn__surface_003	en_uk_riots_southport_stabbings__criminal_charge_or_offense__005__target__en_uk_riots_southport_stabbings_target_target_charge_4__en__surface_003	en_uk_riots_southport_stabbings	en_uk_riots_southport_stabbings__criminal_charge_or_offense__005	target	surface	criminal_charge_or_offense	True	ok	none	5	5	5	5	Accurate and natural translation.	What specific offense resulted in prison sentences for two men after the counter-protest in Leeds city centre?	affray	লিডস সিটি সেন্টারে পাল্টা-বিক্ষোভের পর কোন নির্দিষ্ট অপরাধের কারণে দুজন ব্যক্তির কারাদণ্ড হয়েছিল?	হাঙ্গামা	For which specific offense were two individuals imprisoned after the counter-protest in Leeds City Centre?	Affray
bn	bn:003:zh_zhuhai_car_attack_wuxi_stabbing__censorship_target__013__neighbor__zh_zhuhai_car_attack_wuxi_stabbing_neighbor_wuxi_cen_1__bn__surface_003	zh_zhuhai_car_attack_wuxi_stabbing__censorship_target__013__neighbor__zh_zhuhai_car_attack_wuxi_stabbing_neighbor_wuxi_cen_1__bn__surface_003	zh_zhuhai_car_attack_wuxi_stabbing__censorship_target__013__neighbor__zh_zhuhai_car_attack_wuxi_stabbing_neighbor_wuxi_cen_1__en__surface_003	zh_zhuhai_car_attack_wuxi_stabbing	zh_zhuhai_car_attack_wuxi_stabbing__censorship_target__013	neighbor	surface	censorship_target	True	ok	none	5	5	5	5	Accurate and natural translation.	Which form of public discourse was censored by authorities in relation to the 2024 Wuxi stabbing?	online discussion	২০২৪ সালের উক্সি ছুরিকাঘাতের ঘটনার সাথে সম্পর্কিত কোন ধরনের প্রকাশ্য আলোচনা কর্তৃপক্ষ দ্বারা সেন্সর করা হয়েছিল?	অনলাইন আলোচনা	What kind of public discussion related to the 2024 Wuxi stabbing incident was censored by the authorities?	Online discussion
bn	bn:004:ja_hyuga_nada_earthquake_expo_pavilions__infrastructure_or_building_involved__015__neighbor__ja_hyuga_nada_earthquake_expo_pavilions_neighbor_neighbor_infrastructure_4__bn__surface_002	ja_hyuga_nada_earthquake_expo_pavilions__infrastructure_or_building_involved__015__neighbor__ja_hyuga_nada_earthquake_expo_pavilions_neighbor_neighbor_infrastructure_4__bn__surface_002	ja_hyuga_nada_earthquake_expo_pavilions__infrastructure_or_building_involved__015__neighbor__ja_hyuga_nada_earthquake_expo_pavilions_neighbor_neighbor_infrastructure_4__en__surface_002	ja_hyuga_nada_earthquake_expo_pavilions	ja_hyuga_nada_earthquake_expo_pavilions__infrastructure_or_building_involved__015	neighbor	surface	infrastructure_or_building_involved	True	ok	none	5	5	5	5	Accurate and natural translation.	Name the structure created by Sou Fujimoto for the 2025 Expo.	Grand Ring	২০২৫ এক্সপোর জন্য সো ফুজিমোতো দ্বারা তৈরি কাঠামোর নাম বলুন।	গ্র্যান্ড রিং	Name the structure created by Sou Fujimoto for the 2025 Expo.	Grand Ring
bn	bn:005:zh_zhuhai_car_attack_wuxi_stabbing__censorship_target__013__neighbor__zh_zhuhai_car_attack_wuxi_stabbing_neighbor_wuxi_cen_1__bn__surface_002	zh_zhuhai_car_attack_wuxi_stabbing__censorship_target__013__neighbor__zh_zhuhai_car_attack_wuxi_stabbing_neighbor_wuxi_cen_1__bn__surface_002	zh_zhuhai_car_attack_wuxi_stabbing__censorship_target__013__neighbor__zh_zhuhai_car_attack_wuxi_stabbing_neighbor_wuxi_cen_1__en__surface_002	zh_zhuhai_car_attack_wuxi_stabbing	zh_zhuhai_car_attack_wuxi_stabbing__censorship_target__013	neighbor	surface	censorship_target	True	ok	none	5	5	5	5	Accurate and natural translation.	Following the 2024 Wuxi stabbing, what specific public reaction did the Chinese government censor?	online discussion	২০২৪ সালের উক্সি ছুরিকাঘাতের ঘটনার পর, চীন সরকার কোন নির্দিষ্ট জনপ্রতিক্রিয়া সেন্সর করেছিল?	অনলাইন আলোচনা	After the 2024 Wuxi stabbing incident, which specific public reaction did the Chinese government censor?	Online discussion
bn	bn:006:en_tesla_vandalism_doge__associated_legal_issue__010__target__en_tesla_vandalism_doge_target_target_associated_legal_issue_2__bn__surface_001	en_tesla_vandalism_doge__associated_legal_issue__010__target__en_tesla_vandalism_doge_target_target_associated_legal_issue_2__bn__surface_001	en_tesla_vandalism_doge__associated_legal_issue__010__target__en_tesla_vandalism_doge_target_target_associated_legal_issue_2__en__surface_001	en_tesla_vandalism_doge	en_tesla_vandalism_doge__associated_legal_issue__010	target	surface	associated_legal_issue	True	ok	none	5	5	5	5	Accurate and natural translation.	How did the NYPD legally classify the 2025 Tesla vandalism during their investigation?	hate crime	এনওয়াইপিডি তাদের তদন্তের সময় ২০২৫ সালের টেসলা ভাঙচুরকে আইনগতভাবে কী হিসেবে শ্রেণীবদ্ধ করেছিল?	ঘৃণাজনিত অপরাধ	What did the NYPD legally classify the 2025 Tesla vandalism as during their investigation?	Hate crime
bn	bn:007:th_political_crisis_same_sex_marriage__key_figure__009__target__th_political_crisis_same_sex_marriage_target_th_political_crisis_2025_key_figure_6__bn__core	th_political_crisis_same_sex_marriage__key_figure__009__target__th_political_crisis_same_sex_marriage_target_th_political_crisis_2025_key_figure_6__bn__core	th_political_crisis_same_sex_marriage__key_figure__009__target__th_political_crisis_same_sex_marriage_target_th_political_crisis_2025_key_figure_6__en__core	th_political_crisis_same_sex_marriage	th_political_crisis_same_sex_marriage__key_figure__009	target	core	key_figure	True	minor	mistranslation	4	5	5	5	'Suspension' is translated as 'বরখাস্ত' (dismissal/removal), which misses the temporary nuance of suspension (সাময়িক বরখাস্ত), but it is still acceptable for the context.	Who assumed the role of acting Prime Minister of Thailand following the suspension of Paetongtarn Shinawatra?	Suriya Juangroongruangkit	পেতংতার্ন শিনাওয়াত্রা বরখাস্ত হওয়ার পর কে থাইল্যান্ডের ভারপ্রাপ্ত প্রধানমন্ত্রীর দায়িত্ব গ্রহণ করেন?	সুরিয়া জুয়াংরুংরুয়াংকিত	Who assumed the role of acting Prime Minister of Thailand after Paetongtarn Shinawatra was dismissed?	Suriya Juangroongruangkit
bn	bn:008:sw_kenyan_protests_albert_ojwang__involved_person__008__neighbor__sw_kenyan_protests_albert_ojwang_neighbor_neighbor_involved_person_1__bn__surface_002	sw_kenyan_protests_albert_ojwang__involved_person__008__neighbor__sw_kenyan_protests_albert_ojwang_neighbor_neighbor_involved_person_1__bn__surface_002	sw_kenyan_protests_albert_ojwang__involved_person__008__neighbor__sw_kenyan_protests_albert_ojwang_neighbor_neighbor_involved_person_1__en__surface_002	sw_kenyan_protests_albert_ojwang	sw_kenyan_protests_albert_ojwang__involved_person__008	neighbor	surface	involved_person	True	ok	none	5	5	5	5	Accurate and natural translation.	Which person is married to Albert Omondi Ojwang?	Nevnina Onyango	কোন ব্যক্তি অ্যালবার্ট ওমন্ডি ওজওয়াং-এর সাথে বিবাহিত?	নেভনিনা ওনিয়াঙ্গো	Which person is married to Albert Omondi Ojwang?	Nevnina Onyango
bn	bn:009:zh_shenzhen_stabbing_wuxi_stabbing__aftermath_actions__011__neighbor__zh_shenzhen_stabbing_wuxi_stabbing_neighbor_neighbor_action_2__bn__surface_003	zh_shenzhen_stabbing_wuxi_stabbing__aftermath_actions__011__neighbor__zh_shenzhen_stabbing_wuxi_stabbing_neighbor_neighbor_action_2__bn__surface_003	zh_shenzhen_stabbing_wuxi_stabbing__aftermath_actions__011__neighbor__zh_shenzhen_stabbing_wuxi_stabbing_neighbor_neighbor_action_2__en__surface_003	zh_shenzhen_stabbing_wuxi_stabbing	zh_shenzhen_stabbing_wuxi_stabbing__aftermath_actions__011	neighbor	surface	aftermath_actions	True	ok	none	5	5	5	5	Accurate and natural translation.	What occurred regarding the memorial flowers placed for the victims of the 2024 Wuxi stabbing?	removed by security	২০২৪ সালের উক্সি ছুরিকাঘাতের শিকারদের স্মরণে রাখা ফুলগুলোর কী হয়েছিল?	নিরাপত্তারক্ষীদের দ্বারা সরিয়ে ফেলা হয়েছিল	What happened to the flowers placed in memory of the victims of the 2024 Wuxi stabbing?	Removed by security guards
bn	bn:010:bn_anti_hindu_violence_national_citizen_party__associated_event__005__target__bn_anti_hindu_violence_national_citizen_party_target_target_associated_event_1__bn__surface_003	bn_anti_hindu_violence_national_citizen_party__associated_event__005__target__bn_anti_hindu_violence_national_citizen_party_target_target_associated_event_1__bn__surface_003	bn_anti_hindu_violence_national_citizen_party__associated_event__005__target__bn_anti_hindu_violence_national_citizen_party_target_target_associated_event_1__en__surface_003	bn_anti_hindu_violence_national_citizen_party	bn_anti_hindu_violence_national_citizen_party__associated_event__005	target	surface	associated_event	True	ok	none	5	5	5	5	Accurate and natural translation.	Name the event that ultimately caused the Awami League government to lose state power.	July Uprising	সেই ঘটনাটির নাম বলুন যার কারণে শেষ পর্যন্ত আওয়ামী লীগ সরকার রাষ্ট্রীয় ক্ষমতা হারায়।	জুলাই অভ্যুত্থান	Name the event due to which the Awami League government ultimately lost state power.	July Uprising
bn	bn:011:ar_haniyeh_assassination_masoud_pezeshkian__associated_country__014__neighbor__ar_haniyeh_assassination_masoud_pezeshkian_neighbor_14__bn__surface_003	ar_haniyeh_assassination_masoud_pezeshkian__associated_country__014__neighbor__ar_haniyeh_assassination_masoud_pezeshkian_neighbor_14__bn__surface_003	ar_haniyeh_assassination_masoud_pezeshkian__associated_country__014__neighbor__ar_haniyeh_assassination_masoud_pezeshkian_neighbor_14__en__surface_003	ar_haniyeh_assassination_masoud_pezeshkian	ar_haniyeh_assassination_masoud_pezeshkian__associated_country__014	neighbor	surface	associated_country	True	ok	none	5	5	5	5	Perfectly translated and highly natural.	Which nation experienced strengthened diplomatic ties with Masoud Pezeshkian?	Saudi Arabia	মাসুদ পেজেশকিয়ানের সাথে কোন দেশের কূটনৈতিক সম্পর্ক জোরদার হয়েছিল?	সৌদি আরব	Which country's diplomatic relations were strengthened with Masoud Pezeshkian?	Saudi Arabia
bn	bn:012:fr_pelicot_case_gisele_pelicot__family_member__015__neighbor__fr_pelicot_case_gisele_pelicot_neighbor_neighbor_family_member_3__bn__surface_003	fr_pelicot_case_gisele_pelicot__family_member__015__neighbor__fr_pelicot_case_gisele_pelicot_neighbor_neighbor_family_member_3__bn__surface_003	fr_pelicot_case_gisele_pelicot__family_member__015__neighbor__fr_pelicot_case_gisele_pelicot_neighbor_neighbor_family_member_3__en__surface_003	fr_pelicot_case_gisele_pelicot	fr_pelicot_case_gisele_pelicot__family_member__015	neighbor	surface	family_member	True	ok	none	5	5	5	5	Faithful and fluent translation.	Which male family member is the child of Gisèle Pelicot?	Florian	পরিবারের কোন পুরুষ সদস্য জিসেল পেলিকটের সন্তান?	ফ্লোরিয়ান	Which male member of the family is Gisèle Pelicot's child?	Florian
bn	bn:013:th_cambodian_border_crisis_myanmar_earthquake__affected_location__009__neighbor__th_cambodian_border_crisis_myanmar_earthquake_neighbor_myanmar_earthquake_loc_2__bn__surface_002	th_cambodian_border_crisis_myanmar_earthquake__affected_location__009__neighbor__th_cambodian_border_crisis_myanmar_earthquake_neighbor_myanmar_earthquake_loc_2__bn__surface_002	th_cambodian_border_crisis_myanmar_earthquake__affected_location__009__neighbor__th_cambodian_border_crisis_myanmar_earthquake_neighbor_myanmar_earthquake_loc_2__en__surface_002	th_cambodian_border_crisis_myanmar_earthquake	th_cambodian_border_crisis_myanmar_earthquake__affected_location__009	neighbor	surface	affected_location	True	ok	none	5	5	5	5	Accurate and natural phrasing.	Name the region in Myanmar that was hit by the earthquake in 2025.	Sagaing Region	২০২৫ সালের ভূমিকম্পে আঘাত হানা মিয়ানমারের অঞ্চলটির নাম বলুন।	সাগাইং অঞ্চল	Name the region of Myanmar struck by the 2025 earthquake.	Sagaing Region
bn	bn:014:en_uk_riots_southport_stabbings__responding_official_or_politician__010__neighbor__en_uk_riots_southport_stabbings_neighbor_neighbor_official_1__bn__core	en_uk_riots_southport_stabbings__responding_official_or_politician__010__neighbor__en_uk_riots_southport_stabbings_neighbor_neighbor_official_1__bn__core	en_uk_riots_southport_stabbings__responding_official_or_politician__010__neighbor__en_uk_riots_southport_stabbings_neighbor_neighbor_official_1__en__core	en_uk_riots_southport_stabbings	en_uk_riots_southport_stabbings__responding_official_or_politician__010	neighbor	core	responding_official_or_politician	True	ok	none	5	5	5	5	Excellent translation that effectively conveys the original meaning.	Which Prime Minister promised to overhaul terrorism laws following the Southport stabbings?	Keir Starmer	সাউথপোর্ট ছুরিকাঘাতের ঘটনার পর কোন প্রধানমন্ত্রী সন্ত্রাসবাদ আইন সংস্কার করার প্রতিশ্রুতি দিয়েছিলেন?	কিয়ার স্টারমার	Which Prime Minister promised to reform terrorism laws after the Southport stabbing incident?	Keir Starmer
bn	bn:015:sw_goma_offensive_drc_rwanda_peace__key_date__015__neighbor__sw_goma_offensive_drc_rwanda_peace_neighbor_neighbor_card_28__bn__surface_002	sw_goma_offensive_drc_rwanda_peace__key_date__015__neighbor__sw_goma_offensive_drc_rwanda_peace_neighbor_neighbor_card_28__bn__surface_002	sw_goma_offensive_drc_rwanda_peace__key_date__015__neighbor__sw_goma_offensive_drc_rwanda_peace_neighbor_neighbor_card_28__en__surface_002	sw_goma_offensive_drc_rwanda_peace	sw_goma_offensive_drc_rwanda_peace__key_date__015	neighbor	surface	key_date	True	ok	none	5	5	5	5	Well translated and natural.	What date marks the signing of the Regional Economic Integration Framework between the DRC and Rwanda?	November 7	ডিআরসি এবং রুয়ান্ডার মধ্যে আঞ্চলিক অর্থনৈতিক একীকরণ কাঠামো স্বাক্ষরের তারিখ কোনটি?	৭ নভেম্বর	What is the date of the signing of the regional economic integration framework between the DRC and Rwanda?	7 November
bn	bn:016:sw_tanzania_protests_general_election__event_location__002__target__sw_tanzania_protests_general_election_target_target_loc_2__bn__core	sw_tanzania_protests_general_election__event_location__002__target__sw_tanzania_protests_general_election_target_target_loc_2__bn__core	sw_tanzania_protests_general_election__event_location__002__target__sw_tanzania_protests_general_election_target_target_loc_2__en__core	sw_tanzania_protests_general_election	sw_tanzania_protests_general_election__event_location__002	target	core	event_location	True	ok	none	5	5	5	5	The sentence structure is natural and perfectly preserves the meaning.	Where did the 2025 Tanzanian election protests continue on October 30?	Arusha	৩০শে অক্টোবর ২০২৫ সালের তানজানিয়ার নির্বাচনী বিক্ষোভ কোথায় অব্যাহত ছিল?	আরুশা	Where did the Tanzanian election protests of October 30, 2025 continue?	Arusha
bn	bn:017:de_solingen_stabbing_magdeburg_attack__attack_location__015__neighbor__de_solingen_stabbing_magdeburg_attack_neighbor_de_magdeburg_attack_location_2__bn__surface_002	de_solingen_stabbing_magdeburg_attack__attack_location__015__neighbor__de_solingen_stabbing_magdeburg_attack_neighbor_de_magdeburg_attack_location_2__bn__surface_002	de_solingen_stabbing_magdeburg_attack__attack_location__015__neighbor__de_solingen_stabbing_magdeburg_attack_neighbor_de_magdeburg_attack_location_2__en__surface_002	de_solingen_stabbing_magdeburg_attack	de_solingen_stabbing_magdeburg_attack__attack_location__015	neighbor	surface	attack_location	True	ok	none	5	5	5	5	Accurate and highly natural translation.	Where exactly in the city did the 2024 Magdeburg car attack happen?	Christmas market	২০২৪ সালের ম্যাগডেবার্গ গাড়ি হামলা শহরের ঠিক কোথায় ঘটেছিল?	ক্রিসমাস মার্কেট	Exactly where in the city did the 2024 Magdeburg car attack occur?	Christmas market
bn	bn:018:de_aschaffenburg_stabbing_merz_cabinet__participant_role__005__neighbor__de_aschaffenburg_stabbing_merz_cabinet_neighbor_neighbor_role_2__bn__surface_001	de_aschaffenburg_stabbing_merz_cabinet__participant_role__005__neighbor__de_aschaffenburg_stabbing_merz_cabinet_neighbor_neighbor_role_2__bn__surface_001	de_aschaffenburg_stabbing_merz_cabinet__participant_role__005__neighbor__de_aschaffenburg_stabbing_merz_cabinet_neighbor_neighbor_role_2__en__surface_001	de_aschaffenburg_stabbing_merz_cabinet	de_aschaffenburg_stabbing_merz_cabinet__participant_role__005	neighbor	surface	participant_role	True	ok	none	5	5	5	5	Faithful and fluent.	What political position is held by Markus Söder?	CSU leader	মার্কাস সোডার কোন রাজনৈতিক পদে অধিষ্ঠিত আছেন?	সিএসইউ নেতা	What political position does Markus Söder hold?	CSU leader
bn	bn:019:bn_anti_hindu_violence_national_citizen_party__commentator_or_reactor__003__target__bn_anti_hindu_violence_national_citizen_party_target_target_commentator_or_reactor_1__bn__core	bn_anti_hindu_violence_national_citizen_party__commentator_or_reactor__003__target__bn_anti_hindu_violence_national_citizen_party_target_target_commentator_or_reactor_1__bn__core	bn_anti_hindu_violence_national_citizen_party__commentator_or_reactor__003__target__bn_anti_hindu_violence_national_citizen_party_target_target_commentator_or_reactor_1__en__core	bn_anti_hindu_violence_national_citizen_party	bn_anti_hindu_violence_national_citizen_party__commentator_or_reactor__003	target	core	commentator_or_reactor	True	ok	none	5	5	5	5	Perfectly clear and natural translation.	Which former US President wrote a statement condemning the violence against religious minorities in Bangladesh?	Donald Trump	বাংলাদেশে ধর্মীয় সংখ্যালঘুদের ওপর সহিংসতার নিন্দা জানিয়ে কোন প্রাক্তন মার্কিন প্রেসিডেন্ট একটি বিবৃতি লিখেছিলেন?	ডোনাল্ড ট্রাম্প	Which former US president wrote a statement condemning the violence against religious minorities in Bangladesh?	Donald Trump
bn	bn:020:zh_night_ride_kaifeng_henan_cuisine__has_notable_instance__003__target__zh_night_ride_kaifeng_henan_cuisine_target_6__bn__surface_003	zh_night_ride_kaifeng_henan_cuisine__has_notable_instance__003__target__zh_night_ride_kaifeng_henan_cuisine_target_6__bn__surface_003	zh_night_ride_kaifeng_henan_cuisine__has_notable_instance__003__target__zh_night_ride_kaifeng_henan_cuisine_target_6__en__surface_003	zh_night_ride_kaifeng_henan_cuisine	zh_night_ride_kaifeng_henan_cuisine__has_notable_instance__003	target	surface	has_notable_instance	True	ok	none	5	5	5	5	Accurate, fluent, and well-structured.	A joint statement discouraging long-distance travel was issued by several major bike-sharing services; which company was one of them?	Hellobike	বেশ কয়েকটি প্রধান বাইক-শেয়ারিং পরিষেবা দ্বারা দূরপাল্লার ভ্রমণকে নিরুৎসাহিত করে একটি যৌথ বিবৃতি জারি করা হয়েছিল; কোন কোম্পানিটি তাদের মধ্যে অন্যতম ছিল?	হ্যালোবাইক	A joint statement discouraging long-distance travel was issued by several major bike-sharing services; which company was one of them?	Hellobike
bn	bn:021:en_uk_riots_southport_stabbings__responding_official_or_politician__009__neighbor__en_uk_riots_southport_stabbings_neighbor_neighbor_official_2__bn__core	en_uk_riots_southport_stabbings__responding_official_or_politician__009__neighbor__en_uk_riots_southport_stabbings_neighbor_neighbor_official_2__bn__core	en_uk_riots_southport_stabbings__responding_official_or_politician__009__neighbor__en_uk_riots_southport_stabbings_neighbor_neighbor_official_2__en__core	en_uk_riots_southport_stabbings	en_uk_riots_southport_stabbings__responding_official_or_politician__009	neighbor	core	responding_official_or_politician	True	ok	none	5	5	5	5	Perfect translation.	Which Home Secretary stated she was concerned by the Southport incident and praised the courageous response of the emergency services?	Yvette Cooper	কোন স্বরাষ্ট্রমন্ত্রী জানিয়েছিলেন যে তিনি সাউথপোর্টের ঘটনায় উদ্বিগ্ন এবং জরুরি পরিষেবাগুলির সাহসী প্রতিক্রিয়ার প্রশংসা করেছিলেন?	ইভেট কুপার	Which Home Secretary stated that they were concerned about the Southport incident and praised the brave response of the emergency services?	Yvette Cooper
bn	bn:022:es_catatumbo_clashes_ecuador_election__involved_group__008__neighbor__es_catatumbo_clashes_ecuador_election_neighbor_neighbor_involved_group_4__bn__core	es_catatumbo_clashes_ecuador_election__involved_group__008__neighbor__es_catatumbo_clashes_ecuador_election_neighbor_neighbor_involved_group_4__bn__core	es_catatumbo_clashes_ecuador_election__involved_group__008__neighbor__es_catatumbo_clashes_ecuador_election_neighbor_neighbor_involved_group_4__en__core	es_catatumbo_clashes_ecuador_election	es_catatumbo_clashes_ecuador_election__involved_group__008	neighbor	core	involved_group	True	ok	none	5	5	5	5	Accurate and natural.	Which party won 9 seats in the National Assembly during the 2025 Ecuadorian general election?	Pachakutik	২০২৫ সালের ইকুয়েডরের সাধারণ নির্বাচনে কোন দল জাতীয় পরিষদে ৯টি আসন জিতেছিল?	পাচাকুতিক	Which party won 9 seats in the National Assembly in the 2025 Ecuadorian general election?	Pachakutik
bn	bn:023:es_venezuela_crisis_uruguay_election__international_reaction_country__005__neighbor__es_venezuela_crisis_uruguay_election_neighbor_neighbor_intl_reaction_5__bn__surface_003	es_venezuela_crisis_uruguay_election__international_reaction_country__005__neighbor__es_venezuela_crisis_uruguay_election_neighbor_neighbor_intl_reaction_5__bn__surface_003	es_venezuela_crisis_uruguay_election__international_reaction_country__005__neighbor__es_venezuela_crisis_uruguay_election_neighbor_neighbor_intl_reaction_5__en__surface_003	es_venezuela_crisis_uruguay_election	es_venezuela_crisis_uruguay_election__international_reaction_country__005	neighbor	surface	international_reaction_country	True	ok	none	5	5	5	5	Fluent and faithful.	Following the 2024 Uruguayan general election, the president of which country, Xiomara Castro, offered congratulations to Orsi?	Honduras	২০২৪ সালের উরুগুয়ের সাধারণ নির্বাচনের পর, কোন দেশের রাষ্ট্রপতি, সিওমারা কাস্ত্রো, ওরসিকে অভিনন্দন জানিয়েছিলেন?	হন্ডুরাস	After the 2024 Uruguayan general election, the president of which country, Xiomara Castro, congratulated Orsi?	Honduras
bn	bn:024:en_tesla_vandalism_doge__key_person__004__target__en_tesla_vandalism_doge_target_target_key_person_1__bn__core	en_tesla_vandalism_doge__key_person__004__target__en_tesla_vandalism_doge_target_target_key_person_1__bn__core	en_tesla_vandalism_doge__key_person__004__target__en_tesla_vandalism_doge_target_target_key_person_1__en__core	en_tesla_vandalism_doge	en_tesla_vandalism_doge__key_person__004	target	core	key_person	True	ok	none	5	5	5	5	Accurate and highly natural.	Who suggested that the perpetrators of the 2025 Tesla vandalism be sent to prison?	Donald Trump	২০২৫ সালের টেসলা ভাঙচুরের অপরাধীদের কারাগারে পাঠানোর পরামর্শ কে দিয়েছিলেন?	ডোনাল্ড ট্রাম্প	Who suggested sending the perpetrators of the 2025 Tesla vandalism to prison?	Donald Trump
bn	bn:025:de_aschaffenburg_stabbing_merz_cabinet__participant__014__target__de_aschaffenburg_stabbing_merz_cabinet_target_target_participant_7__bn__surface_001	de_aschaffenburg_stabbing_merz_cabinet__participant__014__target__de_aschaffenburg_stabbing_merz_cabinet_target_target_participant_7__bn__surface_001	de_aschaffenburg_stabbing_merz_cabinet__participant__014__target__de_aschaffenburg_stabbing_merz_cabinet_target_target_participant_7__en__surface_001	de_aschaffenburg_stabbing_merz_cabinet	de_aschaffenburg_stabbing_merz_cabinet__participant__014	target	surface	participant	True	ok	none	5	5	5	5	Good translation, proper names are transliterated well.	Which notable figure was present at the public memorial service held at the Stiftskirche in Aschaffenburg?	Markus Söder	আশাফেনবার্গের স্টিফটসকির্চে অনুষ্ঠিত সর্বজনীন স্মরণসভায় কোন বিশিষ্ট ব্যক্তি উপস্থিত ছিলেন?	মার্কাস সোডার	Which prominent person was present at the public memorial service held at the Stiftskirche in Aschaffenburg?	Markus Söder
bn	bn:026:ar_haniyeh_assassination_masoud_pezeshkian__associated_country__015__target__ar_haniyeh_assassination_masoud_pezeshkian_target_13__bn__surface_003	ar_haniyeh_assassination_masoud_pezeshkian__associated_country__015__target__ar_haniyeh_assassination_masoud_pezeshkian_target_13__bn__surface_003	ar_haniyeh_assassination_masoud_pezeshkian__associated_country__015__target__ar_haniyeh_assassination_masoud_pezeshkian_target_13__en__surface_003	ar_haniyeh_assassination_masoud_pezeshkian	ar_haniyeh_assassination_masoud_pezeshkian__associated_country__015	target	surface	associated_country	True	ok	none	5	5	5	5	Natural rephrasing of the English sentence structure to fit Bengali grammar perfectly.	Iran began receiving air defense systems after the assassination of Ismail Haniyeh from which country?	Russia	ইসমাইল হানিয়াহের হত্যাকাণ্ডের পর ইরান কোন দেশের কাছ থেকে আকাশ প্রতিরক্ষা ব্যবস্থা পেতে শুরু করে?	রাশিয়া	After the assassination of Ismail Haniyeh, from which country did Iran start receiving air defense systems?	Russia
bn	bn:027:en_tesla_vandalism_doge__key_person__005__target__en_tesla_vandalism_doge_target_target_key_person_2__bn__surface_002	en_tesla_vandalism_doge__key_person__005__target__en_tesla_vandalism_doge_target_target_key_person_2__bn__surface_002	en_tesla_vandalism_doge__key_person__005__target__en_tesla_vandalism_doge_target_target_key_person_2__en__surface_002	en_tesla_vandalism_doge	en_tesla_vandalism_doge__key_person__005	target	surface	key_person	True	ok	none	5	5	5	5	Very accurate and fluent.	Name the Attorney General who declared the 2025 Tesla vandalism to be domestic terrorism.	Pam Bondi	২০২৫ সালের টেসলা ভাঙচুরকে অভ্যন্তরীণ সন্ত্রাসবাদ হিসেবে আখ্যা দেওয়া অ্যাটর্নি জেনারেলের নাম বলুন।	প্যাম বন্ডি	Name the Attorney General who termed the 2025 Tesla vandalism as domestic terrorism.	Pam Bondi
bn	bn:028:fr_imane_khelif_olympic_boxing__associated_competition__013__target__fr_imane_khelif_olympic_boxing_target_6__bn__surface_003	fr_imane_khelif_olympic_boxing__associated_competition__013__target__fr_imane_khelif_olympic_boxing_target_6__bn__surface_003	fr_imane_khelif_olympic_boxing__associated_competition__013__target__fr_imane_khelif_olympic_boxing_target_6__en__surface_003	fr_imane_khelif_olympic_boxing	fr_imane_khelif_olympic_boxing__associated_competition__013	target	surface	associated_competition	True	ok	none	5	5	5	5	Perfectly clear and precise translation.	Name the tournament where Imane Khelif was awarded the gold medal.	Strandja Memorial Tournament	ইমান খেলিফ যে টুর্নামেন্টে স্বর্ণপদক পেয়েছিলেন তার নাম বলুন।	স্ট্র্যান্ডজা মেমোরিয়াল টুর্নামেন্ট	Name the tournament in which Imane Khelif won the gold medal.	Strandja Memorial Tournament
bn	bn:029:th_audit_office_bangkok_road_collapse__event_measurements__010__neighbor__th_audit_office_bangkok_road_collapse_neighbor_neighbor_event_measurements_5__bn__surface_003	th_audit_office_bangkok_road_collapse__event_measurements__010__neighbor__th_audit_office_bangkok_road_collapse_neighbor_neighbor_event_measurements_5__bn__surface_003	th_audit_office_bangkok_road_collapse__event_measurements__010__neighbor__th_audit_office_bangkok_road_collapse_neighbor_neighbor_event_measurements_5__en__surface_003	th_audit_office_bangkok_road_collapse	th_audit_office_bangkok_road_collapse__event_measurements__010	neighbor	surface	event_measurements	True	ok	none	5	5	5	5	Accurate and fluent translation.	What quantity of sandbags was utilized for reinforcing the sinkhole during the 2025 Bangkok road collapse?	50,000 sandbags	২০২৫ সালের ব্যাংকক রাস্তা ধসের সময় সিঙ্কহোলটি মজবুত করার জন্য কী পরিমাণ বালির বস্তা ব্যবহার করা হয়েছিল?	৫০,০০০ বালির বস্তা	How many sandbags were used to reinforce the sinkhole during the 2025 Bangkok road collapse?	50,000 sandbags
bn	bn:030:es_venezuela_protests_presidential_election__event_location__006__target__es_venezuela_protests_presidential_election_target_target_event_location_5__bn__surface_003	es_venezuela_protests_presidential_election__event_location__006__target__es_venezuela_protests_presidential_election_target_target_event_location_5__bn__surface_003	es_venezuela_protests_presidential_election__event_location__006__target__es_venezuela_protests_presidential_election_target_target_event_location_5__en__surface_003	es_venezuela_protests_presidential_election	es_venezuela_protests_presidential_election__event_location__006	target	surface	event_location	True	ok	none	5	5	5	5	Flawless translation.	In what location did the 2024 Venezuelan presidential election protests happen?	Miami	২০২৪ সালের ভেনিজুয়েলার প্রেসিডেন্ট নির্বাচনের বিক্ষোভ কোন স্থানে ঘটেছিল?	মিয়ামি	In which place did the 2024 Venezuelan presidential election protests occur?	Miami
bn	bn:031:ja_hyogo_gubernatorial_2025_ldp_presidential__candidate__007__target__ja_hyogo_gubernatorial_2025_ldp_presidential_target_target_candidate_5__bn__surface_001	ja_hyogo_gubernatorial_2025_ldp_presidential__candidate__007__target__ja_hyogo_gubernatorial_2025_ldp_presidential_target_target_candidate_5__bn__surface_001	ja_hyogo_gubernatorial_2025_ldp_presidential__candidate__007__target__ja_hyogo_gubernatorial_2025_ldp_presidential_target_target_candidate_5__en__surface_001	ja_hyogo_gubernatorial_2025_ldp_presidential	ja_hyogo_gubernatorial_2025_ldp_presidential__candidate__007	target	surface	candidate	True	ok	none	5	5	5	5	Accurate and fluent translation.	Which individual ran for office during the 2024 Hyogo gubernatorial election?	Takashi Tachibana	২০২৪ সালের হিয়োগো গভর্নর নির্বাচনে কোন ব্যক্তি প্রতিদ্বন্দ্বিতা করেছিলেন?	তাকাশি তাচিবানা	Which person contested the 2024 Hyogo governor election?	Takashi Tachibana
bn	bn:032:es_venezuela_crisis_uruguay_election__international_reaction_country__008__target__es_venezuela_crisis_uruguay_election_target_target_intl_reaction_8__bn__core	es_venezuela_crisis_uruguay_election__international_reaction_country__008__target__es_venezuela_crisis_uruguay_election_target_target_intl_reaction_8__bn__core	es_venezuela_crisis_uruguay_election__international_reaction_country__008__target__es_venezuela_crisis_uruguay_election_target_target_intl_reaction_8__en__core	es_venezuela_crisis_uruguay_election	es_venezuela_crisis_uruguay_election__international_reaction_country__008	target	core	international_reaction_country	True	ok	none	5	5	5	5	Accurate and fluent translation.	Which country rejected the results of the 2024 Venezuelan political crisis and called for a total vote count and independent audit?	Colombia	কোন দেশ ২০২৪ সালের ভেনিজুয়েলার রাজনৈতিক সংকটের ফলাফল প্রত্যাখ্যান করেছিল এবং মোট ভোট গণনা ও স্বাধীন নিরীক্ষার আহ্বান জানিয়েছিল?	কলম্বিয়া	Which country rejected the results of the 2024 Venezuelan political crisis and called for a total vote count and an independent audit?	Colombia
bn	bn:033:sw_goma_offensive_drc_rwanda_peace__key_figure__013__target__sw_goma_offensive_drc_rwanda_peace_target_target_card_14__bn__surface_003	sw_goma_offensive_drc_rwanda_peace__key_figure__013__target__sw_goma_offensive_drc_rwanda_peace_target_target_card_14__bn__surface_003	sw_goma_offensive_drc_rwanda_peace__key_figure__013__target__sw_goma_offensive_drc_rwanda_peace_target_target_card_14__en__surface_003	sw_goma_offensive_drc_rwanda_peace	sw_goma_offensive_drc_rwanda_peace__key_figure__013	target	surface	key_figure	True	ok	none	5	5	5	5	Accurate and fluent translation.	The 2025 Goma offensive was launched by a rebel coalition led by whom?	Corneille Nangaa	২০২৫ সালের গোমা আক্রমণ কার নেতৃত্বাধীন একটি বিদ্রোহী জোট দ্বারা শুরু করা হয়েছিল?	কর্নেইল নাঙ্গা	The 2025 Goma offensive was launched by a rebel alliance led by whom?	Corneille Nangaa
bn	bn:034:bn_hasina_resignation_2026_election__significant_date__014__neighbor__bn_hasina_resignation_2026_election_neighbor_18__bn__core	bn_hasina_resignation_2026_election__significant_date__014__neighbor__bn_hasina_resignation_2026_election_neighbor_18__bn__core	bn_hasina_resignation_2026_election__significant_date__014__neighbor__bn_hasina_resignation_2026_election_neighbor_18__en__core	bn_hasina_resignation_2026_election	bn_hasina_resignation_2026_election__significant_date__014	neighbor	core	significant_date	True	ok	none	5	5	5	5	Accurate and fluent translation.	On what date did the International Crimes Tribunal rule that Sheikh Hasina was guilty of war crimes?	17 November 2025	কোন তারিখে আন্তর্জাতিক অপরাধ ট্রাইব্যুনাল শেখ হাসিনাকে যুদ্ধাপরাধের জন্য দোষী সাব্যস্ত করে?	১৭ নভেম্বর ২০২৫	On what date did the International Crimes Tribunal convict Sheikh Hasina for war crimes?	17 November 2025
bn	bn:035:de_aschaffenburg_stabbing_merz_cabinet__participant_role__001__neighbor__de_aschaffenburg_stabbing_merz_cabinet_neighbor_neighbor_role_1__bn__surface_002	de_aschaffenburg_stabbing_merz_cabinet__participant_role__001__neighbor__de_aschaffenburg_stabbing_merz_cabinet_neighbor_neighbor_role_1__bn__surface_002	de_aschaffenburg_stabbing_merz_cabinet__participant_role__001__neighbor__de_aschaffenburg_stabbing_merz_cabinet_neighbor_neighbor_role_1__en__surface_002	de_aschaffenburg_stabbing_merz_cabinet	de_aschaffenburg_stabbing_merz_cabinet__participant_role__001	neighbor	surface	participant_role	True	ok	none	5	5	5	5	Accurate and fluent translation.	Friedrich Merz serves in which government position?	Chancellor	ফ্রিডরিখ মের্জ কোন সরকারি পদে দায়িত্ব পালন করেন?	চ্যান্সেলর	What government position does Friedrich Merz hold?	Chancellor
bn	bn:036:th_audit_office_bangkok_road_collapse__event_locations__011__neighbor__th_audit_office_bangkok_road_collapse_neighbor_neighbor_event_locations_1__bn__core	th_audit_office_bangkok_road_collapse__event_locations__011__neighbor__th_audit_office_bangkok_road_collapse_neighbor_neighbor_event_locations_1__bn__core	th_audit_office_bangkok_road_collapse__event_locations__011__neighbor__th_audit_office_bangkok_road_collapse_neighbor_neighbor_event_locations_1__en__core	th_audit_office_bangkok_road_collapse	th_audit_office_bangkok_road_collapse__event_locations__011	neighbor	core	event_locations	True	ok	none	5	5	4	5	Accurate translation. The phrasing 'ব্যাংকক রাস্তা ধস' is slightly literal but completely understandable.	On which road did the 2025 Bangkok road collapse occur?	Samsen Road	২০২৫ সালের ব্যাংকক রাস্তা ধস কোন রাস্তায় ঘটেছিল?	সামসেন রোড	On which road did the 2025 Bangkok road collapse occur?	Samsen Road
bn	bn:037:sw_kenyan_protests_albert_ojwang__location__002__neighbor__sw_kenyan_protests_albert_ojwang_neighbor_neighbor_location_1__bn__surface_002	sw_kenyan_protests_albert_ojwang__location__002__neighbor__sw_kenyan_protests_albert_ojwang_neighbor_neighbor_location_1__bn__surface_002	sw_kenyan_protests_albert_ojwang__location__002__neighbor__sw_kenyan_protests_albert_ojwang_neighbor_neighbor_location_1__en__surface_002	sw_kenyan_protests_albert_ojwang	sw_kenyan_protests_albert_ojwang__location__002	neighbor	surface	location	True	ok	none	5	5	5	5	Accurate and fluent translation.	Albert Omondi Ojwang's death in police custody occurred in what city?	Nairobi	আলবার্ট ওমন্ডি ওজওয়াংয়ের পুলিশ হেফাজতে মৃত্যু কোন শহরে ঘটেছিল?	নাইরোবি	In which city did Albert Omondi Ojwang's death in police custody occur?	Nairobi
bn	bn:038:es_venezuela_crisis_uruguay_election__international_reaction_country__002__neighbor__es_venezuela_crisis_uruguay_election_neighbor_neighbor_intl_reaction_2__bn__surface_002	es_venezuela_crisis_uruguay_election__international_reaction_country__002__neighbor__es_venezuela_crisis_uruguay_election_neighbor_neighbor_intl_reaction_2__bn__surface_002	es_venezuela_crisis_uruguay_election__international_reaction_country__002__neighbor__es_venezuela_crisis_uruguay_election_neighbor_neighbor_intl_reaction_2__en__surface_002	es_venezuela_crisis_uruguay_election	es_venezuela_crisis_uruguay_election__international_reaction_country__002	neighbor	surface	international_reaction_country	True	ok	none	5	5	5	5	Accurate and fluent translation.	Which country is led by President Luiz Inácio Lula da Silva, who extended congratulations to Orsi following the 2024 Uruguayan general election?	Brazil	কোন দেশটির নেতৃত্বে রয়েছেন রাষ্ট্রপতি লুইজ ইনাসিও লুলা দা সিলভা, যিনি ২০২৪ সালের উরুগুয়ের সাধারণ নির্বাচনের পর ওরসিকে অভিনন্দন জানিয়েছিলেন?	ব্রাজিল	Which country is led by President Luiz Inácio Lula da Silva, who congratulated Orsi after the 2024 Uruguayan general election?	Brazil
bn	bn:039:ja_hyogo_gubernatorial_2025_ldp_presidential__candidate_background__009__target__ja_hyogo_gubernatorial_2025_ldp_presidential_target_target_candidate_background_3__bn__core	ja_hyogo_gubernatorial_2025_ldp_presidential__candidate_background__009__target__ja_hyogo_gubernatorial_2025_ldp_presidential_target_target_candidate_background_3__bn__core	ja_hyogo_gubernatorial_2025_ldp_presidential__candidate_background__009__target__ja_hyogo_gubernatorial_2025_ldp_presidential_target_target_candidate_background_3__en__core	ja_hyogo_gubernatorial_2025_ldp_presidential	ja_hyogo_gubernatorial_2025_ldp_presidential__candidate_background__009	target	core	candidate_background	True	ok	none	5	5	5	5	Accurate and fluent translation.	What position did Kazumi Inamura hold before running in the 2024 Hyogo gubernatorial election?	mayor of Amagasaki	২০২৪ সালের হিয়োগো গভর্নর নির্বাচনে প্রতিদ্বন্দ্বিতা করার আগে কাজুমি ইনামুরা কোন পদে অধিষ্ঠিত ছিলেন?	আমাগাসাকির মেয়র	What position did Kazumi Inamura hold before competing in the 2024 Hyogo gubernatorial election?	Mayor of Amagasaki
bn	bn:040:th_audit_office_bangkok_road_collapse__damaged_or_affected_entities__014__target__th_audit_office_bangkok_road_collapse_target_target_damaged_or_affected_entities_2__bn__core	th_audit_office_bangkok_road_collapse__damaged_or_affected_entities__014__target__th_audit_office_bangkok_road_collapse_target_target_damaged_or_affected_entities_2__bn__core	th_audit_office_bangkok_road_collapse__damaged_or_affected_entities__014__target__th_audit_office_bangkok_road_collapse_target_target_damaged_or_affected_entities_2__en__core	th_audit_office_bangkok_road_collapse	th_audit_office_bangkok_road_collapse__damaged_or_affected_entities__014	target	core	damaged_or_affected_entities	True	ok	none	5	5	5	5	Accurate and fluent translation.	What structure in the Amata City Chonburi Industrial Estate collapsed in a separate incident linked to the same steel supplier involved in the Thailand State Audit Office building collapse?	factory building	থাইল্যান্ড স্টেট অডিট অফিস ভবন ধসের সাথে জড়িত একই ইস্পাত সরবরাহকারীর সাথে যুক্ত একটি পৃথক ঘটনায় আমাতা সিটি চোনবুরি ইন্ডাস্ট্রিয়াল এস্টেটের কোন কাঠামোটি ধসে পড়েছিল?	কারখানা ভবন	Which structure of the Amata City Chonburi Industrial Estate collapsed in a separate incident linked to the same steel supplier involved in the Thailand State Audit Office building collapse?	Factory building
bn	bn:041:th_cambodian_border_crisis_myanmar_earthquake__affected_location__009__target__th_cambodian_border_crisis_myanmar_earthquake_target_th_cambodian_border_crisis_loc_4__bn__surface_003	th_cambodian_border_crisis_myanmar_earthquake__affected_location__009__target__th_cambodian_border_crisis_myanmar_earthquake_target_th_cambodian_border_crisis_loc_4__bn__surface_003	th_cambodian_border_crisis_myanmar_earthquake__affected_location__009__target__th_cambodian_border_crisis_myanmar_earthquake_target_th_cambodian_border_crisis_loc_4__en__surface_003	th_cambodian_border_crisis_myanmar_earthquake	th_cambodian_border_crisis_myanmar_earthquake__affected_location__009	target	surface	affected_location	True	ok	none	5	5	5	5	The translation is accurate and natural.	Name the province that faced new border management measures when the Royal Thai Army took over authority from the Ministry of Defence.	Trat province	যখন রয়্যাল থাই আর্মি প্রতিরক্ষা মন্ত্রণালয়ের কাছ থেকে কর্তৃত্ব গ্রহণ করে, তখন নতুন সীমান্ত ব্যবস্থাপনা ব্যবস্থার সম্মুখীন হওয়া প্রদেশের নাম বলুন।	ত্রাত প্রদেশ	Name the province facing the new border management system when the Royal Thai Army took over authority from the Ministry of Defence.	Trat Province
bn	bn:042:en_uk_riots_southport_stabbings__involved_city_or_town__001__target__en_uk_riots_southport_stabbings_target_target_city_1__bn__core	en_uk_riots_southport_stabbings__involved_city_or_town__001__target__en_uk_riots_southport_stabbings_target_target_city_1__bn__core	en_uk_riots_southport_stabbings__involved_city_or_town__001__target__en_uk_riots_southport_stabbings_target_target_city_1__en__core	en_uk_riots_southport_stabbings	en_uk_riots_southport_stabbings__involved_city_or_town__001	target	core	involved_city_or_town	True	ok	none	5	5	5	5	Accurate and fluent translation.	In which town did the 2024 United Kingdom race riots begin?	Southport	২০২৪ সালের যুক্তরাজ্যের জাতিগত দাঙ্গা কোন শহরে শুরু হয়েছিল?	সাউথপোর্ট	In which city did the 2024 UK race riots start?	Southport
bn	bn:043:de_solingen_stabbing_magdeburg_attack__perpetrator_background_trait__012__neighbor__de_solingen_stabbing_magdeburg_attack_neighbor_de_magdeburg_attack_trait_3__bn__surface_002	de_solingen_stabbing_magdeburg_attack__perpetrator_background_trait__012__neighbor__de_solingen_stabbing_magdeburg_attack_neighbor_de_magdeburg_attack_trait_3__bn__surface_002	de_solingen_stabbing_magdeburg_attack__perpetrator_background_trait__012__neighbor__de_solingen_stabbing_magdeburg_attack_neighbor_de_magdeburg_attack_trait_3__en__surface_002	de_solingen_stabbing_magdeburg_attack	de_solingen_stabbing_magdeburg_attack__perpetrator_background_trait__012	neighbor	surface	perpetrator_background_trait	True	ok	none	5	5	5	5	The translation accurately conveys the source meaning.	What was the nationality or home country of the attacker in the 2024 Magdeburg car attack?	Saudi Arabia	২০২৪ সালের ম্যাগডেবার্গ গাড়ি হামলার আক্রমণকারীর জাতীয়তা বা নিজ দেশ কী ছিল?	সৌদি আরব	What was the nationality or home country of the attacker in the 2024 Magdeburg car attack?	Saudi Arabia
bn	bn:044:th_political_crisis_same_sex_marriage__key_figure__006__target__th_political_crisis_same_sex_marriage_target_th_political_crisis_2025_key_figure_3__bn__surface_001	th_political_crisis_same_sex_marriage__key_figure__006__target__th_political_crisis_same_sex_marriage_target_th_political_crisis_2025_key_figure_3__bn__surface_001	th_political_crisis_same_sex_marriage__key_figure__006__target__th_political_crisis_same_sex_marriage_target_th_political_crisis_2025_key_figure_3__en__surface_001	th_political_crisis_same_sex_marriage	th_political_crisis_same_sex_marriage__key_figure__006	target	surface	key_figure	True	ok	none	5	5	5	5	Excellent translation, reads naturally in Bengali.	Which politician did the People's Party back to take over from the caretaker government in the 2025 Thai political crisis?	Anutin Charnvirakul	২০২৫ সালের থাই রাজনৈতিক সংকটে তত্ত্বাবধায়ক সরকারের কাছ থেকে দায়িত্ব নেওয়ার জন্য পিপলস পার্টি কোন রাজনীতিবিদকে সমর্থন করেছিল?	অনুতিন চার্নভিরাকুল	Which politician did the People's Party support to take over from the caretaker government in the 2025 Thai political crisis?	Anutin Charnvirakul
bn	bn:045:es_venezuela_protests_presidential_election__event_location__006__neighbor__es_venezuela_protests_presidential_election_neighbor_neighbor_event_location_3__bn__surface_001	es_venezuela_protests_presidential_election__event_location__006__neighbor__es_venezuela_protests_presidential_election_neighbor_neighbor_event_location_3__bn__surface_001	es_venezuela_protests_presidential_election__event_location__006__neighbor__es_venezuela_protests_presidential_election_neighbor_neighbor_event_location_3__en__surface_001	es_venezuela_protests_presidential_election	es_venezuela_protests_presidential_election__event_location__006	neighbor	surface	event_location	True	ok	none	5	5	5	5	Accurate and faithful to the source.	Name a city connected to the 2024 Venezuelan presidential election.	Cumaná	২০২৪ সালের ভেনিজুয়েলার প্রেসিডেন্ট নির্বাচনের সাথে সম্পর্কিত একটি শহরের নাম বলুন।	কুমানা	Name a city related to the 2024 Venezuelan presidential election.	Cumana
bn	bn:046:zh_night_ride_kaifeng_henan_cuisine__has_associated_location__004__neighbor__zh_night_ride_kaifeng_henan_cuisine_neighbor_2__bn__surface_002	zh_night_ride_kaifeng_henan_cuisine__has_associated_location__004__neighbor__zh_night_ride_kaifeng_henan_cuisine_neighbor_2__bn__surface_002	zh_night_ride_kaifeng_henan_cuisine__has_associated_location__004__neighbor__zh_night_ride_kaifeng_henan_cuisine_neighbor_2__en__surface_002	zh_night_ride_kaifeng_henan_cuisine	zh_night_ride_kaifeng_henan_cuisine__has_associated_location__004	neighbor	surface	has_associated_location	True	ok	none	5	5	5	5	The nuanced meaning of 'blended culinary styles' is handled well.	From what location does Henan cuisine draw some of its blended culinary styles?	Jiangsu	হেনান রন্ধনশৈলী কোন স্থান থেকে তার মিশ্র রন্ধনশৈলীর কিছু অংশ গ্রহণ করে?	জিয়াংসু	From which place does Henan cuisine adopt some parts of its mixed cuisine?	Jiangsu
bn	bn:047:bn_noncooperation_interim_government__key_figures__012__target__bn_noncooperation_interim_government_target_target_key_figures_5__bn__core	bn_noncooperation_interim_government__key_figures__012__target__bn_noncooperation_interim_government_target_target_key_figures_5__bn__core	bn_noncooperation_interim_government__key_figures__012__target__bn_noncooperation_interim_government_target_target_key_figures_5__en__core	bn_noncooperation_interim_government	bn_noncooperation_interim_government__key_figures__012	target	core	key_figures	True	ok	none	5	5	5	5	Perfectly clear and standard Bengali translation.	Who led the interim government formed after the 2024 non-cooperation movement?	Muhammad Yunus	২০২৪ সালের অসহযোগ আন্দোলনের পর গঠিত অন্তর্বর্তীকালীন সরকারের নেতৃত্ব কে দেন?	মুহাম্মদ ইউনূস	Who led the interim government formed after the 2024 non-cooperation movement?	Muhammad Yunus
bn	bn:048:fr_pelicot_case_gisele_pelicot__significant_year__005__neighbor__fr_pelicot_case_gisele_pelicot_neighbor_neighbor_significant_year_1__bn__surface_002	fr_pelicot_case_gisele_pelicot__significant_year__005__neighbor__fr_pelicot_case_gisele_pelicot_neighbor_neighbor_significant_year_1__bn__surface_002	fr_pelicot_case_gisele_pelicot__significant_year__005__neighbor__fr_pelicot_case_gisele_pelicot_neighbor_neighbor_significant_year_1__en__surface_002	fr_pelicot_case_gisele_pelicot	fr_pelicot_case_gisele_pelicot__significant_year__005	neighbor	surface	significant_year	True	ok	none	5	5	5	5	Natural phrasing for asking about a birth year.	Which year marks the birth of Gisèle Pelicot?	1952	কোন সালে জিজেল পেলিকট জন্মগ্রহণ করেন?	১৯৫২	In which year was Gisèle Pelicot born?	1952
bn	bn:049:es_catatumbo_clashes_ecuador_election__location__001__neighbor__es_catatumbo_clashes_ecuador_election_neighbor_neighbor_location_1__bn__core	es_catatumbo_clashes_ecuador_election__location__001__neighbor__es_catatumbo_clashes_ecuador_election_neighbor_neighbor_location_1__bn__core	es_catatumbo_clashes_ecuador_election__location__001__neighbor__es_catatumbo_clashes_ecuador_election_neighbor_neighbor_location_1__en__core	es_catatumbo_clashes_ecuador_election	es_catatumbo_clashes_ecuador_election__location__001	neighbor	core	location	True	ok	none	5	5	5	5	Very good translation, successfully keeping the context intact.	In which city did ADN cancel a planned party celebration in a hotel following the first round results?	Quito	প্রথম রাউন্ডের ফলাফলের পর কোন শহরে এডিএন (ADN) একটি হোটেলে তাদের পরিকল্পিত পার্টি উদযাপন বাতিল করেছিল?	কুইটো	In which city did ADN cancel their planned party celebration at a hotel after the results of the first round?	Quito
bn	bn:050:de_munich_car_attack_federal_election__involved_organization__002__neighbor__de_munich_car_attack_federal_election_neighbor_neighbor_involved_organization_2__bn__core	de_munich_car_attack_federal_election__involved_organization__002__neighbor__de_munich_car_attack_federal_election_neighbor_neighbor_involved_organization_2__bn__core	de_munich_car_attack_federal_election__involved_organization__002__neighbor__de_munich_car_attack_federal_election_neighbor_neighbor_involved_organization_2__en__core	de_munich_car_attack_federal_election	de_munich_car_attack_federal_election__involved_organization__002	neighbor	core	involved_organization	True	ok	none	5	5	5	5	Accurate transliteration and faithful question phrasing.	Which centre-left political party participated in the 2025 German federal election?	SPD	২০২৫ সালের জার্মান ফেডারেল নির্বাচনে কোন কেন্দ্র-বাম রাজনৈতিক দল অংশগ্রহণ করেছিল?	এসপিডি	Which center-left political party participated in the 2025 German federal election?	SPD
bn	bn:051:ja_hyuga_nada_earthquake_expo_pavilions__affected_or_involved_region__008__neighbor__ja_hyuga_nada_earthquake_expo_pavilions_neighbor_neighbor_affected_region_4__bn__core	ja_hyuga_nada_earthquake_expo_pavilions__affected_or_involved_region__008__neighbor__ja_hyuga_nada_earthquake_expo_pavilions_neighbor_neighbor_affected_region_4__bn__core	ja_hyuga_nada_earthquake_expo_pavilions__affected_or_involved_region__008__neighbor__ja_hyuga_nada_earthquake_expo_pavilions_neighbor_neighbor_affected_region_4__en__core	ja_hyuga_nada_earthquake_expo_pavilions	ja_hyuga_nada_earthquake_expo_pavilions__affected_or_involved_region__008	neighbor	core	affected_or_involved_region	True	ok	none	5	5	5	5	Accurate and fluent translation.	Which country's pavilion construction for Expo 2025 was halted due to a lack of payments?	Nepal	অর্থপ্রদানের অভাবে এক্সপো ২০২৫-এর জন্য কোন দেশের প্যাভিলিয়ন নির্মাণ স্থগিত করা হয়েছিল?	নেপাল	Which country's pavilion construction for Expo 2025 was suspended due to lack of payment?	Nepal
bn	bn:052:bn_hasina_resignation_2026_election__participant_person__006__target__bn_hasina_resignation_2026_election_target_3__bn__core	bn_hasina_resignation_2026_election__participant_person__006__target__bn_hasina_resignation_2026_election_target_3__bn__core	bn_hasina_resignation_2026_election__participant_person__006__target__bn_hasina_resignation_2026_election_target_3__en__core	bn_hasina_resignation_2026_election	bn_hasina_resignation_2026_election__participant_person__006	target	core	participant_person	True	ok	none	5	5	5	5	Accurate and natural translation.	Who confirmed the resignation and self-imposed exile of Sheikh Hasina?	Waker-uz-Zaman	শেখ হাসিনার পদত্যাগ ও স্বেচ্ছানির্বাসন কে নিশ্চিত করেছিলেন?	ওয়াকার-উজ-জামান	Who ensured Sheikh Hasina's resignation and self-exile?	Waker-uz-Zaman
bn	bn:053:ar_haniyeh_assassination_masoud_pezeshkian__associated_person__011__target__ar_haniyeh_assassination_masoud_pezeshkian_target_5__bn__surface_002	ar_haniyeh_assassination_masoud_pezeshkian__associated_person__011__target__ar_haniyeh_assassination_masoud_pezeshkian_target_5__bn__surface_002	ar_haniyeh_assassination_masoud_pezeshkian__associated_person__011__target__ar_haniyeh_assassination_masoud_pezeshkian_target_5__en__surface_002	ar_haniyeh_assassination_masoud_pezeshkian	ar_haniyeh_assassination_masoud_pezeshkian__associated_person__011	target	surface	associated_person	True	ok	none	5	5	5	5	Excellent translation.	Israel carried out an assassination attempt against which Hamas military commander?	Mohammed Deif	ইসরায়েল হামাসের কোন সামরিক কমান্ডারের ওপর গুপ্তহত্যার চেষ্টা চালিয়েছিল?	মোহাম্মদ দেইফ	Which Hamas military commander did Israel attempt to assassinate?	Mohammed Deif
bn	bn:054:zh_shenzhen_stabbing_wuxi_stabbing__aftermath_actions__011__neighbor__zh_shenzhen_stabbing_wuxi_stabbing_neighbor_neighbor_action_2__bn__surface_001	zh_shenzhen_stabbing_wuxi_stabbing__aftermath_actions__011__neighbor__zh_shenzhen_stabbing_wuxi_stabbing_neighbor_neighbor_action_2__bn__surface_001	zh_shenzhen_stabbing_wuxi_stabbing__aftermath_actions__011__neighbor__zh_shenzhen_stabbing_wuxi_stabbing_neighbor_neighbor_action_2__en__surface_001	zh_shenzhen_stabbing_wuxi_stabbing	zh_shenzhen_stabbing_wuxi_stabbing__aftermath_actions__011	neighbor	surface	aftermath_actions	True	ok	none	5	5	5	5	Faithful and fluent.	What was the fate of the floral tributes left in memory of the 2024 Wuxi stabbing victims?	removed by security	২০২৪ সালের উক্সি ছুরিকাঘাতের শিকারদের স্মরণে রেখে যাওয়া পুষ্পস্তবকগুলোর পরিণতি কী হয়েছিল?	নিরাপত্তা কর্মীদের দ্বারা সরিয়ে ফেলা হয়েছিল	What happened to the wreaths left in memory of the victims of the 2024 Wuxi stabbing?	Removed by security personnel
bn	bn:055:fr_olympics_opening_closing_ceremony__dignitary_present__011__target__fr_olympics_opening_closing_ceremony_target_target_dignitary_present_4__bn__surface_001	fr_olympics_opening_closing_ceremony__dignitary_present__011__target__fr_olympics_opening_closing_ceremony_target_target_dignitary_present_4__bn__surface_001	fr_olympics_opening_closing_ceremony__dignitary_present__011__target__fr_olympics_opening_closing_ceremony_target_target_dignitary_present_4__en__surface_001	fr_olympics_opening_closing_ceremony	fr_olympics_opening_closing_ceremony__dignitary_present__011	target	surface	dignitary_present	True	ok	none	5	5	5	5	Accurate transliteration and faithful translation.	Who was the head of the Paris organizing committee present at the 2024 Summer Olympics opening ceremony?	Tony Estanguet	২০২৪ গ্রীষ্মকালীন অলিম্পিকের উদ্বোধনী অনুষ্ঠানে উপস্থিত প্যারিস আয়োজক কমিটির প্রধান কে ছিলেন?	টনি এস্তাঙ্গুয়েট	Who was the head of the Paris Organizing Committee present at the opening ceremony of the 2024 Summer Olympics?	Tony Estanguet
bn	bn:056:th_cambodian_border_crisis_myanmar_earthquake__key_figure__002__neighbor__th_cambodian_border_crisis_myanmar_earthquake_neighbor_myanmar_earthquake_person_2__bn__surface_003	th_cambodian_border_crisis_myanmar_earthquake__key_figure__002__neighbor__th_cambodian_border_crisis_myanmar_earthquake_neighbor_myanmar_earthquake_person_2__bn__surface_003	th_cambodian_border_crisis_myanmar_earthquake__key_figure__002__neighbor__th_cambodian_border_crisis_myanmar_earthquake_neighbor_myanmar_earthquake_person_2__en__surface_003	th_cambodian_border_crisis_myanmar_earthquake	th_cambodian_border_crisis_myanmar_earthquake__key_figure__002	neighbor	surface	key_figure	True	ok	none	5	5	5	5	Accurate and fluent translation.	During the 2025 Myanmar earthquake, which Thai Prime Minister called for an emergency meeting?	Paetongtarn Shinawatra	২০২৫ সালের মিয়ানমার ভূমিকম্পের সময় কোন থাই প্রধানমন্ত্রী একটি জরুরি সভার ডাক দিয়েছিলেন?	প্যাতংতার্ন সিনাওয়াত্রা	Which Thai Prime Minister called an emergency meeting during the 2025 Myanmar earthquake?	Paetongtarn Shinawatra
bn	bn:057:ja_mof_protests_house_councillors__person_making_statement__007__target__ja_mof_protests_house_councillors_target_target_person_statement_1__bn__core	ja_mof_protests_house_councillors__person_making_statement__007__target__ja_mof_protests_house_councillors_target_target_person_statement_1__bn__core	ja_mof_protests_house_councillors__person_making_statement__007__target__ja_mof_protests_house_councillors_target_target_person_statement_1__en__core	ja_mof_protests_house_councillors	ja_mof_protests_house_councillors__person_making_statement__007	target	core	person_making_statement	True	ok	none	5	5	5	5	Well-translated and natural.	Who stated that politicians need to react to the background where the anger is coming from?	Yuichiro Tamaki	কে বলেছেন যে ক্ষোভ যেখান থেকে আসছে সেই প্রেক্ষাপটে রাজনীতিবিদদের প্রতিক্রিয়া জানানো প্রয়োজন?	ইউইচিরো তামাকি	Who said that politicians need to respond in the context of where the anger is coming from?	Yuichiro Tamaki
bn	bn:058:de_solingen_stabbing_magdeburg_attack__perpetrator_background_trait__011__neighbor__de_solingen_stabbing_magdeburg_attack_neighbor_de_magdeburg_attack_trait_1__bn__surface_003	de_solingen_stabbing_magdeburg_attack__perpetrator_background_trait__011__neighbor__de_solingen_stabbing_magdeburg_attack_neighbor_de_magdeburg_attack_trait_1__bn__surface_003	de_solingen_stabbing_magdeburg_attack__perpetrator_background_trait__011__neighbor__de_solingen_stabbing_magdeburg_attack_neighbor_de_magdeburg_attack_trait_1__en__surface_003	de_solingen_stabbing_magdeburg_attack	de_solingen_stabbing_magdeburg_attack__perpetrator_background_trait__011	neighbor	surface	perpetrator_background_trait	True	ok	none	5	5	5	5	Faithful and fluent.	What ideological trait characterized the person who drove the car in the 2024 Magdeburg car attack?	anti-Islam activist	২০২৪ সালের ম্যাগডেবার্গ গাড়ি হামলায় গাড়ি চালানো ব্যক্তির আদর্শগত বৈশিষ্ট্য কী ছিল?	ইসলাম বিরোধী কর্মী	What was the ideological trait of the person driving the car in the 2024 Magdeburg car attack?	Anti-Islam activist
bn	bn:059:fr_pelicot_case_gisele_pelicot__significant_location__012__neighbor__fr_pelicot_case_gisele_pelicot_neighbor_neighbor_significant_location_5__bn__core	fr_pelicot_case_gisele_pelicot__significant_location__012__neighbor__fr_pelicot_case_gisele_pelicot_neighbor_neighbor_significant_location_5__bn__core	fr_pelicot_case_gisele_pelicot__significant_location__012__neighbor__fr_pelicot_case_gisele_pelicot_neighbor_neighbor_significant_location_5__en__core	fr_pelicot_case_gisele_pelicot	fr_pelicot_case_gisele_pelicot__significant_location__012	neighbor	core	significant_location	True	ok	none	5	5	5	5	Accurate translation.	In which city did Gisèle Pelicot launch the English edition of her memoir at the Royal Festival Hall?	London	জিসেল পেলিকট কোন শহরে রয়্যাল ফেস্টিভ্যাল হলে তার স্মৃতিকথার ইংরেজি সংস্করণ উন্মোচন করেছিলেন?	লন্ডন	In which city did Gisele Pelicot unveil the English edition of her memoir at the Royal Festival Hall?	London
bn	bn:060:ja_hyogo_gubernatorial_2025_ldp_presidential__candidate_background__012__target__ja_hyogo_gubernatorial_2025_ldp_presidential_target_target_candidate_background_2__bn__surface_001	ja_hyogo_gubernatorial_2025_ldp_presidential__candidate_background__012__target__ja_hyogo_gubernatorial_2025_ldp_presidential_target_target_candidate_background_2__bn__surface_001	ja_hyogo_gubernatorial_2025_ldp_presidential__candidate_background__012__target__ja_hyogo_gubernatorial_2025_ldp_presidential_target_target_candidate_background_2__en__surface_001	ja_hyogo_gubernatorial_2025_ldp_presidential	ja_hyogo_gubernatorial_2025_ldp_presidential__candidate_background__012	target	surface	candidate_background	True	ok	none	5	5	5	5	Accurate and natural.	Before his candidacy in the 2024 Hyogo gubernatorial election, what position did Takayuki Shimizu occupy?	member of the House of Councillors	২০২৪ সালের হিয়োগো গভর্নর নির্বাচনে প্রার্থিতার আগে তাকায়ুকি শিমিজু কোন পদে অধিষ্ঠিত ছিলেন?	হাউস অফ কাউন্সিলরস-এর সদস্য	What position did Takayuki Shimizu hold before his candidacy in the 2024 Hyogo gubernatorial election?	Member of the House of Councillors
bn	bn:061:sw_kenyan_protests_albert_ojwang__involved_person__011__neighbor__sw_kenyan_protests_albert_ojwang_neighbor_neighbor_involved_person_4__bn__surface_003	sw_kenyan_protests_albert_ojwang__involved_person__011__neighbor__sw_kenyan_protests_albert_ojwang_neighbor_neighbor_involved_person_4__bn__surface_003	sw_kenyan_protests_albert_ojwang__involved_person__011__neighbor__sw_kenyan_protests_albert_ojwang_neighbor_neighbor_involved_person_4__en__surface_003	sw_kenyan_protests_albert_ojwang	sw_kenyan_protests_albert_ojwang__involved_person__011	neighbor	surface	involved_person	True	ok	none	5	5	5	5	Accurate and natural translation.	Name the president whom Justin Muturi held fully responsible for Albert Ojwang's death.	Ruto	আলবার্ট ওজওয়াংয়ের মৃত্যুর জন্য জাস্টিন মুতুরি যে রাষ্ট্রপতিকে সম্পূর্ণ দায়ী করেছিলেন, তার নাম বলুন।	রুটো	Name the president whom Justin Muturi held completely responsible for the death of Albert Ojwang.	Ruto
bn	bn:062:ar_lebanon_device_attacks_hq_strike__statement_by_key_figure__013__neighbor__ar_lebanon_device_attacks_hq_strike_neighbor_statement_1__bn__core	ar_lebanon_device_attacks_hq_strike__statement_by_key_figure__013__neighbor__ar_lebanon_device_attacks_hq_strike_neighbor_statement_1__bn__core	ar_lebanon_device_attacks_hq_strike__statement_by_key_figure__013__neighbor__ar_lebanon_device_attacks_hq_strike_neighbor_statement_1__en__core	ar_lebanon_device_attacks_hq_strike	ar_lebanon_device_attacks_hq_strike__statement_by_key_figure__013	neighbor	core	statement_by_key_figure	True	ok	none	5	5	5	5	Accurate and natural translation.	Who addressed the United Nations, saying Israel was dedicated to peace, shortly before the 2024 Hezbollah headquarters strike?	Benjamin Netanyahu	২০২৪ সালের হিজবুল্লাহ সদর দপ্তরে হামলার ঠিক আগে কে জাতিসংঘে ভাষণ দিয়ে বলেছিলেন যে ইসরায়েল শান্তির প্রতি নিবেদিত?	বেঞ্জামিন নেতানিয়াহু	Who addressed the United Nations just before the 2024 attack on the Hezbollah headquarters, saying that Israel is dedicated to peace?	Benjamin Netanyahu
bn	bn:063:fr_olympics_opening_closing_ceremony__athlete_participant__014__neighbor__fr_olympics_opening_closing_ceremony_neighbor_neighbor_athlete_participant_4__bn__surface_002	fr_olympics_opening_closing_ceremony__athlete_participant__014__neighbor__fr_olympics_opening_closing_ceremony_neighbor_neighbor_athlete_participant_4__bn__surface_002	fr_olympics_opening_closing_ceremony__athlete_participant__014__neighbor__fr_olympics_opening_closing_ceremony_neighbor_neighbor_athlete_participant_4__en__surface_002	fr_olympics_opening_closing_ceremony	fr_olympics_opening_closing_ceremony__athlete_participant__014	neighbor	surface	athlete_participant	True	ok	none	5	5	5	5	Accurate and natural translation.	During the closing ceremony of the 2024 Summer Olympics, which athlete served as an escort for the IOC President?	Teddy Riner	২০২৪ সালের গ্রীষ্মকালীন অলিম্পিকের সমাপনী অনুষ্ঠানে কোন ক্রীড়াবিদ আইওসি সভাপতির এসকর্ট হিসেবে দায়িত্ব পালন করেছিলেন?	টেডি রিনার	Which athlete served as the escort for the IOC president at the closing ceremony of the 2024 Summer Olympics?	Teddy Riner
bn	bn:064:fr_imane_khelif_olympic_boxing__event_year__006__neighbor__fr_imane_khelif_olympic_boxing_neighbor_15__bn__core	fr_imane_khelif_olympic_boxing__event_year__006__neighbor__fr_imane_khelif_olympic_boxing_neighbor_15__bn__core	fr_imane_khelif_olympic_boxing__event_year__006__neighbor__fr_imane_khelif_olympic_boxing_neighbor_15__en__core	fr_imane_khelif_olympic_boxing	fr_imane_khelif_olympic_boxing__event_year__006	neighbor	core	event_year	True	ok	none	5	5	5	5	Accurate and natural translation.	In what year was the previous edition of the Summer Olympics referenced for quota comparisons held?	2020	কোটা তুলনার জন্য উল্লেখিত গ্রীষ্মকালীন অলিম্পিকের পূর্ববর্তী আসরটি কোন সালে অনুষ্ঠিত হয়েছিল?	2020	In which year was the previous edition of the Summer Olympics mentioned for quota comparison held?	2020
bn	bn:065:en_brian_thompson_killing_luigi_mangione__legal_charges__003__neighbor__en_brian_thompson_killing_luigi_mangione_neighbor_neighbor_legal_charges_4__bn__surface_002	en_brian_thompson_killing_luigi_mangione__legal_charges__003__neighbor__en_brian_thompson_killing_luigi_mangione_neighbor_neighbor_legal_charges_4__bn__surface_002	en_brian_thompson_killing_luigi_mangione__legal_charges__003__neighbor__en_brian_thompson_killing_luigi_mangione_neighbor_neighbor_legal_charges_4__en__surface_002	en_brian_thompson_killing_luigi_mangione	en_brian_thompson_killing_luigi_mangione__legal_charges__003	neighbor	surface	legal_charges	True	ok	none	5	5	5	5	Accurate and natural translation.	What was the stated offense when police arrested Luigi Mangione?	forgery	পুলিশ যখন লুইজি ম্যাঞ্জিওনকে গ্রেপ্তার করেছিল, তখন উল্লেখিত অপরাধ কী ছিল?	জালিয়াতি	When the police arrested Luigi Mangione, what was the mentioned crime?	Forgery
bn	bn:066:sw_tanzania_protests_general_election__event_location__004__target__sw_tanzania_protests_general_election_target_target_loc_4__bn__core	sw_tanzania_protests_general_election__event_location__004__target__sw_tanzania_protests_general_election_target_target_loc_4__bn__core	sw_tanzania_protests_general_election__event_location__004__target__sw_tanzania_protests_general_election_target_target_loc_4__en__core	sw_tanzania_protests_general_election	sw_tanzania_protests_general_election__event_location__004	target	core	event_location	True	ok	none	5	5	5	5	Accurate and natural translation.	Into which Kenyan border town did unrest from the Tanzanian protests spill?	Namanga	তানজানিয়ার বিক্ষোভের অশান্তি কেনিয়ার কোন সীমান্ত শহরে ছড়িয়ে পড়েছিল?	নামাঙ্গা	To which Kenyan border town did the unrest of the Tanzania protests spread?	Namanga
bn	bn:067:bn_noncooperation_interim_government__key_figures__011__target__bn_noncooperation_interim_government_target_target_key_figures_4__bn__surface_002	bn_noncooperation_interim_government__key_figures__011__target__bn_noncooperation_interim_government_target_target_key_figures_4__bn__surface_002	bn_noncooperation_interim_government__key_figures__011__target__bn_noncooperation_interim_government_target_target_key_figures_4__en__surface_002	bn_noncooperation_interim_government	bn_noncooperation_interim_government__key_figures__011	target	surface	key_figures	True	ok	none	5	5	5	5	Accurate and natural translation.	Following the removal of Sheikh Hasina, who was the official that announced the new interim government?	Mohammed Shahabuddin	শেখ হাসিনার অপসারণের পর, কোন কর্মকর্তা নতুন অন্তর্বর্তীকালীন সরকারের ঘোষণা দিয়েছিলেন?	মোহাম্মদ সাহাবুদ্দিন	After the removal of Sheikh Hasina, which official announced the new interim government?	Mohammed Shahabuddin
bn	bn:068:zh_zhuhai_car_attack_wuxi_stabbing__censorship_target__014__target__zh_zhuhai_car_attack_wuxi_stabbing_target_zhuhai_cen_3__bn__surface_002	zh_zhuhai_car_attack_wuxi_stabbing__censorship_target__014__target__zh_zhuhai_car_attack_wuxi_stabbing_target_zhuhai_cen_3__bn__surface_002	zh_zhuhai_car_attack_wuxi_stabbing__censorship_target__014__target__zh_zhuhai_car_attack_wuxi_stabbing_target_zhuhai_cen_3__en__surface_002	zh_zhuhai_car_attack_wuxi_stabbing	zh_zhuhai_car_attack_wuxi_stabbing__censorship_target__014	target	surface	censorship_target	True	ok	none	5	5	5	5	Accurate and natural translation.	During the 2024 Zhuhai car attack, what specific media personnel was surrounded by a crowd and ordered by police to delete all their reporting material?	TBS Television reporter	২০২৪ সালের ঝুহাই গাড়ি হামলার সময়, কোন নির্দিষ্ট সংবাদকর্মীকে জনতা ঘিরে ধরেছিল এবং পুলিশ তার সমস্ত রিপোর্টিং উপাদান মুছে ফেলার নির্দেশ দিয়েছিল?	টিবিএস টেলিভিশনের প্রতিবেদক	During the 2024 Zhuhai car attack, which specific journalist was surrounded by a crowd and ordered by the police to delete all their reporting material?	TBS Television reporter
bn	bn:069:en_brian_thompson_killing_luigi_mangione__key_locations__013__target__en_brian_thompson_killing_luigi_mangione_target_target_key_locations_3__bn__surface_003	en_brian_thompson_killing_luigi_mangione__key_locations__013__target__en_brian_thompson_killing_luigi_mangione_target_target_key_locations_3__bn__surface_003	en_brian_thompson_killing_luigi_mangione__key_locations__013__target__en_brian_thompson_killing_luigi_mangione_target_target_key_locations_3__en__surface_003	en_brian_thompson_killing_luigi_mangione	en_brian_thompson_killing_luigi_mangione__key_locations__013	target	surface	key_locations	True	ok	none	5	5	5	5	Accurate and natural translation.	Luigi Mangione's last known place of residence was located in what city?	Honolulu, Hawaii	লুইজি ম্যাঞ্জিওনের সর্বশেষ পরিচিত বাসস্থান কোন শহরে অবস্থিত ছিল?	হনলুলু, হাওয়াই	In which city was Luigi Mangione's last known residence located?	Honolulu, Hawaii
bn	bn:070:bn_hasina_resignation_2026_election__participant_organization__008__neighbor__bn_hasina_resignation_2026_election_neighbor_7__bn__surface_001	bn_hasina_resignation_2026_election__participant_organization__008__neighbor__bn_hasina_resignation_2026_election_neighbor_7__bn__surface_001	bn_hasina_resignation_2026_election__participant_organization__008__neighbor__bn_hasina_resignation_2026_election_neighbor_7__en__surface_001	bn_hasina_resignation_2026_election	bn_hasina_resignation_2026_election__participant_organization__008	neighbor	surface	participant_organization	True	ok	none	5	5	5	5	Accurate and natural translation.	What organization won the second highest number of seats in the 2026 election in Bangladesh?	Bangladesh Jamaat-e-Islami	বাংলাদেশের ২০২৬ সালের নির্বাচনে কোন সংগঠন দ্বিতীয় সর্বোচ্চ সংখ্যক আসন জিতেছিল?	বাংলাদেশ জামায়াতে ইসলামী	Which organization won the second highest number of seats in the 2026 election of Bangladesh?	Bangladesh Jamaat-e-Islami
bn	bn:071:zh_shenzhen_stabbing_wuxi_stabbing__aftermath_actions__013__target__zh_shenzhen_stabbing_wuxi_stabbing_target_target_action_4__bn__surface_003	zh_shenzhen_stabbing_wuxi_stabbing__aftermath_actions__013__target__zh_shenzhen_stabbing_wuxi_stabbing_target_target_action_4__bn__surface_003	zh_shenzhen_stabbing_wuxi_stabbing__aftermath_actions__013__target__zh_shenzhen_stabbing_wuxi_stabbing_target_target_action_4__en__surface_003	zh_shenzhen_stabbing_wuxi_stabbing	zh_shenzhen_stabbing_wuxi_stabbing__aftermath_actions__013	target	surface	aftermath_actions	True	ok	none	5	5	5	5	Accurate and natural translation.	What did Japanese schools in Guangzhou and Beijing do as a consequence of the 2024 Shenzhen stabbing?	stopped extracurricular activities	২০২৪ সালের শেনজেন ছুরিকাঘাতের ঘটনার ফলে গুয়াংজু এবং বেইজিংয়ের জাপানি স্কুলগুলো কী করেছিল?	পাঠ্যক্রম বহির্ভূত কার্যক্রম বন্ধ করে দিয়েছিল	What did the Japanese schools in Guangzhou and Beijing do as a result of the 2024 Shenzhen stabbing incident?	Stopped extracurricular activities
bn	bn:072:ar_syrian_offensives_transitional_government__international_reaction__009__target__ar_syrian_offensives_transitional_government_target_target_reaction_6__bn__surface_003	ar_syrian_offensives_transitional_government__international_reaction__009__target__ar_syrian_offensives_transitional_government_target_target_reaction_6__bn__surface_003	ar_syrian_offensives_transitional_government__international_reaction__009__target__ar_syrian_offensives_transitional_government_target_target_reaction_6__en__surface_003	ar_syrian_offensives_transitional_government	ar_syrian_offensives_transitional_government__international_reaction__009	target	surface	international_reaction	True	ok	none	5	5	5	5	Accurate and natural translation.	The assertion of having zero involvement in the 2024 Syrian opposition offensives was made by which country?	United States	২০২৪ সালের সিরীয় বিরোধী দলের আক্রমণে কোনো সম্পৃক্ততা না থাকার দাবি কোন দেশ করেছিল?	যুক্তরাষ্ট্র	Which country claimed to have no involvement in the 2024 Syrian opposition offensive?	United States
bn	bn:073:de_munich_car_attack_federal_election__involved_person__008__target__de_munich_car_attack_federal_election_target_target_involved_person_1__bn__surface_003	de_munich_car_attack_federal_election__involved_person__008__target__de_munich_car_attack_federal_election_target_target_involved_person_1__bn__surface_003	de_munich_car_attack_federal_election__involved_person__008__target__de_munich_car_attack_federal_election_target_target_involved_person_1__en__surface_003	de_munich_car_attack_federal_election	de_munich_car_attack_federal_election__involved_person__008	target	surface	involved_person	True	ok	none	5	5	5	5	The translation perfectly captures the idiom 'behind the wheel' with its literal meaning in context.	Who was behind the wheel during the 2025 Munich car attack?	Farhad Noori	২০২৫ সালের মিউনিখ গাড়ি হামলার সময় কে গাড়ি চালাচ্ছিলেন?	ফরহাদ নুরি	Who was driving the car during the 2025 Munich car attack?	Farhad Nuri
bn	bn:074:ja_hyuga_nada_earthquake_expo_pavilions__infrastructure_or_building_involved__014__neighbor__ja_hyuga_nada_earthquake_expo_pavilions_neighbor_neighbor_infrastructure_3__bn__surface_003	ja_hyuga_nada_earthquake_expo_pavilions__infrastructure_or_building_involved__014__neighbor__ja_hyuga_nada_earthquake_expo_pavilions_neighbor_neighbor_infrastructure_3__bn__surface_003	ja_hyuga_nada_earthquake_expo_pavilions__infrastructure_or_building_involved__014__neighbor__ja_hyuga_nada_earthquake_expo_pavilions_neighbor_neighbor_infrastructure_3__en__surface_003	ja_hyuga_nada_earthquake_expo_pavilions	ja_hyuga_nada_earthquake_expo_pavilions__infrastructure_or_building_involved__014	neighbor	surface	infrastructure_or_building_involved	True	ok	none	5	5	5	5	Accurate and natural translation.	Name the pavilion that will be transported to Awaji Island once the expo is over.	Netherlands pavilion	এক্সপো শেষ হওয়ার পর যে প্যাভিলিয়নটি আওয়াজি দ্বীপে স্থানান্তরিত করা হবে তার নাম বলুন।	নেদারল্যান্ডস প্যাভিলিয়ন	Name the pavilion that will be relocated to Awaji Island after the Expo ends.	Netherlands Pavilion
bn	bn:075:en_brian_thompson_killing_luigi_mangione__key_locations__011__target__en_brian_thompson_killing_luigi_mangione_target_target_key_locations_1__bn__core	en_brian_thompson_killing_luigi_mangione__key_locations__011__target__en_brian_thompson_killing_luigi_mangione_target_target_key_locations_1__bn__core	en_brian_thompson_killing_luigi_mangione__key_locations__011__target__en_brian_thompson_killing_luigi_mangione_target_target_key_locations_1__en__core	en_brian_thompson_killing_luigi_mangione	en_brian_thompson_killing_luigi_mangione__key_locations__011	target	core	key_locations	True	ok	none	5	5	5	5	Accurate and natural translation.	Where was Brian Thompson shot to death?	Midtown Manhattan	ব্রায়ান থম্পসনকে কোথায় গুলি করে হত্যা করা হয়েছিল?	মিডটাউন ম্যানহাটন	Where was Brian Thompson shot and killed?	Midtown Manhattan
bn	bn:076:ja_mof_protests_house_councillors__economic_policy_mentioned__010__neighbor__ja_mof_protests_house_councillors_neighbor_neighbor_economic_policy_3__bn__core	ja_mof_protests_house_councillors__economic_policy_mentioned__010__neighbor__ja_mof_protests_house_councillors_neighbor_neighbor_economic_policy_3__bn__core	ja_mof_protests_house_councillors__economic_policy_mentioned__010__neighbor__ja_mof_protests_house_councillors_neighbor_neighbor_economic_policy_3__en__core	ja_mof_protests_house_councillors	ja_mof_protests_house_councillors__economic_policy_mentioned__010	neighbor	core	economic_policy_mentioned	True	ok	none	5	5	5	5	Accurate and natural translation.	What economic policy did Donald Trump impose on Japanese imports in the context of the 2025 Japanese House of Councillors election?	tariffs	২০২৫ সালের জাপানি হাউস অফ কাউন্সিলর নির্বাচনের প্রেক্ষাপটে ডোনাল্ড ট্রাম্প জাপানি আমদানির ওপর কোন অর্থনৈতিক নীতি আরোপ করেছিলেন?	শুল্ক	In the context of the 2025 Japanese House of Councillors election, what economic policy did Donald Trump impose on Japanese imports?	Tariffs
bn	bn:077:th_cambodian_border_crisis_myanmar_earthquake__affected_location__010__target__th_cambodian_border_crisis_myanmar_earthquake_target_th_cambodian_border_crisis_loc_6__bn__surface_002	th_cambodian_border_crisis_myanmar_earthquake__affected_location__010__target__th_cambodian_border_crisis_myanmar_earthquake_target_th_cambodian_border_crisis_loc_6__bn__surface_002	th_cambodian_border_crisis_myanmar_earthquake__affected_location__010__target__th_cambodian_border_crisis_myanmar_earthquake_target_th_cambodian_border_crisis_loc_6__en__surface_002	th_cambodian_border_crisis_myanmar_earthquake	th_cambodian_border_crisis_myanmar_earthquake__affected_location__010	target	surface	affected_location	True	ok	none	5	5	5	5	Accurate and natural translation.	Name the province that received an official disaster area declaration on 28 July 2025 due to the Cambodian–Thai border crisis.	Surin province	কম্বোডিয়া-থাইল্যান্ড সীমান্ত সংকটের কারণে ২০২৫ সালের ২৮ জুলাই আনুষ্ঠানিকভাবে দুর্যোগপূর্ণ এলাকা হিসেবে ঘোষিত প্রদেশের নাম বলুন।	সুরিন প্রদেশ	Name the province officially declared as a disaster area on July 28, 2025, due to the Cambodia-Thailand border crisis.	Surin Province
bn	bn:078:ja_mof_protests_house_councillors__key_issue_or_demand__015__neighbor__ja_mof_protests_house_councillors_neighbor_neighbor_key_issue_1__bn__surface_002	ja_mof_protests_house_councillors__key_issue_or_demand__015__neighbor__ja_mof_protests_house_councillors_neighbor_neighbor_key_issue_1__bn__surface_002	ja_mof_protests_house_councillors__key_issue_or_demand__015__neighbor__ja_mof_protests_house_councillors_neighbor_neighbor_key_issue_1__en__surface_002	ja_mof_protests_house_councillors	ja_mof_protests_house_councillors__key_issue_or_demand__015	neighbor	surface	key_issue_or_demand	True	ok	none	5	5	5	5	Accurate and natural translation.	What financial burden on citizens was a central issue addressed by candidates in the 2025 Japanese House of Councillors election?	rising cost of living	২০২৫ সালের জাপানের হাউস অফ কাউন্সিলর নির্বাচনে নাগরিকদের ওপর কোন আর্থিক বোঝাটি প্রার্থীদের দ্বারা একটি প্রধান বিষয় হিসেবে আলোচিত হয়েছিল?	জীবনযাত্রার ক্রমবর্ধমান ব্যয়	In the 2025 Japan House of Councillors election, which financial burden on citizens was discussed as a major issue by the candidates?	Rising cost of living
bn	bn:079:fr_imane_khelif_olympic_boxing__associated_competition__015__neighbor__fr_imane_khelif_olympic_boxing_neighbor_5__bn__surface_002	fr_imane_khelif_olympic_boxing__associated_competition__015__neighbor__fr_imane_khelif_olympic_boxing_neighbor_5__bn__surface_002	fr_imane_khelif_olympic_boxing__associated_competition__015__neighbor__fr_imane_khelif_olympic_boxing_neighbor_5__en__surface_002	fr_imane_khelif_olympic_boxing	fr_imane_khelif_olympic_boxing__associated_competition__015	neighbor	surface	associated_competition	True	ok	none	5	5	5	5	Accurate and natural translation.	Boxers aiming for the 2024 Olympics could earn their quota spots by competing in which games?	Pacific Games	২০২৪ অলিম্পিকের লক্ষ্য রাখা বক্সাররা কোন গেমসে প্রতিদ্বন্দ্বিতা করে তাদের কোটা স্পট অর্জন করতে পারত?	প্যাসিফিক গেমস	By competing in which games could boxers aiming for the 2024 Olympics earn their quota spots?	Pacific Games
bn	bn:080:zh_zhuhai_car_attack_wuxi_stabbing__legal_milestone_date__011__target__zh_zhuhai_car_attack_wuxi_stabbing_target_zhuhai_leg_1__bn__surface_002	zh_zhuhai_car_attack_wuxi_stabbing__legal_milestone_date__011__target__zh_zhuhai_car_attack_wuxi_stabbing_target_zhuhai_leg_1__bn__surface_002	zh_zhuhai_car_attack_wuxi_stabbing__legal_milestone_date__011__target__zh_zhuhai_car_attack_wuxi_stabbing_target_zhuhai_leg_1__en__surface_002	zh_zhuhai_car_attack_wuxi_stabbing	zh_zhuhai_car_attack_wuxi_stabbing__legal_milestone_date__011	target	surface	legal_milestone_date	True	ok	none	5	5	5	5	Accurate and natural translation.	What was the date of the death penalty sentencing for the 2024 Zhuhai car attack perpetrator?	27 December 2024	২০২৪ সালের ঝুহাই গাড়ি হামলার অপরাধীর মৃত্যুদণ্ডাদেশের তারিখ কী ছিল?	২৭ ডিসেম্বর ২০২৪	What was the date of the death sentence for the perpetrator of the 2024 Zhuhai car attack?	27 December 2024
bn	bn:081:es_venezuela_protests_presidential_election__involved_person__014__neighbor__es_venezuela_protests_presidential_election_neighbor_neighbor_involved_person_5__bn__surface_001	es_venezuela_protests_presidential_election__involved_person__014__neighbor__es_venezuela_protests_presidential_election_neighbor_neighbor_involved_person_5__bn__surface_001	es_venezuela_protests_presidential_election__involved_person__014__neighbor__es_venezuela_protests_presidential_election_neighbor_neighbor_involved_person_5__en__surface_001	es_venezuela_protests_presidential_election	es_venezuela_protests_presidential_election__involved_person__014	neighbor	surface	involved_person	True	ok	none	5	5	5	5	Accurate and fluent translation.	Name an individual who is a key figure in the 2024 Venezuelan presidential election.	Corina Yoris	২০২৪ সালের ভেনিজুয়েলার প্রেসিডেন্ট নির্বাচনের একজন প্রধান ব্যক্তিত্বের নাম বলুন।	কোরিনা ইয়োরিস	Name a key figure in the 2024 Venezuelan presidential election.	Corina Yoris
bn	bn:082:sw_tanzania_protests_general_election__involved_organization__001__neighbor__sw_tanzania_protests_general_election_neighbor_neighbor_org_2__bn__surface_003	sw_tanzania_protests_general_election__involved_organization__001__neighbor__sw_tanzania_protests_general_election_neighbor_neighbor_org_2__bn__surface_003	sw_tanzania_protests_general_election__involved_organization__001__neighbor__sw_tanzania_protests_general_election_neighbor_neighbor_org_2__en__surface_003	sw_tanzania_protests_general_election	sw_tanzania_protests_general_election__involved_organization__001	neighbor	surface	involved_organization	True	ok	none	5	5	5	5	Accurate and natural phrasing in Bengali.	Name the opposition party that was banned from running in Tanzania's 2025 election.	Chadema	তানজানিয়ার ২০২৫ সালের নির্বাচনে অংশ নিতে নিষিদ্ধ হওয়া বিরোধী দলের নাম বলুন।	চাদেমা	Name the opposition party banned from participating in Tanzania's 2025 election.	Chadema
bn	bn:083:zh_zhuhai_car_attack_wuxi_stabbing__incident_date__012__neighbor__zh_zhuhai_car_attack_wuxi_stabbing_neighbor_wuxi_date_1__bn__surface_002	zh_zhuhai_car_attack_wuxi_stabbing__incident_date__012__neighbor__zh_zhuhai_car_attack_wuxi_stabbing_neighbor_wuxi_date_1__bn__surface_002	zh_zhuhai_car_attack_wuxi_stabbing__incident_date__012__neighbor__zh_zhuhai_car_attack_wuxi_stabbing_neighbor_wuxi_date_1__en__surface_002	zh_zhuhai_car_attack_wuxi_stabbing	zh_zhuhai_car_attack_wuxi_stabbing__incident_date__012	neighbor	surface	incident_date	True	ok	none	5	5	5	5	Good translation, correctly conveys the exact date query.	What was the exact date of the 2024 Wuxi stabbing?	16 November 2024	২০২৪ সালের উক্সি ছুরিকাঘাতের ঘটনার সঠিক তারিখ কী ছিল?	১৬ নভেম্বর ২০২৪	What was the exact date of the 2024 Wuxi stabbing incident?	16 November 2024
bn	bn:084:bn_anti_hindu_violence_national_citizen_party__commentator_or_reactor__003__neighbor__bn_anti_hindu_violence_national_citizen_party_neighbor_neighbor_commentator_or_reactor_2__bn__core	bn_anti_hindu_violence_national_citizen_party__commentator_or_reactor__003__neighbor__bn_anti_hindu_violence_national_citizen_party_neighbor_neighbor_commentator_or_reactor_2__bn__core	bn_anti_hindu_violence_national_citizen_party__commentator_or_reactor__003__neighbor__bn_anti_hindu_violence_national_citizen_party_neighbor_neighbor_commentator_or_reactor_2__en__core	bn_anti_hindu_violence_national_citizen_party	bn_anti_hindu_violence_national_citizen_party__commentator_or_reactor__003	neighbor	core	commentator_or_reactor	True	ok	none	5	5	5	5	Perfect translation.	Which Chief Adviser expressed support for the students' formation of a new political party?	Muhammad Yunus	কোন প্রধান উপদেষ্টা শিক্ষার্থীদের নতুন রাজনৈতিক দল গঠনে সমর্থন জানিয়েছেন?	মুহাম্মদ ইউনূস	Which chief advisor expressed support for the students forming a new political party?	Muhammad Yunus
bn	bn:085:de_munich_car_attack_federal_election__involved_person__008__neighbor__de_munich_car_attack_federal_election_neighbor_neighbor_involved_person_1__bn__surface_003	de_munich_car_attack_federal_election__involved_person__008__neighbor__de_munich_car_attack_federal_election_neighbor_neighbor_involved_person_1__bn__surface_003	de_munich_car_attack_federal_election__involved_person__008__neighbor__de_munich_car_attack_federal_election_neighbor_neighbor_involved_person_1__en__surface_003	de_munich_car_attack_federal_election	de_munich_car_attack_federal_election__involved_person__008	neighbor	surface	involved_person	True	ok	none	5	5	5	5	Excellent and fluent translation.	Which political leader serving as chancellor was involved in the 2025 German federal election?	Olaf Scholz	২০২৫ সালের জার্মান ফেডারেল নির্বাচনে চ্যান্সেলর হিসেবে দায়িত্ব পালনকারী কোন রাজনৈতিক নেতা জড়িত ছিলেন?	ওলাফ শলৎস	Which political leader serving as Chancellor was involved in the 2025 German federal election?	Olaf Scholz
bn	bn:086:fr_pelicot_case_gisele_pelicot__family_member__013__neighbor__fr_pelicot_case_gisele_pelicot_neighbor_neighbor_family_member_2__bn__core	fr_pelicot_case_gisele_pelicot__family_member__013__neighbor__fr_pelicot_case_gisele_pelicot_neighbor_neighbor_family_member_2__bn__core	fr_pelicot_case_gisele_pelicot__family_member__013__neighbor__fr_pelicot_case_gisele_pelicot_neighbor_neighbor_family_member_2__en__core	fr_pelicot_case_gisele_pelicot	fr_pelicot_case_gisele_pelicot__family_member__013	neighbor	core	family_member	True	ok	none	5	5	5	5	Accurate and natural.	Who is the daughter of Gisèle Pelicot?	Caroline	জিসেল পেলিকটের মেয়ে কে?	ক্যারোলিন	Who is Gisèle Pelicot's daughter?	Caroline
bn	bn:087:es_catatumbo_clashes_ecuador_election__involved_group__008__neighbor__es_catatumbo_clashes_ecuador_election_neighbor_neighbor_involved_group_4__bn__surface_001	es_catatumbo_clashes_ecuador_election__involved_group__008__neighbor__es_catatumbo_clashes_ecuador_election_neighbor_neighbor_involved_group_4__bn__surface_001	es_catatumbo_clashes_ecuador_election__involved_group__008__neighbor__es_catatumbo_clashes_ecuador_election_neighbor_neighbor_involved_group_4__en__surface_001	es_catatumbo_clashes_ecuador_election	es_catatumbo_clashes_ecuador_election__involved_group__008	neighbor	surface	involved_group	True	ok	none	5	5	5	5	Flawless translation.	During the 2025 Ecuadorian general election, which political group secured exactly 9 National Assembly seats?	Pachakutik	২০২৫ সালের ইকুয়েডরের সাধারণ নির্বাচনে কোন রাজনৈতিক গোষ্ঠী ন্যাশনাল অ্যাসেম্বলিতে ঠিক ৯টি আসন লাভ করেছিল?	পাচাকুতিক	Which political group won exactly 9 seats in the National Assembly in the 2025 Ecuadorian general election?	Pachakutik
bn	bn:088:en_uk_riots_southport_stabbings__involved_city_or_town__004__neighbor__en_uk_riots_southport_stabbings_neighbor_neighbor_city_4__bn__surface_002	en_uk_riots_southport_stabbings__involved_city_or_town__004__neighbor__en_uk_riots_southport_stabbings_neighbor_neighbor_city_4__bn__surface_002	en_uk_riots_southport_stabbings__involved_city_or_town__004__neighbor__en_uk_riots_southport_stabbings_neighbor_neighbor_city_4__en__surface_002	en_uk_riots_southport_stabbings	en_uk_riots_southport_stabbings__involved_city_or_town__004	neighbor	surface	involved_city_or_town	True	ok	none	5	5	5	5	Accurate and culturally appropriate translation.	Name the town where Axel Rudakubana attended The Acorns School.	Ormskirk	অ্যাক্সেল রুদাকুবানা যে শহরে দ্য অ্যাকর্নস স্কুলে পড়াশোনা করেছিলেন, তার নাম বলুন।	অর্মসকার্ক	Name the city where Axel Rudakubana studied at The Acorns School.	Ormskirk
bn	bn:089:sw_goma_offensive_drc_rwanda_peace__involved_country__006__target__sw_goma_offensive_drc_rwanda_peace_target_target_card_4__bn__core	sw_goma_offensive_drc_rwanda_peace__involved_country__006__target__sw_goma_offensive_drc_rwanda_peace_target_target_card_4__bn__core	sw_goma_offensive_drc_rwanda_peace__involved_country__006__target__sw_goma_offensive_drc_rwanda_peace_target_target_card_4__en__core	sw_goma_offensive_drc_rwanda_peace	sw_goma_offensive_drc_rwanda_peace__involved_country__006	target	core	involved_country	True	ok	none	5	5	5	5	Accurate and fluent translation preserving all constraints.	Which country deployed thousands of soldiers to assist the FARDC in South Kivu during the 2025 Goma offensive?	Burundi	২০২৫ সালের গোমা আক্রমণের সময় দক্ষিণ কিভুতে FARDC-কে সহায়তা করার জন্য কোন দেশ হাজার হাজার সৈন্য মোতায়েন করেছিল?	বুরুন্ডি	Which country deployed thousands of troops to assist the FARDC in South Kivu during the 2025 Goma offensive?	Burundi
bn	bn:090:ja_hyogo_gubernatorial_2025_ldp_presidential__candidate__003__target__ja_hyogo_gubernatorial_2025_ldp_presidential_target_target_candidate_1__bn__surface_001	ja_hyogo_gubernatorial_2025_ldp_presidential__candidate__003__target__ja_hyogo_gubernatorial_2025_ldp_presidential_target_target_candidate_1__bn__surface_001	ja_hyogo_gubernatorial_2025_ldp_presidential__candidate__003__target__ja_hyogo_gubernatorial_2025_ldp_presidential_target_target_candidate_1__en__surface_001	ja_hyogo_gubernatorial_2025_ldp_presidential	ja_hyogo_gubernatorial_2025_ldp_presidential__candidate__003	target	surface	candidate	True	ok	none	5	5	5	5	High quality and natural.	Which politician ran for office in the 2024 Hyogo gubernatorial election?	Motohiko Saitō	২০২৪ সালের হিয়োগো গভর্নর নির্বাচনে কোন রাজনীতিবিদ প্রতিদ্বন্দ্বিতা করেছিলেন?	মোতোহিকো সাইতো	Which politician contested in the 2024 Hyogo gubernatorial election?	Motohiko Saito
bn	bn:091:ar_lebanon_device_attacks_hq_strike__reaction_by_country_or_org__007__target__ar_lebanon_device_attacks_hq_strike_target_reaction_6__bn__core	ar_lebanon_device_attacks_hq_strike__reaction_by_country_or_org__007__target__ar_lebanon_device_attacks_hq_strike_target_reaction_6__bn__core	ar_lebanon_device_attacks_hq_strike__reaction_by_country_or_org__007__target__ar_lebanon_device_attacks_hq_strike_target_reaction_6__en__core	ar_lebanon_device_attacks_hq_strike	ar_lebanon_device_attacks_hq_strike__reaction_by_country_or_org__007	target	core	reaction_by_country_or_org	True	ok	none	5	5	5	5	Perfect translation.	Which country reacted to the 2024 Lebanon electronic device attacks by stating it opposed any act which infringes on Lebanon's sovereignty?	China	২০২৪ সালের লেবানন ইলেকট্রনিক ডিভাইস হামলার প্রতিক্রিয়ায় কোন দেশ জানিয়েছিল যে তারা লেবাননের সার্বভৌমত্ব লঙ্ঘনকারী যেকোনো কাজের বিরোধিতা করে?	চীন	In response to the 2024 Lebanon electronic device attacks, which country stated that they oppose any actions violating Lebanon's sovereignty?	China
bn	bn:092:ar_syrian_offensives_transitional_government__key_event_date__014__neighbor__ar_syrian_offensives_transitional_government_neighbor_neighbor_date_2__bn__surface_002	ar_syrian_offensives_transitional_government__key_event_date__014__neighbor__ar_syrian_offensives_transitional_government_neighbor_neighbor_date_2__bn__surface_002	ar_syrian_offensives_transitional_government__key_event_date__014__neighbor__ar_syrian_offensives_transitional_government_neighbor_neighbor_date_2__en__surface_002	ar_syrian_offensives_transitional_government	ar_syrian_offensives_transitional_government__key_event_date__014	neighbor	surface	key_event_date	True	ok	none	5	5	5	5	Accurate and natural.	What is the ratification date of the Constitutional Declaration of the Syrian Arab Republic by al-Sharaa?	13 March 2025	আল-শারা কর্তৃক সিরিয়ান আরব প্রজাতন্ত্রের সাংবিধানিক ঘোষণার অনুমোদনের তারিখ কী?	১৩ মার্চ ২০২৫	What is the date of the approval of the constitutional declaration of the Syrian Arab Republic by Al-Shara?	13 March 2025
bn	bn:093:zh_night_ride_kaifeng_henan_cuisine__has_notable_instance__003__neighbor__zh_night_ride_kaifeng_henan_cuisine_neighbor_7__bn__surface_001	zh_night_ride_kaifeng_henan_cuisine__has_notable_instance__003__neighbor__zh_night_ride_kaifeng_henan_cuisine_neighbor_7__bn__surface_001	zh_night_ride_kaifeng_henan_cuisine__has_notable_instance__003__neighbor__zh_night_ride_kaifeng_henan_cuisine_neighbor_7__en__surface_001	zh_night_ride_kaifeng_henan_cuisine	zh_night_ride_kaifeng_henan_cuisine__has_notable_instance__003	neighbor	surface	has_notable_instance	True	ok	none	5	5	5	5	Excellent translation.	Name the spicy soup that is a common breakfast staple in Henan cuisine.	Hulatang	হেনান রন্ধনশৈলীতে প্রাতঃরাশের একটি সাধারণ প্রধান খাবার হিসেবে পরিচিত মশলাদার স্যুপটির নাম বলুন।	হুলাতাং	Name the spicy soup known as a common breakfast staple in Henan cuisine.	Hulatang
bn	bn:094:ar_syrian_offensives_transitional_government__key_event_date__014__target__ar_syrian_offensives_transitional_government_target_target_date_3__bn__surface_003	ar_syrian_offensives_transitional_government__key_event_date__014__target__ar_syrian_offensives_transitional_government_target_target_date_3__bn__surface_003	ar_syrian_offensives_transitional_government__key_event_date__014__target__ar_syrian_offensives_transitional_government_target_target_date_3__en__surface_003	ar_syrian_offensives_transitional_government	ar_syrian_offensives_transitional_government__key_event_date__014	target	surface	key_event_date	True	ok	none	5	5	5	5	Faithful and fluent.	On which day did Hama fall to opposition forces in the context of the 2024 Syrian offensives?	5 December	২০২৪ সালের সিরীয় অভিযানের প্রেক্ষাপটে কোন দিন বিরোধী বাহিনীর কাছে হামার পতন ঘটে?	৫ ডিসেম্বর	In the context of the 2024 Syrian offensive, on what day did Hama fall to opposition forces?	December 5
bn	bn:095:bn_anti_hindu_violence_national_citizen_party__commentator_or_reactor__003__neighbor__bn_anti_hindu_violence_national_citizen_party_neighbor_neighbor_commentator_or_reactor_2__bn__surface_002	bn_anti_hindu_violence_national_citizen_party__commentator_or_reactor__003__neighbor__bn_anti_hindu_violence_national_citizen_party_neighbor_neighbor_commentator_or_reactor_2__bn__surface_002	bn_anti_hindu_violence_national_citizen_party__commentator_or_reactor__003__neighbor__bn_anti_hindu_violence_national_citizen_party_neighbor_neighbor_commentator_or_reactor_2__en__surface_002	bn_anti_hindu_violence_national_citizen_party	bn_anti_hindu_violence_national_citizen_party__commentator_or_reactor__003	neighbor	surface	commentator_or_reactor	True	ok	none	5	5	5	5	Spot on.	The formation of a new political party by students received expressions of support from which Chief Adviser?	Muhammad Yunus	শিক্ষার্থীদের দ্বারা একটি নতুন রাজনৈতিক দল গঠন কোন প্রধান উপদেষ্টার সমর্থন লাভ করেছে?	মুহাম্মদ ইউনূস	Which chief advisor's support did the formation of a new political party by students receive?	Muhammad Yunus
bn	bn:096:th_political_crisis_same_sex_marriage__official_action_or_decision__003__neighbor__th_political_crisis_same_sex_marriage_neighbor_th_same_sex_marriage_official_action_4__bn__surface_001	th_political_crisis_same_sex_marriage__official_action_or_decision__003__neighbor__th_political_crisis_same_sex_marriage_neighbor_th_same_sex_marriage_official_action_4__bn__surface_001	th_political_crisis_same_sex_marriage__official_action_or_decision__003__neighbor__th_political_crisis_same_sex_marriage_neighbor_th_same_sex_marriage_official_action_4__en__surface_001	th_political_crisis_same_sex_marriage	th_political_crisis_same_sex_marriage__official_action_or_decision__003	neighbor	surface	official_action_or_decision	True	ok	none	5	5	5	5	Good phrasing, clear and accurate.	In 2021, how did Thailand's top charter court judge section 1448 of the Civil and Commercial Code restricting marriage to men and women?	was constitutional	২০২১ সালে, থাইল্যান্ডের শীর্ষ সাংবিধানিক আদালত দেওয়ানি ও বাণিজ্যিক বিধির ১৪৪৮ নম্বর ধারা (যা বিবাহকে কেবল নারী ও পুরুষের মধ্যে সীমাবদ্ধ করে) সম্পর্কে কী রায় দিয়েছিল?	সাংবিধানিক ছিল	In 2021, what did Thailand's top constitutional court rule regarding Section 1448 of the Civil and Commercial Code (which restricts marriage to only a man and a woman)?	It was constitutional
bn	bn:097:fr_olympics_opening_closing_ceremony__dignitary_present__008__neighbor__fr_olympics_opening_closing_ceremony_neighbor_neighbor_dignitary_present_1__bn__surface_003	fr_olympics_opening_closing_ceremony__dignitary_present__008__neighbor__fr_olympics_opening_closing_ceremony_neighbor_neighbor_dignitary_present_1__bn__surface_003	fr_olympics_opening_closing_ceremony__dignitary_present__008__neighbor__fr_olympics_opening_closing_ceremony_neighbor_neighbor_dignitary_present_1__en__surface_003	fr_olympics_opening_closing_ceremony	fr_olympics_opening_closing_ceremony__dignitary_present__008	neighbor	surface	dignitary_present	True	ok	none	5	5	5	5	Perfectly clear and accurate.	Name the dignitary responsible for giving the closing remarks at the 2024 Summer Games closing ceremony.	Thomas Bach	২০২৪ সালের গ্রীষ্মকালীন গেমসের সমাপনী অনুষ্ঠানে সমাপনী বক্তব্য রাখার দায়িত্বে থাকা গণ্যমান্য ব্যক্তির নাম বলুন।	টমাস বাখ	Name the dignitary responsible for delivering the closing speech at the closing ceremony of the 2024 Summer Games.	Thomas Bach
bn	bn:098:bn_hasina_resignation_2026_election__participant_person__005__target__bn_hasina_resignation_2026_election_target_2__bn__core	bn_hasina_resignation_2026_election__participant_person__005__target__bn_hasina_resignation_2026_election_target_2__bn__core	bn_hasina_resignation_2026_election__participant_person__005__target__bn_hasina_resignation_2026_election_target_2__en__core	bn_hasina_resignation_2026_election	bn_hasina_resignation_2026_election__participant_person__005	target	core	participant_person	True	ok	none	5	5	5	5	Highly accurate and natural.	Who fled the country on a helicopter with her sister, Sheikh Hasina?	Sheikh Rehana	কে তার বোন শেখ হাসিনার সাথে হেলিকপ্টারে করে দেশ ছেড়ে পালিয়েছিলেন?	শেখ রেহানা	Who fled the country by helicopter with her sister Sheikh Hasina?	Sheikh Rehana
bn	bn:099:bn_noncooperation_interim_government__key_figures__010__target__bn_noncooperation_interim_government_target_target_key_figures_3__bn__surface_001	bn_noncooperation_interim_government__key_figures__010__target__bn_noncooperation_interim_government_target_target_key_figures_3__bn__surface_001	bn_noncooperation_interim_government__key_figures__010__target__bn_noncooperation_interim_government_target_target_key_figures_3__en__surface_001	bn_noncooperation_interim_government	bn_noncooperation_interim_government__key_figures__010	target	surface	key_figures	True	ok	none	5	5	5	5	Contextually excellent translation.	Which coordinator announced the exclusive demand of the movement to the crowd gathered at Shaheed Minar?	Nahid Islam	শহীদ মিনারে সমবেত জনতার উদ্দেশ্যে কোন সমন্বয়ক আন্দোলনের একমাত্র দাবিটি ঘোষণা করেছিলেন?	নাহিদ ইসলাম	Which coordinator announced the movement's only demand to the gathered crowd at the Shaheed Minar?	Nahid Islam
bn	bn:100:de_munich_car_attack_federal_election__involved_organization__001__target__de_munich_car_attack_federal_election_target_target_involved_organization_1__bn__surface_002	de_munich_car_attack_federal_election__involved_organization__001__target__de_munich_car_attack_federal_election_target_target_involved_organization_1__bn__surface_002	de_munich_car_attack_federal_election__involved_organization__001__target__de_munich_car_attack_federal_election_target_target_involved_organization_1__en__surface_002	de_munich_car_attack_federal_election	de_munich_car_attack_federal_election__involved_organization__001	target	surface	involved_organization	True	ok	none	5	5	5	5	Accurate transliteration and meaning.	The protest march hit during the 2025 Munich car attack was organized by which union?	ver.di	২০২৫ সালের মিউনিখ গাড়ি হামলার সময় আক্রান্ত প্রতিবাদ মিছিলটি কোন ইউনিয়ন আয়োজন করেছিল?	ভের.ডি	Which union organized the protest march attacked during the 2025 Munich car attack?	Ver.di
de	de:001:ar_lebanon_device_attacks_hq_strike__reaction_by_country_or_org__003__target__ar_lebanon_device_attacks_hq_strike_target_reaction_2__de__surface_001	ar_lebanon_device_attacks_hq_strike__reaction_by_country_or_org__003__target__ar_lebanon_device_attacks_hq_strike_target_reaction_2__de__surface_001	ar_lebanon_device_attacks_hq_strike__reaction_by_country_or_org__003__target__ar_lebanon_device_attacks_hq_strike_target_reaction_2__en__surface_001	ar_lebanon_device_attacks_hq_strike	ar_lebanon_device_attacks_hq_strike__reaction_by_country_or_org__003	target	surface	reaction_by_country_or_org	True	ok	none	5	5	5	5	Perfect translation.	"What nation called the 2024 Lebanon electronic device attacks ""Israeli terrorism""?"	Iran	Welches Land bezeichnete die Angriffe auf elektronische Geräte im Libanon 2024 als „israelischen Terrorismus“?	Iran	Which country described the attacks on electronic devices in Lebanon in 2024 as 'Israeli terrorism'?	Iran
de	de:002:ar_haniyeh_assassination_masoud_pezeshkian__associated_person__010__neighbor__ar_haniyeh_assassination_masoud_pezeshkian_neighbor_4__de__surface_001	ar_haniyeh_assassination_masoud_pezeshkian__associated_person__010__neighbor__ar_haniyeh_assassination_masoud_pezeshkian_neighbor_4__de__surface_001	ar_haniyeh_assassination_masoud_pezeshkian__associated_person__010__neighbor__ar_haniyeh_assassination_masoud_pezeshkian_neighbor_4__en__surface_001	ar_haniyeh_assassination_masoud_pezeshkian	ar_haniyeh_assassination_masoud_pezeshkian__associated_person__010	neighbor	surface	associated_person	True	ok	none	5	5	5	5	Accurate and fluent.	Masoud Pezeshkian presided over retaliatory strikes following the assassination of which individual?	Hassan Nasrallah	Nach der Ermordung welcher Person leitete Masoud Pezeshkian Vergeltungsschläge?	Hassan Nasrallah	After the assassination of which person did Masoud Pezeshkian direct retaliatory strikes?	Hassan Nasrallah
de	de:003:en_uk_riots_southport_stabbings__involved_city_or_town__001__neighbor__en_uk_riots_southport_stabbings_neighbor_neighbor_city_2__de__surface_003	en_uk_riots_southport_stabbings__involved_city_or_town__001__neighbor__en_uk_riots_southport_stabbings_neighbor_neighbor_city_2__de__surface_003	en_uk_riots_southport_stabbings__involved_city_or_town__001__neighbor__en_uk_riots_southport_stabbings_neighbor_neighbor_city_2__en__surface_003	en_uk_riots_southport_stabbings	en_uk_riots_southport_stabbings__involved_city_or_town__001	neighbor	surface	involved_city_or_town	True	ok	none	5	5	5	5	Natural and accurate.	Axel Rudakubana, who carried out the 2024 Southport stabbings, was born in which city?	Cardiff	In welcher Stadt wurde Axel Rudakubana, der die Messerangriffe in Southport 2024 verübte, geboren?	Cardiff	In which city was Axel Rudakubana, who committed the 2024 Southport stabbings, born?	Cardiff
de	de:004:sw_goma_offensive_drc_rwanda_peace__key_figure__013__target__sw_goma_offensive_drc_rwanda_peace_target_target_card_14__de__surface_002	sw_goma_offensive_drc_rwanda_peace__key_figure__013__target__sw_goma_offensive_drc_rwanda_peace_target_target_card_14__de__surface_002	sw_goma_offensive_drc_rwanda_peace__key_figure__013__target__sw_goma_offensive_drc_rwanda_peace_target_target_card_14__en__surface_002	sw_goma_offensive_drc_rwanda_peace	sw_goma_offensive_drc_rwanda_peace__key_figure__013	target	surface	key_figure	True	ok	none	5	5	5	5	Faithful translation.	Name the person who heads the rebel group behind the 2025 Goma offensive.	Corneille Nangaa	Nennen Sie die Person, die die Rebellengruppe hinter der Goma-Offensive 2025 anführt.	Corneille Nangaa	Name the person who leads the rebel group behind the 2025 Goma offensive.	Corneille Nangaa
de	de:005:th_audit_office_bangkok_road_collapse__event_dates__013__target__th_audit_office_bangkok_road_collapse_target_target_event_dates_3__de__surface_001	th_audit_office_bangkok_road_collapse__event_dates__013__target__th_audit_office_bangkok_road_collapse_target_target_event_dates_3__de__surface_001	th_audit_office_bangkok_road_collapse__event_dates__013__target__th_audit_office_bangkok_road_collapse_target_target_event_dates_3__en__surface_001	th_audit_office_bangkok_road_collapse	th_audit_office_bangkok_road_collapse__event_dates__013	target	surface	event_dates	True	ok	none	5	5	5	5	Accurate and fluent.	When was the apology issued by the Governor of Bangkok regarding the delayed rescue efforts at the State Audit Office building?	4 April	Wann wurde die Entschuldigung des Gouverneurs von Bangkok bezüglich der verzögerten Rettungsmaßnahmen am Gebäude des staatlichen Rechnungshofs abgegeben?	4. April	When was the apology of the Governor of Bangkok regarding the delayed rescue operations at the State Audit Office building issued?	April 4
de	de:006:zh_shenzhen_stabbing_wuxi_stabbing__perpetrator_attributes__001__target__zh_shenzhen_stabbing_wuxi_stabbing_target_target_perp_2__de__surface_003	zh_shenzhen_stabbing_wuxi_stabbing__perpetrator_attributes__001__target__zh_shenzhen_stabbing_wuxi_stabbing_target_target_perp_2__de__surface_003	zh_shenzhen_stabbing_wuxi_stabbing__perpetrator_attributes__001__target__zh_shenzhen_stabbing_wuxi_stabbing_target_target_perp_2__en__surface_003	zh_shenzhen_stabbing_wuxi_stabbing	zh_shenzhen_stabbing_wuxi_stabbing__perpetrator_attributes__001	target	surface	perpetrator_attributes	True	minor	unnatural	5	5	4	5	The standalone adjective '44-jährig' is slightly unnatural as an answer compared to a noun phrase like '44 Jahre' or 'Ein 44-Jähriger', but it remains acceptable.	Can you provide the age of the assailant in the 2024 Shenzhen stabbing?	44-year-old	Können Sie das Alter des Angreifers beim Messerangriff in Shenzhen 2024 nennen?	44-jährig	Can you state the age of the attacker in the 2024 Shenzhen knife attack?	44-year-old
de	de:007:bn_hasina_resignation_2026_election__significant_date__015__neighbor__bn_hasina_resignation_2026_election_neighbor_19__de__surface_001	bn_hasina_resignation_2026_election__significant_date__015__neighbor__bn_hasina_resignation_2026_election_neighbor_19__de__surface_001	bn_hasina_resignation_2026_election__significant_date__015__neighbor__bn_hasina_resignation_2026_election_neighbor_19__en__surface_001	bn_hasina_resignation_2026_election	bn_hasina_resignation_2026_election__significant_date__015	neighbor	surface	significant_date	True	ok	none	5	5	5	5	Accurate and appropriately formal.	When did the death of former Prime Minister Khaleda Zia occur?	30 December 2025	Wann ereignete sich der Tod der ehemaligen Premierministerin Khaleda Zia?	30. Dezember 2025	When did the death of former Prime Minister Khaleda Zia occur?	December 30, 2025
de	de:008:sw_tanzania_protests_general_election__event_date__014__target__sw_tanzania_protests_general_election_target_target_date_2__de__core	sw_tanzania_protests_general_election__event_date__014__target__sw_tanzania_protests_general_election_target_target_date_2__de__core	sw_tanzania_protests_general_election__event_date__014__target__sw_tanzania_protests_general_election_target_target_date_2__en__core	sw_tanzania_protests_general_election	sw_tanzania_protests_general_election__event_date__014	target	core	event_date	True	ok	none	5	5	5	5	Good translation.	On what date did the UN's OHCHR express alarm at the deaths and injuries during the 2025 Tanzanian election protests?	31 October	An welchem Datum äußerte das UN-OHCHR seine Besorgnis über die Todesfälle und Verletzungen während der tansanischen Wahlproteste 2025?	31. Oktober	On what date did the UN-OHCHR express its concern about the deaths and injuries during the 2025 Tanzanian election protests?	October 31
de	de:009:zh_night_ride_kaifeng_henan_cuisine__utilizes_key_element__002__target__zh_night_ride_kaifeng_henan_cuisine_target_12__de__surface_003	zh_night_ride_kaifeng_henan_cuisine__utilizes_key_element__002__target__zh_night_ride_kaifeng_henan_cuisine_target_12__de__surface_003	zh_night_ride_kaifeng_henan_cuisine__utilizes_key_element__002__target__zh_night_ride_kaifeng_henan_cuisine_target_12__en__surface_003	zh_night_ride_kaifeng_henan_cuisine	zh_night_ride_kaifeng_henan_cuisine__utilizes_key_element__002	target	surface	utilizes_key_element	True	ok	none	5	5	5	5	Fluent and well translated.	To ask cyclists to turn back during the night ride to Kaifeng, what specific object did the traffic police use?	megaphones	Welchen bestimmten Gegenstand benutzte die Verkehrspolizei, um Radfahrer während der Nachtfahrt nach Kaifeng zur Umkehr aufzufordern?	Megafone	What specific item did the traffic police use to ask cyclists to turn back during the night ride to Kaifeng?	Megaphones
de	de:010:ja_hyuga_nada_earthquake_expo_pavilions__affected_or_involved_region__001__neighbor__ja_hyuga_nada_earthquake_expo_pavilions_neighbor_neighbor_affected_region_1__de__core	ja_hyuga_nada_earthquake_expo_pavilions__affected_or_involved_region__001__neighbor__ja_hyuga_nada_earthquake_expo_pavilions_neighbor_neighbor_affected_region_1__de__core	ja_hyuga_nada_earthquake_expo_pavilions__affected_or_involved_region__001__neighbor__ja_hyuga_nada_earthquake_expo_pavilions_neighbor_neighbor_affected_region_1__en__core	ja_hyuga_nada_earthquake_expo_pavilions	ja_hyuga_nada_earthquake_expo_pavilions__affected_or_involved_region__001	neighbor	core	affected_or_involved_region	True	ok	none	5	5	5	5	Accurate and fluent.	Which country withdrew its participation from Expo 2025?	Greece	Welches Land hat seine Teilnahme an der Expo 2025 zurückgezogen?	Griechenland	Which country has withdrawn its participation in Expo 2025?	Greece
de	de:011:es_venezuela_crisis_uruguay_election__international_reaction_country__003__target__es_venezuela_crisis_uruguay_election_target_target_intl_reaction_3__de__surface_002	es_venezuela_crisis_uruguay_election__international_reaction_country__003__target__es_venezuela_crisis_uruguay_election_target_target_intl_reaction_3__de__surface_002	es_venezuela_crisis_uruguay_election__international_reaction_country__003__target__es_venezuela_crisis_uruguay_election_target_target_intl_reaction_3__en__surface_002	es_venezuela_crisis_uruguay_election	es_venezuela_crisis_uruguay_election__international_reaction_country__003	target	surface	international_reaction_country	True	ok	none	5	5	5	5	Accurate and fluent translation.	During the 2024 Venezuelan political crisis, what nation's government acknowledged Maduro as the winner of the election?	Nicaragua	Die Regierung welches Landes erkannte während der politischen Krise in Venezuela 2024 Maduro als Gewinner der Wahl an?	Nicaragua	The government of which country recognized Maduro as the winner of the election during the 2024 Venezuelan political crisis?	Nicaragua
de	de:012:es_venezuela_crisis_uruguay_election__international_reaction_country__005__target__es_venezuela_crisis_uruguay_election_target_target_intl_reaction_5__de__surface_002	es_venezuela_crisis_uruguay_election__international_reaction_country__005__target__es_venezuela_crisis_uruguay_election_target_target_intl_reaction_5__de__surface_002	es_venezuela_crisis_uruguay_election__international_reaction_country__005__target__es_venezuela_crisis_uruguay_election_target_target_intl_reaction_5__en__surface_002	es_venezuela_crisis_uruguay_election	es_venezuela_crisis_uruguay_election__international_reaction_country__005	target	surface	international_reaction_country	True	ok	none	5	5	5	5	Accurate and fluent translation.	Regarding the 2024 Venezuelan political crisis, which country's leader cautioned against the danger of dictatorship?	Ecuador	Der Staatschef welches Landes warnte in Bezug auf die politische Krise in Venezuela 2024 vor der Gefahr einer Diktatur?	Ecuador	The head of state of which country warned of the danger of a dictatorship regarding the political crisis in Venezuela in 2024?	Ecuador
de	de:013:ar_syrian_offensives_transitional_government__international_reaction__004__target__ar_syrian_offensives_transitional_government_target_target_reaction_3__de__surface_001	ar_syrian_offensives_transitional_government__international_reaction__004__target__ar_syrian_offensives_transitional_government_target_target_reaction_3__de__surface_001	ar_syrian_offensives_transitional_government__international_reaction__004__target__ar_syrian_offensives_transitional_government_target_target_reaction_3__en__surface_001	ar_syrian_offensives_transitional_government	ar_syrian_offensives_transitional_government__international_reaction__004	target	surface	international_reaction	True	ok	none	5	5	5	5	Accurate and fluent translation.	What nation officially reacted to the 2024 Syrian opposition offensives by labeling them a violation of Syrian sovereignty?	Russia	Welches Land reagierte offiziell auf die Offensiven der syrischen Opposition von 2024, indem es diese als Verletzung der syrischen Souveränität bezeichnete?	Russland	Which country officially reacted to the 2024 Syrian opposition offensives by calling them a violation of Syrian sovereignty?	Russia
de	de:014:es_catatumbo_clashes_ecuador_election__location__002__target__es_catatumbo_clashes_ecuador_election_target_target_location_4__de__core	es_catatumbo_clashes_ecuador_election__location__002__target__es_catatumbo_clashes_ecuador_election_target_target_location_4__de__core	es_catatumbo_clashes_ecuador_election__location__002__target__es_catatumbo_clashes_ecuador_election_target_target_location_4__en__core	es_catatumbo_clashes_ecuador_election	es_catatumbo_clashes_ecuador_election__location__002	target	core	location	True	ok	none	5	5	5	5	Accurate and fluent translation.	Which city's mayor prepared the stadium to receive displaced people from the 2025 Catatumbo clashes?	Ocaña	Der Bürgermeister welcher Stadt bereitete das Stadion vor, um Vertriebene der Catatumbo-Kämpfe 2025 aufzunehmen?	Ocaña	The mayor of which city prepared the stadium to accommodate displaced persons of the 2025 Catatumbo clashes?	Ocaña
de	de:015:es_catatumbo_clashes_ecuador_election__key_figure__014__target__es_catatumbo_clashes_ecuador_election_target_target_key_figure_2__de__surface_002	es_catatumbo_clashes_ecuador_election__key_figure__014__target__es_catatumbo_clashes_ecuador_election_target_target_key_figure_2__de__surface_002	es_catatumbo_clashes_ecuador_election__key_figure__014__target__es_catatumbo_clashes_ecuador_election_target_target_key_figure_2__en__surface_002	es_catatumbo_clashes_ecuador_election	es_catatumbo_clashes_ecuador_election__key_figure__014	target	surface	key_figure	True	ok	none	5	5	5	5	Accurate and fluent translation.	Name the person who spoke out about the displacement and civilian casualties during the 2025 Catatumbo clashes.	William Villamizar Laguado	Nennen Sie die Person, die sich zu der Vertreibung und den zivilen Opfern während der Catatumbo-Zusammenstöße 2025 geäußert hat.	William Villamizar Laguado	Name the person who commented on the displacement and civilian casualties during the 2025 Catatumbo clashes.	William Villamizar Laguado
de	de:016:bn_hasina_resignation_2026_election__participant_person__005__target__bn_hasina_resignation_2026_election_target_2__de__surface_001	bn_hasina_resignation_2026_election__participant_person__005__target__bn_hasina_resignation_2026_election_target_2__de__surface_001	bn_hasina_resignation_2026_election__participant_person__005__target__bn_hasina_resignation_2026_election_target_2__en__surface_001	bn_hasina_resignation_2026_election	bn_hasina_resignation_2026_election__participant_person__005	target	surface	participant_person	True	ok	none	5	5	5	5	Accurate and fluent translation.	Which sibling accompanied Sheikh Hasina as she escaped the country by helicopter?	Sheikh Rehana	Welches ihrer Geschwister begleitete Sheikh Hasina, als sie mit einem Hubschrauber aus dem Land floh?	Sheikh Rehana	Which of her siblings accompanied Sheikh Hasina when she fled the country by helicopter?	Sheikh Rehana
de	de:017:es_venezuela_protests_presidential_election__event_location__004__neighbor__es_venezuela_protests_presidential_election_neighbor_neighbor_event_location_2__de__core	es_venezuela_protests_presidential_election__event_location__004__neighbor__es_venezuela_protests_presidential_election_neighbor_neighbor_event_location_2__de__core	es_venezuela_protests_presidential_election__event_location__004__neighbor__es_venezuela_protests_presidential_election_neighbor_neighbor_event_location_2__en__core	es_venezuela_protests_presidential_election	es_venezuela_protests_presidential_election__event_location__004	neighbor	core	event_location	True	ok	none	5	5	5	5	Accurate and fluent translation.	Which city is a location associated with the 2024 Venezuelan presidential election?	Madrid	Welche Stadt ist ein Ort, der mit der venezolanischen Präsidentschaftswahl 2024 in Verbindung steht?	Madrid	Which city is a location associated with the 2024 Venezuelan presidential election?	Madrid
de	de:018:de_aschaffenburg_stabbing_merz_cabinet__participant__008__neighbor__de_aschaffenburg_stabbing_merz_cabinet_neighbor_neighbor_participant_1__de__core	de_aschaffenburg_stabbing_merz_cabinet__participant__008__neighbor__de_aschaffenburg_stabbing_merz_cabinet_neighbor_neighbor_participant_1__de__core	de_aschaffenburg_stabbing_merz_cabinet__participant__008__neighbor__de_aschaffenburg_stabbing_merz_cabinet_neighbor_neighbor_participant_1__en__core	de_aschaffenburg_stabbing_merz_cabinet	de_aschaffenburg_stabbing_merz_cabinet__participant__008	neighbor	core	participant	True	ok	none	5	5	5	5	Accurate and fluent translation.	Who leads Germany's federal cabinet formed in 2025?	Friedrich Merz	Wer leitet das 2025 gebildete deutsche Bundeskabinett?	Friedrich Merz	Who leads the German federal cabinet formed in 2025?	Friedrich Merz
de	de:019:en_uk_riots_southport_stabbings__involved_person_or_key_figure__015__target__en_uk_riots_southport_stabbings_target_target_person_4__de__surface_002	en_uk_riots_southport_stabbings__involved_person_or_key_figure__015__target__en_uk_riots_southport_stabbings_target_target_person_4__de__surface_002	en_uk_riots_southport_stabbings__involved_person_or_key_figure__015__target__en_uk_riots_southport_stabbings_target_target_person_4__en__surface_002	en_uk_riots_southport_stabbings	en_uk_riots_southport_stabbings__involved_person_or_key_figure__015	target	surface	involved_person_or_key_figure	True	ok	none	5	5	5	5	Accurate and fluent translation.	Name the person who was sentenced to seven and a half years in jail for their role in instigating violence through a Telegram group during the 2024 United Kingdom riots.	Andrew McIntyre	Nennen Sie die Person, die wegen ihrer Rolle bei der Anstiftung zu Gewalt durch eine Telegram-Gruppe während der Unruhen im Vereinigten Königreich 2024 zu siebeneinhalb Jahren Haft verurteilt wurde.	Andrew McIntyre	Name the person who was sentenced to seven and a half years in prison for their role in inciting violence through a Telegram group during the 2024 United Kingdom riots.	Andrew McIntyre
de	de:020:en_uk_riots_southport_stabbings__involved_city_or_town__001__target__en_uk_riots_southport_stabbings_target_target_city_1__de__surface_001	en_uk_riots_southport_stabbings__involved_city_or_town__001__target__en_uk_riots_southport_stabbings_target_target_city_1__de__surface_001	en_uk_riots_southport_stabbings__involved_city_or_town__001__target__en_uk_riots_southport_stabbings_target_target_city_1__en__surface_001	en_uk_riots_southport_stabbings	en_uk_riots_southport_stabbings__involved_city_or_town__001	target	surface	involved_city_or_town	True	ok	none	5	5	5	5	Accurate and fluent translation.	What city served as the starting point for the 2024 United Kingdom race riots?	Southport	Welche Stadt diente als Ausgangspunkt für die Rassenunruhen im Vereinigten Königreich 2024?	Southport	Which city served as the starting point for the race riots in the United Kingdom in 2024?	Southport
de	de:021:fr_olympics_opening_closing_ceremony__dignitary_present__010__neighbor__fr_olympics_opening_closing_ceremony_neighbor_neighbor_dignitary_present_4__de__core	fr_olympics_opening_closing_ceremony__dignitary_present__010__neighbor__fr_olympics_opening_closing_ceremony_neighbor_neighbor_dignitary_present_4__de__core	fr_olympics_opening_closing_ceremony__dignitary_present__010__neighbor__fr_olympics_opening_closing_ceremony_neighbor_neighbor_dignitary_present_4__en__core	fr_olympics_opening_closing_ceremony	fr_olympics_opening_closing_ceremony__dignitary_present__010	neighbor	core	dignitary_present	True	ok	none	5	5	5	5	Perfectly clear and accurate translation.	Which Los Angeles mayor received the Olympic flag at the 2024 Summer Olympics closing ceremony?	Karen Bass	Welcher Bürgermeister von Los Angeles nahm bei der Abschlussfeier der Olympischen Sommerspiele 2024 die olympische Flagge entgegen?	Karen Bass	Which mayor of Los Angeles received the Olympic flag at the closing ceremony of the 2024 Summer Olympics?	Karen Bass
de	de:022:fr_imane_khelif_olympic_boxing__event_year__004__target__fr_imane_khelif_olympic_boxing_target_11__de__surface_001	fr_imane_khelif_olympic_boxing__event_year__004__target__fr_imane_khelif_olympic_boxing_target_11__de__surface_001	fr_imane_khelif_olympic_boxing__event_year__004__target__fr_imane_khelif_olympic_boxing_target_11__en__surface_001	fr_imane_khelif_olympic_boxing	fr_imane_khelif_olympic_boxing__event_year__004	target	surface	event_year	True	ok	none	5	5	5	5	Accurate and natural.	When did Imane Khelif participate in the AIBA Women's World Boxing Championships?	2018	Wann nahm Imane Khelif an den AIBA-Boxweltmeisterschaften der Frauen teil?	2018	When did Imane Khelif participate in the AIBA Women's World Boxing Championships?	2018
de	de:023:ja_hyogo_gubernatorial_2025_ldp_presidential__candidate__003__neighbor__ja_hyogo_gubernatorial_2025_ldp_presidential_neighbor_neighbor_candidate_1__de__core	ja_hyogo_gubernatorial_2025_ldp_presidential__candidate__003__neighbor__ja_hyogo_gubernatorial_2025_ldp_presidential_neighbor_neighbor_candidate_1__de__core	ja_hyogo_gubernatorial_2025_ldp_presidential__candidate__003__neighbor__ja_hyogo_gubernatorial_2025_ldp_presidential_neighbor_neighbor_candidate_1__en__core	ja_hyogo_gubernatorial_2025_ldp_presidential	ja_hyogo_gubernatorial_2025_ldp_presidential__candidate__003	neighbor	core	candidate	True	ok	none	5	5	5	5	Excellent translation.	Who was a candidate in the 2025 Liberal Democratic Party presidential election?	Sanae Takaichi	Wer war ein Kandidat bei der Präsidentschaftswahl der Liberaldemokratischen Partei 2025?	Sanae Takaichi	Who was a candidate in the 2025 presidential election of the Liberal Democratic Party?	Sanae Takaichi
de	de:024:bn_noncooperation_interim_government__key_figures__008__neighbor__bn_noncooperation_interim_government_neighbor_neighbor_key_figures_1__de__surface_003	bn_noncooperation_interim_government__key_figures__008__neighbor__bn_noncooperation_interim_government_neighbor_neighbor_key_figures_1__de__surface_003	bn_noncooperation_interim_government__key_figures__008__neighbor__bn_noncooperation_interim_government_neighbor_neighbor_key_figures_1__en__surface_003	bn_noncooperation_interim_government	bn_noncooperation_interim_government__key_figures__008	neighbor	surface	key_figures	True	ok	none	5	5	5	5	Fluent and faithful translation.	Which individual officially assumed the role of Chief Adviser of Bangladesh after being sworn in?	Muhammad Yunus	Welche Person übernahm nach ihrer Vereidigung offiziell das Amt des Chefberaters von Bangladesch?	Muhammad Yunus	Which person officially assumed the office of Chief Adviser of Bangladesh after their swearing-in?	Muhammad Yunus
de	de:025:en_brian_thompson_killing_luigi_mangione__key_locations__011__neighbor__en_brian_thompson_killing_luigi_mangione_neighbor_neighbor_key_locations_2__de__surface_002	en_brian_thompson_killing_luigi_mangione__key_locations__011__neighbor__en_brian_thompson_killing_luigi_mangione_neighbor_neighbor_key_locations_2__de__surface_002	en_brian_thompson_killing_luigi_mangione__key_locations__011__neighbor__en_brian_thompson_killing_luigi_mangione_neighbor_neighbor_key_locations_2__en__surface_002	en_brian_thompson_killing_luigi_mangione	en_brian_thompson_killing_luigi_mangione__key_locations__011	neighbor	surface	key_locations	True	ok	none	5	5	5	5	Accurate and natural German phrasing.	What is the location where the manhunt for Luigi Mangione ended with his capture?	Altoona, Pennsylvania	An welchem Ort endete die Fahndung nach Luigi Mangione mit seiner Festnahme?	Altoona, Pennsylvania	At what location did the manhunt for Luigi Mangione end with his arrest?	Altoona, Pennsylvania
de	de:026:en_tesla_vandalism_doge__key_person__004__neighbor__en_tesla_vandalism_doge_neighbor_neighbor_key_person_1__de__core	en_tesla_vandalism_doge__key_person__004__neighbor__en_tesla_vandalism_doge_neighbor_neighbor_key_person_1__de__core	en_tesla_vandalism_doge__key_person__004__neighbor__en_tesla_vandalism_doge_neighbor_neighbor_key_person_1__en__core	en_tesla_vandalism_doge	en_tesla_vandalism_doge__key_person__004	neighbor	core	key_person	True	ok	none	5	5	5	5	Perfect translation, appropriately keeping the US department name in English.	Who first suggested the idea for the Department of Government Efficiency to Donald Trump in 2024?	Elon Musk	Wer schlug Donald Trump im Jahr 2024 als Erster die Idee für das Department of Government Efficiency vor?	Elon Musk	Who first proposed the idea for the Department of Government Efficiency to Donald Trump in 2024?	Elon Musk
de	de:027:fr_imane_khelif_olympic_boxing__event_year__004__neighbor__fr_imane_khelif_olympic_boxing_neighbor_13__de__surface_003	fr_imane_khelif_olympic_boxing__event_year__004__neighbor__fr_imane_khelif_olympic_boxing_neighbor_13__de__surface_003	fr_imane_khelif_olympic_boxing__event_year__004__neighbor__fr_imane_khelif_olympic_boxing_neighbor_13__en__surface_003	fr_imane_khelif_olympic_boxing	fr_imane_khelif_olympic_boxing__event_year__004	neighbor	surface	event_year	True	ok	none	5	5	5	5	Very natural translation.	The boxing competitions took place at the Summer Olympics in what year?	2024	In welchem Jahr fanden die Boxwettbewerbe bei den Olympischen Sommerspielen statt?	2024	In which year did the boxing competitions take place at the Summer Olympics?	2024
de	de:028:en_uk_riots_southport_stabbings__involved_city_or_town__002__target__en_uk_riots_southport_stabbings_target_target_city_2__de__core	en_uk_riots_southport_stabbings__involved_city_or_town__002__target__en_uk_riots_southport_stabbings_target_target_city_2__de__core	en_uk_riots_southport_stabbings__involved_city_or_town__002__target__en_uk_riots_southport_stabbings_target_target_city_2__en__core	en_uk_riots_southport_stabbings	en_uk_riots_southport_stabbings__involved_city_or_town__002	target	core	involved_city_or_town	True	ok	none	5	5	5	5	Accurate and fluent.	In which city did rioting take place on 2 August 2024, where a Citizens Advice bureau was set on fire?	Sunderland	In welcher Stadt kam es am 2. August 2024 zu Ausschreitungen, bei denen ein Büro von Citizens Advice in Brand gesetzt wurde?	Sunderland	In which city did riots occur on August 2, 2024, during which a Citizens Advice office was set on fire?	Sunderland
de	de:029:de_solingen_stabbing_magdeburg_attack__criminal_charge__014__target__de_solingen_stabbing_magdeburg_attack_target_de_solingen_stabbing_charge_2__de__core	de_solingen_stabbing_magdeburg_attack__criminal_charge__014__target__de_solingen_stabbing_magdeburg_attack_target_de_solingen_stabbing_charge_2__de__core	de_solingen_stabbing_magdeburg_attack__criminal_charge__014__target__de_solingen_stabbing_magdeburg_attack_target_de_solingen_stabbing_charge_2__en__core	de_solingen_stabbing_magdeburg_attack	de_solingen_stabbing_magdeburg_attack__criminal_charge__014	target	core	criminal_charge	True	ok	none	5	5	5	5	Accurate translation of the legal and factual details.	What criminal charge was formally brought against Al Hassan in connection with the 2024 Solingen stabbing?	attempted murder	Welche strafrechtliche Anklage wurde formell gegen Al Hassan im Zusammenhang mit dem Messerangriff in Solingen 2024 erhoben?	versuchter Mord	What criminal charge was formally brought against Al Hassan in connection with the 2024 Solingen stabbing attack?	attempted murder
de	de:030:es_venezuela_protests_presidential_election__event_location__006__neighbor__es_venezuela_protests_presidential_election_neighbor_neighbor_event_location_3__de__surface_001	es_venezuela_protests_presidential_election__event_location__006__neighbor__es_venezuela_protests_presidential_election_neighbor_neighbor_event_location_3__de__surface_001	es_venezuela_protests_presidential_election__event_location__006__neighbor__es_venezuela_protests_presidential_election_neighbor_neighbor_event_location_3__en__surface_001	es_venezuela_protests_presidential_election	es_venezuela_protests_presidential_election__event_location__006	neighbor	surface	event_location	True	ok	none	5	5	5	5	Correct and natural translation.	Name a city connected to the 2024 Venezuelan presidential election.	Cumaná	Nennen Sie eine Stadt, die mit der venezolanischen Präsidentschaftswahl 2024 in Verbindung steht.	Cumaná	Name a city that is associated with the 2024 Venezuelan presidential election.	Cumaná
de	de:031:fr_imane_khelif_olympic_boxing__associated_competition__015__neighbor__fr_imane_khelif_olympic_boxing_neighbor_5__de__surface_003	fr_imane_khelif_olympic_boxing__associated_competition__015__neighbor__fr_imane_khelif_olympic_boxing_neighbor_5__de__surface_003	fr_imane_khelif_olympic_boxing__associated_competition__015__neighbor__fr_imane_khelif_olympic_boxing_neighbor_5__en__surface_003	fr_imane_khelif_olympic_boxing	fr_imane_khelif_olympic_boxing__associated_competition__015	neighbor	surface	associated_competition	True	ok	none	5	5	5	5	Accurate and natural translation.	What event allowed boxers to qualify for quota spots at the 2024 Summer Olympics?	Pacific Games	Welche Veranstaltung ermöglichte es Boxern, sich für Quotenplätze bei den Olympischen Sommerspielen 2024 zu qualifizieren?	Pazifikspiele	Which event allowed boxers to qualify for quota places at the 2024 Summer Olympics?	Pacific Games
de	de:032:th_political_crisis_same_sex_marriage__involved_organization__015__neighbor__th_political_crisis_same_sex_marriage_neighbor_th_same_sex_marriage_involved_organization_1__de__surface_003	th_political_crisis_same_sex_marriage__involved_organization__015__neighbor__th_political_crisis_same_sex_marriage_neighbor_th_same_sex_marriage_involved_organization_1__de__surface_003	th_political_crisis_same_sex_marriage__involved_organization__015__neighbor__th_political_crisis_same_sex_marriage_neighbor_th_same_sex_marriage_involved_organization_1__en__surface_003	th_political_crisis_same_sex_marriage	th_political_crisis_same_sex_marriage__involved_organization__015	neighbor	surface	involved_organization	True	ok	none	5	5	5	5	Accurate and natural translation.	Which political group introduced the Marriage Equality Bill for couples of any gender?	Move Forward Party	Welche politische Gruppe brachte den Gesetzentwurf zur Gleichstellung der Ehe für Paare jeden Geschlechts ein?	Move Forward Party	Which political group introduced the bill for marriage equality for couples of any gender?	Move Forward Party
de	de:033:fr_pelicot_case_gisele_pelicot__significant_year__005__neighbor__fr_pelicot_case_gisele_pelicot_neighbor_neighbor_significant_year_1__de__surface_003	fr_pelicot_case_gisele_pelicot__significant_year__005__neighbor__fr_pelicot_case_gisele_pelicot_neighbor_neighbor_significant_year_1__de__surface_003	fr_pelicot_case_gisele_pelicot__significant_year__005__neighbor__fr_pelicot_case_gisele_pelicot_neighbor_neighbor_significant_year_1__en__surface_003	fr_pelicot_case_gisele_pelicot	fr_pelicot_case_gisele_pelicot__significant_year__005	neighbor	surface	significant_year	True	ok	none	5	5	5	5	Accurate and natural translation.	Gisèle Pelicot was born during which year?	1952	In welchem Jahr wurde Gisèle Pelicot geboren?	1952	In what year was Gisèle Pelicot born?	1952
de	de:034:es_venezuela_crisis_uruguay_election__international_reaction_country__009__target__es_venezuela_crisis_uruguay_election_target_target_intl_reaction_9__de__core	es_venezuela_crisis_uruguay_election__international_reaction_country__009__target__es_venezuela_crisis_uruguay_election_target_target_intl_reaction_9__de__core	es_venezuela_crisis_uruguay_election__international_reaction_country__009__target__es_venezuela_crisis_uruguay_election_target_target_intl_reaction_9__en__core	es_venezuela_crisis_uruguay_election	es_venezuela_crisis_uruguay_election__international_reaction_country__009	target	core	international_reaction_country	True	ok	none	5	5	5	5	Accurate and natural translation.	Which country rejected the results of the 2024 Venezuelan political crisis and called for transparency and verification?	Mexico	Welches Land lehnte die Ergebnisse der venezolanischen politischen Krise 2024 ab und forderte Transparenz und Überprüfung?	Mexiko	Which country rejected the results of the 2024 Venezuelan political crisis and demanded transparency and verification?	Mexico
de	de:035:sw_kenyan_protests_albert_ojwang__involved_person__010__target__sw_kenyan_protests_albert_ojwang_target_target_involved_person_4__de__surface_003	sw_kenyan_protests_albert_ojwang__involved_person__010__target__sw_kenyan_protests_albert_ojwang_target_target_involved_person_4__de__surface_003	sw_kenyan_protests_albert_ojwang__involved_person__010__target__sw_kenyan_protests_albert_ojwang_target_target_involved_person_4__en__surface_003	sw_kenyan_protests_albert_ojwang	sw_kenyan_protests_albert_ojwang__involved_person__010	target	surface	involved_person	True	ok	none	5	5	5	5	Accurate translation.	During the 2025 Kenyan protests, which mask-selling bystander lost his life after being shot by police?	Boniface Kariuki	Welcher Masken verkaufende Passant verlor während der Proteste in Kenia 2025 sein Leben, nachdem er von der Polizei angeschossen wurde?	Boniface Kariuki	Which mask-selling passerby lost his life during the protests in Kenya in 2025 after being shot by the police?	Boniface Kariuki
de	de:036:th_audit_office_bangkok_road_collapse__event_measurements__009__target__th_audit_office_bangkok_road_collapse_target_target_event_measurements_3__de__surface_001	th_audit_office_bangkok_road_collapse__event_measurements__009__target__th_audit_office_bangkok_road_collapse_target_target_event_measurements_3__de__surface_001	th_audit_office_bangkok_road_collapse__event_measurements__009__target__th_audit_office_bangkok_road_collapse_target_target_event_measurements_3__en__surface_001	th_audit_office_bangkok_road_collapse	th_audit_office_bangkok_road_collapse__event_measurements__009	target	surface	event_measurements	True	ok	none	5	5	5	5	Accurate and natural translation.	Before it collapsed, what was the total number of stories of the Thailand State Audit Office building?	33 stories	Wie hoch war die Gesamtzahl der Stockwerke des Gebäudes des thailändischen Rechnungshofs vor seinem Einsturz?	33 Stockwerke	What was the total number of floors of the Thai Audit Office building before its collapse?	33 floors
de	de:037:sw_tanzania_protests_general_election__casualty_report__007__target__sw_tanzania_protests_general_election_target_target_casualty_4__de__surface_002	sw_tanzania_protests_general_election__casualty_report__007__target__sw_tanzania_protests_general_election_target_target_casualty_4__de__surface_002	sw_tanzania_protests_general_election__casualty_report__007__target__sw_tanzania_protests_general_election_target_target_casualty_4__en__surface_002	sw_tanzania_protests_general_election	sw_tanzania_protests_general_election__casualty_report__007	target	surface	casualty_report	True	ok	none	5	5	5	5	Accurate and natural translation.	According to the government commission report published in April 2026, what was the number of fatalities during the 2025 Tanzanian election protests?	518	Wie hoch war laut dem im April 2026 veröffentlichten Bericht der Regierungskommission die Zahl der Todesopfer während der tansanischen Wahlproteste 2025?	518	According to the government commission report published in April 2026, what was the death toll during the 2025 Tanzanian election protests?	518
de	de:038:fr_pelicot_case_gisele_pelicot__family_member__014__neighbor__fr_pelicot_case_gisele_pelicot_neighbor_neighbor_family_member_1__de__surface_001	fr_pelicot_case_gisele_pelicot__family_member__014__neighbor__fr_pelicot_case_gisele_pelicot_neighbor_neighbor_family_member_1__de__surface_001	fr_pelicot_case_gisele_pelicot__family_member__014__neighbor__fr_pelicot_case_gisele_pelicot_neighbor_neighbor_family_member_1__en__surface_001	fr_pelicot_case_gisele_pelicot	fr_pelicot_case_gisele_pelicot__family_member__014	neighbor	surface	family_member	True	minor	unnatural	5	5	4	5	The phrasing 'der Gisèle Pelicot geboren wurde' is technically correct but sounds slightly archaic or formal in German; however, it preserves the meaning well.	What is the name of the son born to Gisèle Pelicot?	David	Wie lautet der Name des Sohnes, der Gisèle Pelicot geboren wurde?	David	What is the name of the son who was born to Gisèle Pelicot?	David
de	de:039:ar_haniyeh_assassination_masoud_pezeshkian__associated_person__007__neighbor__ar_haniyeh_assassination_masoud_pezeshkian_neighbor_1__de__core	ar_haniyeh_assassination_masoud_pezeshkian__associated_person__007__neighbor__ar_haniyeh_assassination_masoud_pezeshkian_neighbor_1__de__core	ar_haniyeh_assassination_masoud_pezeshkian__associated_person__007__neighbor__ar_haniyeh_assassination_masoud_pezeshkian_neighbor_1__en__core	ar_haniyeh_assassination_masoud_pezeshkian	ar_haniyeh_assassination_masoud_pezeshkian__associated_person__007	neighbor	core	associated_person	True	ok	none	5	5	5	5	Accurate translation.	Whose administration did Masoud Pezeshkian join in 1997?	Mohammad Khatami	Wessen Regierung trat Masoud Pezeshkian 1997 bei?	Mohammad Khatami	Whose government did Masoud Pezeshkian join in 1997?	Mohammad Khatami
de	de:040:en_uk_riots_southport_stabbings__involved_city_or_town__003__neighbor__en_uk_riots_southport_stabbings_neighbor_neighbor_city_3__de__core	en_uk_riots_southport_stabbings__involved_city_or_town__003__neighbor__en_uk_riots_southport_stabbings_neighbor_neighbor_city_3__de__core	en_uk_riots_southport_stabbings__involved_city_or_town__003__neighbor__en_uk_riots_southport_stabbings_neighbor_neighbor_city_3__en__core	en_uk_riots_southport_stabbings	en_uk_riots_southport_stabbings__involved_city_or_town__003	neighbor	core	involved_city_or_town	True	ok	none	5	5	5	5	Accurate and natural translation.	In which village did Axel Rudakubana's family settle?	Banks	In welchem Dorf ließ sich Axel Rudakubanas Familie nieder?	Banks	In which village did Axel Rudakubana's family settle?	Banks
de	de:041:zh_shenzhen_stabbing_wuxi_stabbing__incident_locations__002__target__zh_shenzhen_stabbing_wuxi_stabbing_target_target_loc_1__de__core	zh_shenzhen_stabbing_wuxi_stabbing__incident_locations__002__target__zh_shenzhen_stabbing_wuxi_stabbing_target_target_loc_1__de__core	zh_shenzhen_stabbing_wuxi_stabbing__incident_locations__002__target__zh_shenzhen_stabbing_wuxi_stabbing_target_target_loc_1__en__core	zh_shenzhen_stabbing_wuxi_stabbing	zh_shenzhen_stabbing_wuxi_stabbing__incident_locations__002	target	core	incident_locations	True	ok	none	5	5	5	5	Accurate and fluent translation.	In which Guangdong city did the 2024 stabbing of a Japanese schoolboy occur?	Shenzhen	In welcher Stadt in Guangdong ereignete sich 2024 der Messerangriff auf einen japanischen Schüler?	Shenzhen	In which city in Guangdong did the stabbing attack on a Japanese student occur in 2024?	Shenzhen
de	de:042:de_munich_car_attack_federal_election__involved_organization__002__neighbor__de_munich_car_attack_federal_election_neighbor_neighbor_involved_organization_2__de__surface_002	de_munich_car_attack_federal_election__involved_organization__002__neighbor__de_munich_car_attack_federal_election_neighbor_neighbor_involved_organization_2__de__surface_002	de_munich_car_attack_federal_election__involved_organization__002__neighbor__de_munich_car_attack_federal_election_neighbor_neighbor_involved_organization_2__en__surface_002	de_munich_car_attack_federal_election	de_munich_car_attack_federal_election__involved_organization__002	neighbor	surface	involved_organization	True	ok	none	5	5	5	5	Accurate and well-phrased translation.	What is the name of the centre-left party involved in the 2025 German federal election?	SPD	Wie heißt die an der Bundestagswahl 2025 beteiligte Mitte-links-Partei?	SPD	What is the name of the center-left party involved in the 2025 federal election?	SPD
de	de:043:en_brian_thompson_killing_luigi_mangione__involved_legal_figures__015__neighbor__en_brian_thompson_killing_luigi_mangione_neighbor_neighbor_involved_legal_figures_3__de__surface_003	en_brian_thompson_killing_luigi_mangione__involved_legal_figures__015__neighbor__en_brian_thompson_killing_luigi_mangione_neighbor_neighbor_involved_legal_figures_3__de__surface_003	en_brian_thompson_killing_luigi_mangione__involved_legal_figures__015__neighbor__en_brian_thompson_killing_luigi_mangione_neighbor_neighbor_involved_legal_figures_3__en__surface_003	en_brian_thompson_killing_luigi_mangione	en_brian_thompson_killing_luigi_mangione__involved_legal_figures__015	neighbor	surface	involved_legal_figures	True	ok	none	5	5	5	5	Excellent, natural translation of legal terms.	Which legal figure announced the decision to seek capital punishment in Luigi Mangione's federal trial?	Pam Bondi	Welcher Vertreter der Justiz gab die Entscheidung bekannt, im Bundesprozess gegen Luigi Mangione die Todesstrafe zu fordern?	Pam Bondi	Which representative of the justice system announced the decision to seek the death penalty in the federal trial against Luigi Mangione?	Pam Bondi
de	de:044:sw_kenyan_protests_albert_ojwang__involved_person__009__neighbor__sw_kenyan_protests_albert_ojwang_neighbor_neighbor_involved_person_2__de__surface_001	sw_kenyan_protests_albert_ojwang__involved_person__009__neighbor__sw_kenyan_protests_albert_ojwang_neighbor_neighbor_involved_person_2__de__surface_001	sw_kenyan_protests_albert_ojwang__involved_person__009__neighbor__sw_kenyan_protests_albert_ojwang_neighbor_neighbor_involved_person_2__en__surface_001	sw_kenyan_protests_albert_ojwang	sw_kenyan_protests_albert_ojwang__involved_person__009	neighbor	surface	involved_person	True	ok	none	5	5	5	5	Accurate and natural German translation.	Who is the former speaker of the National Assembly of Kenya that claimed Ojwang was killed by the state?	Justin Muturi	Wer ist der ehemalige Sprecher der Nationalversammlung von Kenia, der behauptete, dass Ojwang vom Staat getötet wurde?	Justin Muturi	Who is the former Speaker of the National Assembly of Kenya who claimed that Ojwang was killed by the state?	Justin Muturi
de	de:045:ar_lebanon_device_attacks_hq_strike__reaction_by_country_or_org__004__neighbor__ar_lebanon_device_attacks_hq_strike_neighbor_reaction_3__de__surface_001	ar_lebanon_device_attacks_hq_strike__reaction_by_country_or_org__004__neighbor__ar_lebanon_device_attacks_hq_strike_neighbor_reaction_3__de__surface_001	ar_lebanon_device_attacks_hq_strike__reaction_by_country_or_org__004__neighbor__ar_lebanon_device_attacks_hq_strike_neighbor_reaction_3__en__surface_001	ar_lebanon_device_attacks_hq_strike	ar_lebanon_device_attacks_hq_strike__reaction_by_country_or_org__004	neighbor	surface	reaction_by_country_or_org	True	ok	none	5	5	5	5	Accurate and fluent.	In response to the 2024 Hezbollah headquarters strike, which nation contacted Lebanese authorities to prevent further instability?	France	Welches Land kontaktierte als Reaktion auf den Angriff auf das Hauptquartier der Hisbollah im Jahr 2024 die libanesischen Behörden, um weitere Instabilität zu verhindern?	Frankreich	Which country contacted the Lebanese authorities in response to the 2024 attack on the Hezbollah headquarters to prevent further instability?	France
de	de:046:en_tesla_vandalism_doge__employed_tactic__007__target__en_tesla_vandalism_doge_target_target_employed_tactic_1__de__surface_003	en_tesla_vandalism_doge__employed_tactic__007__target__en_tesla_vandalism_doge_target_target_employed_tactic_1__de__surface_003	en_tesla_vandalism_doge__employed_tactic__007__target__en_tesla_vandalism_doge_target_target_employed_tactic_1__en__surface_003	en_tesla_vandalism_doge	en_tesla_vandalism_doge__employed_tactic__007	target	surface	employed_tactic	True	ok	none	5	5	4	5	Faithful translation, slightly colloquial formulation but acceptable for this QA style.	A woman was taken into custody after doing what to a Tesla dealership in Buffalo Grove?	spray-painting	Eine Frau wurde in Gewahrsam genommen, nachdem sie was an einem Tesla-Autohaus in Buffalo Grove getan hatte?	mit Farbe besprühen	A woman was taken into custody after she did what at a Tesla dealership in Buffalo Grove?	spray with paint
de	de:047:ja_mof_protests_house_councillors__person_making_statement__009__neighbor__ja_mof_protests_house_councillors_neighbor_neighbor_person_statement_3__de__core	ja_mof_protests_house_councillors__person_making_statement__009__neighbor__ja_mof_protests_house_councillors_neighbor_neighbor_person_statement_3__de__core	ja_mof_protests_house_councillors__person_making_statement__009__neighbor__ja_mof_protests_house_councillors_neighbor_neighbor_person_statement_3__en__core	ja_mof_protests_house_councillors	ja_mof_protests_house_councillors__person_making_statement__009	neighbor	core	person_making_statement	True	ok	none	5	5	5	5	Accurate and fluent.	Who was critical of Ishiba's speech at the party convention?	Sanae Takaichi	Wer äußerte sich kritisch über Ishibas Rede auf dem Parteitag?	Sanae Takaichi	Who commented critically on Ishiba's speech at the party convention?	Sanae Takaichi
de	de:048:ja_hyogo_gubernatorial_2025_ldp_presidential__candidate__006__neighbor__ja_hyogo_gubernatorial_2025_ldp_presidential_neighbor_neighbor_candidate_4__de__surface_002	ja_hyogo_gubernatorial_2025_ldp_presidential__candidate__006__neighbor__ja_hyogo_gubernatorial_2025_ldp_presidential_neighbor_neighbor_candidate_4__de__surface_002	ja_hyogo_gubernatorial_2025_ldp_presidential__candidate__006__neighbor__ja_hyogo_gubernatorial_2025_ldp_presidential_neighbor_neighbor_candidate_4__en__surface_002	ja_hyogo_gubernatorial_2025_ldp_presidential	ja_hyogo_gubernatorial_2025_ldp_presidential__candidate__006	neighbor	surface	candidate	True	ok	none	5	5	5	5	Flawless translation.	Name the former Economic Minister who stood as a candidate for the 2025 Liberal Democratic Party presidency.	Takayuki Kobayashi	Nennen Sie den ehemaligen Wirtschaftsminister, der als Kandidat für die Präsidentschaft der Liberaldemokratischen Partei 2025 antrat.	Takayuki Kobayashi	Name the former Minister of Economy who ran as a candidate for the presidency of the Liberal Democratic Party in 2025.	Takayuki Kobayashi
de	de:049:es_venezuela_crisis_uruguay_election__international_reaction_country__006__neighbor__es_venezuela_crisis_uruguay_election_neighbor_neighbor_intl_reaction_6__de__surface_001	es_venezuela_crisis_uruguay_election__international_reaction_country__006__neighbor__es_venezuela_crisis_uruguay_election_neighbor_neighbor_intl_reaction_6__de__surface_001	es_venezuela_crisis_uruguay_election__international_reaction_country__006__neighbor__es_venezuela_crisis_uruguay_election_neighbor_neighbor_intl_reaction_6__en__surface_001	es_venezuela_crisis_uruguay_election	es_venezuela_crisis_uruguay_election__international_reaction_country__006	neighbor	surface	international_reaction_country	True	ok	none	5	5	5	5	Perfect reframing into natural German syntax.	Claudia Sheinbaum congratulated Orsi on his win in the 2024 Uruguayan election as the president of which nation?	Mexico	Als Präsidentin welches Landes gratulierte Claudia Sheinbaum Orsi zu seinem Sieg bei der uruguayischen Wahl 2024?	Mexiko	As president of which country did Claudia Sheinbaum congratulate Orsi on his victory in the 2024 Uruguayan election?	Mexico
de	de:050:ar_lebanon_device_attacks_hq_strike__reaction_by_country_or_org__006__target__ar_lebanon_device_attacks_hq_strike_target_reaction_5__de__surface_001	ar_lebanon_device_attacks_hq_strike__reaction_by_country_or_org__006__target__ar_lebanon_device_attacks_hq_strike_target_reaction_5__de__surface_001	ar_lebanon_device_attacks_hq_strike__reaction_by_country_or_org__006__target__ar_lebanon_device_attacks_hq_strike_target_reaction_5__en__surface_001	ar_lebanon_device_attacks_hq_strike	ar_lebanon_device_attacks_hq_strike__reaction_by_country_or_org__006	target	surface	reaction_by_country_or_org	True	ok	none	5	5	5	5	Accurate and fluent translation.	The president of which nation criticized Israel in response to the 2024 Lebanon electronic device attacks?	Turkey	Der Präsident welches Landes kritisierte Israel als Reaktion auf die Angriffe auf elektronische Geräte im Libanon 2024?	Türkei	The president of which country criticized Israel in response to the attacks on electronic devices in Lebanon in 2024?	Turkey
de	de:051:de_aschaffenburg_stabbing_merz_cabinet__participant__011__neighbor__de_aschaffenburg_stabbing_merz_cabinet_neighbor_neighbor_participant_4__de__surface_003	de_aschaffenburg_stabbing_merz_cabinet__participant__011__neighbor__de_aschaffenburg_stabbing_merz_cabinet_neighbor_neighbor_participant_4__de__surface_003	de_aschaffenburg_stabbing_merz_cabinet__participant__011__neighbor__de_aschaffenburg_stabbing_merz_cabinet_neighbor_neighbor_participant_4__en__surface_003	de_aschaffenburg_stabbing_merz_cabinet	de_aschaffenburg_stabbing_merz_cabinet__participant__011	neighbor	surface	participant	True	ok	none	5	5	5	5	Accurate and natural translation.	Which prominent CSU figure joined the CDU team during the coalition negotiations?	Markus Söder	Welcher prominente CSU-Politiker schloss sich während der Koalitionsverhandlungen dem CDU-Team an?	Markus Söder	Which prominent CSU politician joined the CDU team during the coalition negotiations?	Markus Söder
de	de:052:th_cambodian_border_crisis_myanmar_earthquake__international_response_entity__001__target__th_cambodian_border_crisis_myanmar_earthquake_target_th_cambodian_border_crisis_org_1__de__surface_001	th_cambodian_border_crisis_myanmar_earthquake__international_response_entity__001__target__th_cambodian_border_crisis_myanmar_earthquake_target_th_cambodian_border_crisis_org_1__de__surface_001	th_cambodian_border_crisis_myanmar_earthquake__international_response_entity__001__target__th_cambodian_border_crisis_myanmar_earthquake_target_th_cambodian_border_crisis_org_1__en__surface_001	th_cambodian_border_crisis_myanmar_earthquake	th_cambodian_border_crisis_myanmar_earthquake__international_response_entity__001	target	surface	international_response_entity	True	ok	none	5	5	5	5	Accurate and natural translation.	During the 2025 Cambodian–Thai border crisis, what nation hosted and mediated the ceasefire talks in Putrajaya?	Malaysia	Welche Nation war während der kambodschanisch-thailändischen Grenzkrise 2025 Gastgeber und Vermittler der Waffenstillstandsgespräche in Putrajaya?	Malaysia	Which nation was the host and mediator of the ceasefire talks in Putrajaya during the 2025 Cambodian-Thai border crisis?	Malaysia
de	de:053:bn_anti_hindu_violence_national_citizen_party__associated_event__005__neighbor__bn_anti_hindu_violence_national_citizen_party_neighbor_neighbor_associated_event_2__de__core	bn_anti_hindu_violence_national_citizen_party__associated_event__005__neighbor__bn_anti_hindu_violence_national_citizen_party_neighbor_neighbor_associated_event_2__de__core	bn_anti_hindu_violence_national_citizen_party__associated_event__005__neighbor__bn_anti_hindu_violence_national_citizen_party_neighbor_neighbor_associated_event_2__en__core	bn_anti_hindu_violence_national_citizen_party	bn_anti_hindu_violence_national_citizen_party__associated_event__005	neighbor	core	associated_event	True	ok	none	5	5	5	5	Accurate and natural translation.	What movement did the leaders of the National Citizen Party participate in?	2024 Bangladesh quota reform movement	An welcher Bewegung nahmen die Anführer der National Citizen Party teil?	Quotenreformbewegung in Bangladesch 2024	In which movement did the leaders of the National Citizen Party participate?	Quota reform movement in Bangladesh 2024
de	de:054:ar_syrian_offensives_transitional_government__key_location__002__target__ar_syrian_offensives_transitional_government_target_target_location_2__de__surface_001	ar_syrian_offensives_transitional_government__key_location__002__target__ar_syrian_offensives_transitional_government_target_target_location_2__de__surface_001	ar_syrian_offensives_transitional_government__key_location__002__target__ar_syrian_offensives_transitional_government_target_target_location_2__en__surface_001	ar_syrian_offensives_transitional_government	ar_syrian_offensives_transitional_government__key_location__002	target	surface	key_location	True	ok	none	5	5	5	5	Accurate and natural translation.	On December 5, 2024, the Syrian opposition forces successfully took control of which city?	Hama	Über welche Stadt übernahmen die syrischen Oppositionskräfte am 5. Dezember 2024 erfolgreich die Kontrolle?	Hama	Which city did the Syrian opposition forces successfully take control of on December 5, 2024?	Hama
de	de:055:th_audit_office_bangkok_road_collapse__contributing_factors__003__neighbor__th_audit_office_bangkok_road_collapse_neighbor_neighbor_contributing_factors_2__de__core	th_audit_office_bangkok_road_collapse__contributing_factors__003__neighbor__th_audit_office_bangkok_road_collapse_neighbor_neighbor_contributing_factors_2__de__core	th_audit_office_bangkok_road_collapse__contributing_factors__003__neighbor__th_audit_office_bangkok_road_collapse_neighbor_neighbor_contributing_factors_2__en__core	th_audit_office_bangkok_road_collapse	th_audit_office_bangkok_road_collapse__contributing_factors__003	neighbor	core	contributing_factors	True	ok	none	5	5	5	5	Accurate and natural translation.	What structural defect forming in the tunnel contributed to the 2025 Bangkok road collapse?	cracks	Welcher strukturelle Defekt, der sich im Tunnel bildete, trug zum Straßeneinsturz in Bangkok 2025 bei?	Risse	Which structural defect that formed in the tunnel contributed to the road collapse in Bangkok in 2025?	Cracks
de	de:056:en_brian_thompson_killing_luigi_mangione__legal_charges__010__target__en_brian_thompson_killing_luigi_mangione_target_target_legal_charges_1__de__surface_002	en_brian_thompson_killing_luigi_mangione__legal_charges__010__target__en_brian_thompson_killing_luigi_mangione_target_target_legal_charges_1__de__surface_002	en_brian_thompson_killing_luigi_mangione__legal_charges__010__target__en_brian_thompson_killing_luigi_mangione_target_target_legal_charges_1__en__surface_002	en_brian_thompson_killing_luigi_mangione	en_brian_thompson_killing_luigi_mangione__legal_charges__010	target	surface	legal_charges	True	ok	none	5	5	5	5	Accurate and natural translation. 'Bundesstaatlich' correctly refers to a US state in this context.	In relation to the killing of Brian Thompson, what is the specific murder offense included in Luigi Mangione's state charges?	first-degree murder	Welches spezifische Morddelikt ist im Zusammenhang mit der Tötung von Brian Thompson in den bundesstaatlichen Anklagen gegen Luigi Mangione enthalten?	Mord ersten Grades	What specific murder offense is included in the state charges against Luigi Mangione in connection with the killing of Brian Thompson?	First-degree murder
de	de:057:sw_goma_offensive_drc_rwanda_peace__key_figure__014__neighbor__sw_goma_offensive_drc_rwanda_peace_neighbor_neighbor_card_17__de__surface_003	sw_goma_offensive_drc_rwanda_peace__key_figure__014__neighbor__sw_goma_offensive_drc_rwanda_peace_neighbor_neighbor_card_17__de__surface_003	sw_goma_offensive_drc_rwanda_peace__key_figure__014__neighbor__sw_goma_offensive_drc_rwanda_peace_neighbor_neighbor_card_17__en__surface_003	sw_goma_offensive_drc_rwanda_peace	sw_goma_offensive_drc_rwanda_peace__key_figure__014	neighbor	surface	key_figure	True	ok	none	5	5	5	5	Accurate and natural translation.	The Washington Peace Accords were signed by which individual acting as the head of state for the DRC?	Félix Tshisekedi	Von welcher Person, die als Staatsoberhaupt der DR Kongo fungierte, wurde das Washingtoner Friedensabkommen unterzeichnet?	Félix Tshisekedi	By which person, who served as head of state of the DR Congo, was the Washington Peace Agreement signed?	Félix Tshisekedi
de	de:058:de_solingen_stabbing_magdeburg_attack__politician_responding__005__target__de_solingen_stabbing_magdeburg_attack_target_de_solingen_stabbing_politician_1__de__surface_003	de_solingen_stabbing_magdeburg_attack__politician_responding__005__target__de_solingen_stabbing_magdeburg_attack_target_de_solingen_stabbing_politician_1__de__surface_003	de_solingen_stabbing_magdeburg_attack__politician_responding__005__target__de_solingen_stabbing_magdeburg_attack_target_de_solingen_stabbing_politician_1__en__surface_003	de_solingen_stabbing_magdeburg_attack	de_solingen_stabbing_magdeburg_attack__politician_responding__005	target	surface	politician_responding	True	ok	none	5	5	5	5	Accurate and natural translation.	Following the 2024 Solingen stabbing, which North Rhine-Westphalia Minister of the Interior traveled to the city that same night?	Herbert Reul	Welcher Innenminister von Nordrhein-Westfalen reiste nach dem Messerangriff in Solingen 2024 noch in derselben Nacht in die Stadt?	Herbert Reul	Which Interior Minister of North Rhine-Westphalia traveled to the city that same night after the knife attack in Solingen in 2024?	Herbert Reul
de	de:059:de_solingen_stabbing_magdeburg_attack__politician_responding__005__neighbor__de_solingen_stabbing_magdeburg_attack_neighbor_de_magdeburg_attack_politician_1__de__surface_001	de_solingen_stabbing_magdeburg_attack__politician_responding__005__neighbor__de_solingen_stabbing_magdeburg_attack_neighbor_de_magdeburg_attack_politician_1__de__surface_001	de_solingen_stabbing_magdeburg_attack__politician_responding__005__neighbor__de_solingen_stabbing_magdeburg_attack_neighbor_de_magdeburg_attack_politician_1__en__surface_001	de_solingen_stabbing_magdeburg_attack	de_solingen_stabbing_magdeburg_attack__politician_responding__005	neighbor	surface	politician_responding	True	ok	none	5	5	5	5	Accurate and natural translation.	Who is the Minister-President of Saxony-Anhalt that went to the scene of the 2024 Magdeburg car attack?	Reiner Haseloff	Wer ist der Ministerpräsident von Sachsen-Anhalt, der sich an den Tatort des Autoangriffs in Magdeburg 2024 begab?	Reiner Haseloff	Who is the Minister President of Saxony-Anhalt who went to the scene of the 2024 Magdeburg car attack?	Reiner Haseloff
de	de:060:th_cambodian_border_crisis_myanmar_earthquake__key_figure__002__neighbor__th_cambodian_border_crisis_myanmar_earthquake_neighbor_myanmar_earthquake_person_2__de__surface_003	th_cambodian_border_crisis_myanmar_earthquake__key_figure__002__neighbor__th_cambodian_border_crisis_myanmar_earthquake_neighbor_myanmar_earthquake_person_2__de__surface_003	th_cambodian_border_crisis_myanmar_earthquake__key_figure__002__neighbor__th_cambodian_border_crisis_myanmar_earthquake_neighbor_myanmar_earthquake_person_2__en__surface_003	th_cambodian_border_crisis_myanmar_earthquake	th_cambodian_border_crisis_myanmar_earthquake__key_figure__002	neighbor	surface	key_figure	True	ok	none	5	5	5	5	Accurate and natural translation.	During the 2025 Myanmar earthquake, which Thai Prime Minister called for an emergency meeting?	Paetongtarn Shinawatra	Welcher thailändische Premierminister berief während des Erdbebens in Myanmar 2025 eine Krisensitzung ein?	Paetongtarn Shinawatra	Which Thai Prime Minister convened a crisis meeting during the 2025 Myanmar earthquake?	Paetongtarn Shinawatra
de	de:061:zh_shenzhen_stabbing_wuxi_stabbing__aftermath_actions__013__neighbor__zh_shenzhen_stabbing_wuxi_stabbing_neighbor_neighbor_action_4__de__surface_001	zh_shenzhen_stabbing_wuxi_stabbing__aftermath_actions__013__neighbor__zh_shenzhen_stabbing_wuxi_stabbing_neighbor_neighbor_action_4__de__surface_001	zh_shenzhen_stabbing_wuxi_stabbing__aftermath_actions__013__neighbor__zh_shenzhen_stabbing_wuxi_stabbing_neighbor_neighbor_action_4__en__surface_001	zh_shenzhen_stabbing_wuxi_stabbing	zh_shenzhen_stabbing_wuxi_stabbing__aftermath_actions__013	neighbor	surface	aftermath_actions	True	ok	none	5	5	5	5	Accurate and natural translation.	Following the 2024 Wuxi stabbing, what did the Jiangsu Provincial Committee do in response?	held a meeting	Was tat das Provinzkomitee von Jiangsu als Reaktion auf den Messerangriff in Wuxi 2024?	hielt eine Sitzung ab	What did the Jiangsu Provincial Committee do in response to the 2024 Wuxi stabbing attack?	held a meeting
de	de:062:sw_goma_offensive_drc_rwanda_peace__key_figure__011__neighbor__sw_goma_offensive_drc_rwanda_peace_neighbor_neighbor_card_14__de__surface_003	sw_goma_offensive_drc_rwanda_peace__key_figure__011__neighbor__sw_goma_offensive_drc_rwanda_peace_neighbor_neighbor_card_14__de__surface_003	sw_goma_offensive_drc_rwanda_peace__key_figure__011__neighbor__sw_goma_offensive_drc_rwanda_peace_neighbor_neighbor_card_14__en__surface_003	sw_goma_offensive_drc_rwanda_peace	sw_goma_offensive_drc_rwanda_peace__key_figure__011	neighbor	surface	key_figure	True	ok	none	5	5	5	5	Accurate and well-translated.	The Washington Peace Accords were signed by which foreign minister of Rwanda?	Olivier Nduhungirehe	Von welchem Außenminister Ruandas wurden die Washingtoner Friedensabkommen unterzeichnet?	Olivier Nduhungirehe	By which Foreign Minister of Rwanda were the Washington Peace Accords signed?	Olivier Nduhungirehe
de	de:063:zh_night_ride_kaifeng_henan_cuisine__has_notable_instance__003__neighbor__zh_night_ride_kaifeng_henan_cuisine_neighbor_7__de__surface_002	zh_night_ride_kaifeng_henan_cuisine__has_notable_instance__003__neighbor__zh_night_ride_kaifeng_henan_cuisine_neighbor_7__de__surface_002	zh_night_ride_kaifeng_henan_cuisine__has_notable_instance__003__neighbor__zh_night_ride_kaifeng_henan_cuisine_neighbor_7__en__surface_002	zh_night_ride_kaifeng_henan_cuisine	zh_night_ride_kaifeng_henan_cuisine__has_notable_instance__003	neighbor	surface	has_notable_instance	True	ok	none	5	5	5	5	Perfect translation.	Which traditional Henan breakfast dish is known for being a spicy soup?	Hulatang	Welches traditionelle Frühstücksgericht aus Henan ist als scharfe Suppe bekannt?	Hulatang	Which traditional breakfast dish from Henan is known as spicy soup?	Hulatang
de	de:064:fr_olympics_opening_closing_ceremony__dignitary_present__011__target__fr_olympics_opening_closing_ceremony_target_target_dignitary_present_4__de__surface_002	fr_olympics_opening_closing_ceremony__dignitary_present__011__target__fr_olympics_opening_closing_ceremony_target_target_dignitary_present_4__de__surface_002	fr_olympics_opening_closing_ceremony__dignitary_present__011__target__fr_olympics_opening_closing_ceremony_target_target_dignitary_present_4__en__surface_002	fr_olympics_opening_closing_ceremony	fr_olympics_opening_closing_ceremony__dignitary_present__011	target	surface	dignitary_present	True	ok	none	5	5	5	5	Accurate and perfectly fluent translation.	Name the chief organizer of the Paris Games who was in attendance during the opening ceremony of the 2024 Summer Olympics.	Tony Estanguet	Nennen Sie den Cheforganisator der Pariser Spiele, der bei der Eröffnungsfeier der Olympischen Sommerspiele 2024 anwesend war.	Tony Estanguet	Name the chief organizer of the Paris Games who was present at the opening ceremony of the 2024 Summer Olympics.	Tony Estanguet
de	de:065:de_aschaffenburg_stabbing_merz_cabinet__participant__009__neighbor__de_aschaffenburg_stabbing_merz_cabinet_neighbor_neighbor_participant_2__de__surface_002	de_aschaffenburg_stabbing_merz_cabinet__participant__009__neighbor__de_aschaffenburg_stabbing_merz_cabinet_neighbor_neighbor_participant_2__de__surface_002	de_aschaffenburg_stabbing_merz_cabinet__participant__009__neighbor__de_aschaffenburg_stabbing_merz_cabinet_neighbor_neighbor_participant_2__en__surface_002	de_aschaffenburg_stabbing_merz_cabinet	de_aschaffenburg_stabbing_merz_cabinet__participant__009	neighbor	surface	participant	True	ok	none	5	5	5	5	Flawless translation.	The Merz cabinet took over from a previous government led by whom?	Olaf Scholz	Das Kabinett Merz folgte auf eine Vorgängerregierung, die von wem geführt wurde?	Olaf Scholz	The Merz cabinet followed a previous government which was led by whom?	Olaf Scholz
de	de:066:th_cambodian_border_crisis_myanmar_earthquake__key_figure__004__target__th_cambodian_border_crisis_myanmar_earthquake_target_th_cambodian_border_crisis_person_4__de__surface_002	th_cambodian_border_crisis_myanmar_earthquake__key_figure__004__target__th_cambodian_border_crisis_myanmar_earthquake_target_th_cambodian_border_crisis_person_4__de__surface_002	th_cambodian_border_crisis_myanmar_earthquake__key_figure__004__target__th_cambodian_border_crisis_myanmar_earthquake_target_th_cambodian_border_crisis_person_4__en__surface_002	th_cambodian_border_crisis_myanmar_earthquake	th_cambodian_border_crisis_myanmar_earthquake__key_figure__004	target	surface	key_figure	True	ok	none	5	5	4	5	Faithful translation, though phrasing is slightly formal due to the passive voice translation.	The signing ceremony of the Kuala Lumpur Peace Accord was witnessed by which American president?	Donald Trump	Von welchem amerikanischen Präsidenten wurde die Unterzeichnungszeremonie des Friedensabkommens von Kuala Lumpur bezeugt?	Donald Trump	By which American president was the signing ceremony of the Kuala Lumpur peace agreement witnessed?	Donald Trump
de	de:067:es_venezuela_protests_presidential_election__event_location__007__neighbor__es_venezuela_protests_presidential_election_neighbor_neighbor_event_location_4__de__core	es_venezuela_protests_presidential_election__event_location__007__neighbor__es_venezuela_protests_presidential_election_neighbor_neighbor_event_location_4__de__core	es_venezuela_protests_presidential_election__event_location__007__neighbor__es_venezuela_protests_presidential_election_neighbor_neighbor_event_location_4__en__core	es_venezuela_protests_presidential_election	es_venezuela_protests_presidential_election__event_location__007	neighbor	core	event_location	True	ok	none	5	5	5	5	Perfect translation.	In which location was a campaign rally prevented during the 2024 Venezuelan presidential election?	Petare	An welchem Ort wurde während der venezolanischen Präsidentschaftswahl 2024 eine Wahlkampfveranstaltung verhindert?	Petare	At which location was a campaign event prevented during the 2024 Venezuelan presidential election?	Petare
de	de:068:th_political_crisis_same_sex_marriage__involved_organization__011__neighbor__th_political_crisis_same_sex_marriage_neighbor_th_same_sex_marriage_involved_organization_4__de__surface_001	th_political_crisis_same_sex_marriage__involved_organization__011__neighbor__th_political_crisis_same_sex_marriage_neighbor_th_same_sex_marriage_involved_organization_4__de__surface_001	th_political_crisis_same_sex_marriage__involved_organization__011__neighbor__th_political_crisis_same_sex_marriage_neighbor_th_same_sex_marriage_involved_organization_4__en__surface_001	th_political_crisis_same_sex_marriage	th_political_crisis_same_sex_marriage__involved_organization__011	neighbor	surface	involved_organization	True	ok	none	5	5	5	5	Accurate and properly localized legal terminology.	What judicial body declared section 1448 of the Civil and Commercial Code constitutional in 2021?	Constitutional Court	Welches Justizorgan erklärte 2021 den Paragraphen 1448 des Zivil- und Handelsgesetzbuchs für verfassungsgemäß?	Verfassungsgericht	Which judicial body declared Section 1448 of the Civil and Commercial Code constitutional in 2021?	Constitutional Court
de	de:069:en_uk_riots_southport_stabbings__involved_city_or_town__002__neighbor__en_uk_riots_southport_stabbings_neighbor_neighbor_city_1__de__surface_003	en_uk_riots_southport_stabbings__involved_city_or_town__002__neighbor__en_uk_riots_southport_stabbings_neighbor_neighbor_city_1__de__surface_003	en_uk_riots_southport_stabbings__involved_city_or_town__002__neighbor__en_uk_riots_southport_stabbings_neighbor_neighbor_city_1__en__surface_003	en_uk_riots_southport_stabbings	en_uk_riots_southport_stabbings__involved_city_or_town__002	neighbor	surface	involved_city_or_town	True	ok	none	5	5	5	5	Clear and faithful translation.	Where did the mass stabbing targeting young girls happen?	Southport	Wo ereignete sich der Massen-Messerangriff auf junge Mädchen?	Southport	Where did the mass stabbing attack on young girls occur?	Southport
de	de:070:ja_mof_protests_house_councillors__location__003__target__ja_mof_protests_house_councillors_target_target_location_2__de__surface_001	ja_mof_protests_house_councillors__location__003__target__ja_mof_protests_house_councillors_target_target_location_2__de__surface_001	ja_mof_protests_house_councillors__location__003__target__ja_mof_protests_house_councillors_target_target_location_2__en__surface_001	ja_mof_protests_house_councillors	ja_mof_protests_house_councillors__location__003	target	surface	location	True	ok	none	5	5	5	5	Accurate and natural.	Fusao Izumi previously served as the mayor of which location?	Akashi	Von welchem Ort war Fusao Izumi zuvor Bürgermeister?	Akashi	Of which place was Fusao Izumi previously mayor?	Akashi
de	de:071:sw_kenyan_protests_albert_ojwang__entity_making_statement__013__target__sw_kenyan_protests_albert_ojwang_target_target_entity_making_statement_1__de__surface_001	sw_kenyan_protests_albert_ojwang__entity_making_statement__013__target__sw_kenyan_protests_albert_ojwang_target_target_entity_making_statement_1__de__surface_001	sw_kenyan_protests_albert_ojwang__entity_making_statement__013__target__sw_kenyan_protests_albert_ojwang_target_target_entity_making_statement_1__en__surface_001	sw_kenyan_protests_albert_ojwang	sw_kenyan_protests_albert_ojwang__entity_making_statement__013	target	surface	entity_making_statement	True	ok	none	5	5	5	5	Accurate and natural translation.	Which leader stated that individuals caught burning property ought to be shot in the leg?	William Ruto	Welcher Politiker erklärte, dass Personen, die dabei erwischt werden, Eigentum anzuzünden, ins Bein geschossen werden sollten?	William Ruto	Which politician stated that people who are caught setting fire to property should be shot in the leg?	William Ruto
de	de:072:bn_noncooperation_interim_government__key_figures__008__neighbor__bn_noncooperation_interim_government_neighbor_neighbor_key_figures_1__de__surface_001	bn_noncooperation_interim_government__key_figures__008__neighbor__bn_noncooperation_interim_government_neighbor_neighbor_key_figures_1__de__surface_001	bn_noncooperation_interim_government__key_figures__008__neighbor__bn_noncooperation_interim_government_neighbor_neighbor_key_figures_1__en__surface_001	bn_noncooperation_interim_government	bn_noncooperation_interim_government__key_figures__008	neighbor	surface	key_figures	True	ok	none	5	5	5	5	Accurate and natural translation.	Which key figure took the oath to become the Chief Adviser of Bangladesh?	Muhammad Yunus	Welche Schlüsselfigur legte den Eid ab, um Chefberater von Bangladesch zu werden?	Muhammad Yunus	Which key figure took the oath to become Chief Adviser of Bangladesh?	Muhammad Yunus
de	de:073:de_munich_car_attack_federal_election__involved_person__010__target__de_munich_car_attack_federal_election_target_target_involved_person_3__de__surface_001	de_munich_car_attack_federal_election__involved_person__010__target__de_munich_car_attack_federal_election_target_target_involved_person_3__de__surface_001	de_munich_car_attack_federal_election__involved_person__010__target__de_munich_car_attack_federal_election_target_target_involved_person_3__en__surface_001	de_munich_car_attack_federal_election	de_munich_car_attack_federal_election__involved_person__010	target	surface	involved_person	True	ok	none	5	5	5	5	Accurate and natural translation.	Which individual played a role in responding to the 2025 Munich car attack?	Joachim Herrmann	Welche Person spielte eine Rolle bei der Reaktion auf den Autoangriff in München 2025?	Joachim Herrmann	Which person played a role in the response to the 2025 Munich car attack?	Joachim Herrmann
de	de:074:bn_anti_hindu_violence_national_citizen_party__target_demographic__002__neighbor__bn_anti_hindu_violence_national_citizen_party_neighbor_neighbor_target_demographic_2__de__surface_003	bn_anti_hindu_violence_national_citizen_party__target_demographic__002__neighbor__bn_anti_hindu_violence_national_citizen_party_neighbor_neighbor_target_demographic_2__de__surface_003	bn_anti_hindu_violence_national_citizen_party__target_demographic__002__neighbor__bn_anti_hindu_violence_national_citizen_party_neighbor_neighbor_target_demographic_2__en__surface_003	bn_anti_hindu_violence_national_citizen_party	bn_anti_hindu_violence_national_citizen_party__target_demographic__002	neighbor	surface	target_demographic	True	ok	none	5	5	5	5	Accurate and natural translation.	To which generation do the protest leaders associated with the National Citizen Party belong?	Gen Z	Zu welcher Generation gehören die Protestführer, die mit der National Citizen Party in Verbindung stehen?	Gen Z	To which generation do the protest leaders associated with the National Citizen Party belong?	Gen Z
de	de:075:zh_zhuhai_car_attack_wuxi_stabbing__incident_date__012__neighbor__zh_zhuhai_car_attack_wuxi_stabbing_neighbor_wuxi_date_1__de__surface_001	zh_zhuhai_car_attack_wuxi_stabbing__incident_date__012__neighbor__zh_zhuhai_car_attack_wuxi_stabbing_neighbor_wuxi_date_1__de__surface_001	zh_zhuhai_car_attack_wuxi_stabbing__incident_date__012__neighbor__zh_zhuhai_car_attack_wuxi_stabbing_neighbor_wuxi_date_1__en__surface_001	zh_zhuhai_car_attack_wuxi_stabbing	zh_zhuhai_car_attack_wuxi_stabbing__incident_date__012	neighbor	surface	incident_date	True	ok	none	5	5	5	5	Accurate and natural translation.	When did the 2024 Wuxi stabbing take place?	16 November 2024	Wann fand der Messerangriff in Wuxi 2024 statt?	16. November 2024	When did the 2024 Wuxi stabbing attack take place?	November 16, 2024
de	de:076:ja_hyuga_nada_earthquake_expo_pavilions__infrastructure_or_building_involved__004__neighbor__ja_hyuga_nada_earthquake_expo_pavilions_neighbor_neighbor_infrastructure_1__de__surface_003	ja_hyuga_nada_earthquake_expo_pavilions__infrastructure_or_building_involved__004__neighbor__ja_hyuga_nada_earthquake_expo_pavilions_neighbor_neighbor_infrastructure_1__de__surface_003	ja_hyuga_nada_earthquake_expo_pavilions__infrastructure_or_building_involved__004__neighbor__ja_hyuga_nada_earthquake_expo_pavilions_neighbor_neighbor_infrastructure_1__en__surface_003	ja_hyuga_nada_earthquake_expo_pavilions	ja_hyuga_nada_earthquake_expo_pavilions__infrastructure_or_building_involved__004	neighbor	surface	infrastructure_or_building_involved	True	ok	none	5	5	5	5	Accurate and natural translation.	Name the Expo 2025 pavilion whose materials will be recycled for the green expo in Yokohama.	woman's pavilion	Nennen Sie den Pavillon der Expo 2025, dessen Materialien für die grüne Expo in Yokohama recycelt werden.	Frauenpavillon	Name the Expo 2025 pavilion whose materials will be recycled for the Green Expo in Yokohama.	Women's Pavilion
de	de:077:es_catatumbo_clashes_ecuador_election__involved_group__008__target__es_catatumbo_clashes_ecuador_election_target_target_involved_group_5__de__core	es_catatumbo_clashes_ecuador_election__involved_group__008__target__es_catatumbo_clashes_ecuador_election_target_target_involved_group_5__de__core	es_catatumbo_clashes_ecuador_election__involved_group__008__target__es_catatumbo_clashes_ecuador_election_target_target_involved_group_5__en__core	es_catatumbo_clashes_ecuador_election	es_catatumbo_clashes_ecuador_election__involved_group__008	target	core	involved_group	True	ok	none	5	5	5	5	Accurate and natural translation.	Which cartel did Gustavo Petro allege was supporting the ELN during the 2025 Catatumbo clashes?	Sinaloa Cartel	Welches Kartell hat laut Gustavo Petro die ELN während der Catatumbo-Kämpfe 2025 unterstützt?	Sinaloa-Kartell	According to Gustavo Petro, which cartel supported the ELN during the 2025 Catatumbo clashes?	Sinaloa Cartel
de	de:078:es_catatumbo_clashes_ecuador_election__involved_group__008__neighbor__es_catatumbo_clashes_ecuador_election_neighbor_neighbor_involved_group_4__de__surface_002	es_catatumbo_clashes_ecuador_election__involved_group__008__neighbor__es_catatumbo_clashes_ecuador_election_neighbor_neighbor_involved_group_4__de__surface_002	es_catatumbo_clashes_ecuador_election__involved_group__008__neighbor__es_catatumbo_clashes_ecuador_election_neighbor_neighbor_involved_group_4__en__surface_002	es_catatumbo_clashes_ecuador_election	es_catatumbo_clashes_ecuador_election__involved_group__008	neighbor	surface	involved_group	True	ok	none	5	5	5	5	Accurate and natural translation.	What is the name of the party that obtained 9 seats in the National Assembly in Ecuador's 2025 general election?	Pachakutik	Wie heißt die Partei, die bei den allgemeinen Wahlen in Ecuador 2025 9 Sitze in der Nationalversammlung erhalten hat?	Pachakutik	What is the name of the party that received 9 seats in the National Assembly in the 2025 general elections in Ecuador?	Pachakutik
de	de:079:th_political_crisis_same_sex_marriage__involved_organization__015__neighbor__th_political_crisis_same_sex_marriage_neighbor_th_same_sex_marriage_involved_organization_1__de__surface_002	th_political_crisis_same_sex_marriage__involved_organization__015__neighbor__th_political_crisis_same_sex_marriage_neighbor_th_same_sex_marriage_involved_organization_1__de__surface_002	th_political_crisis_same_sex_marriage__involved_organization__015__neighbor__th_political_crisis_same_sex_marriage_neighbor_th_same_sex_marriage_involved_organization_1__en__surface_002	th_political_crisis_same_sex_marriage	th_political_crisis_same_sex_marriage__involved_organization__015	neighbor	surface	involved_organization	True	ok	none	5	5	5	5	Accurate and natural translation.	Name the party responsible for proposing the bill that aimed to open marriage to couples of all genders in Thailand.	Move Forward Party	Nennen Sie die Partei, die den Gesetzentwurf eingebracht hat, der darauf abzielte, die Ehe für Paare aller Geschlechter in Thailand zu öffnen.	Move Forward Party	Name the party that introduced the bill that aimed to open marriage for couples of all genders in Thailand.	Move Forward Party
de	de:080:ja_mof_protests_house_councillors__person_making_statement__009__neighbor__ja_mof_protests_house_councillors_neighbor_neighbor_person_statement_3__de__surface_002	ja_mof_protests_house_councillors__person_making_statement__009__neighbor__ja_mof_protests_house_councillors_neighbor_neighbor_person_statement_3__de__surface_002	ja_mof_protests_house_councillors__person_making_statement__009__neighbor__ja_mof_protests_house_councillors_neighbor_neighbor_person_statement_3__en__surface_002	ja_mof_protests_house_councillors	ja_mof_protests_house_councillors__person_making_statement__009	neighbor	surface	person_making_statement	True	ok	none	5	5	5	5	Accurate and natural translation.	Name the individual who expressed criticism regarding Ishiba's party convention speech.	Sanae Takaichi	Nennen Sie die Person, die Kritik an Ishibas Parteitagsrede geäußert hat.	Sanae Takaichi	Name the person who expressed criticism of Ishiba's party convention speech.	Sanae Takaichi
de	de:081:zh_night_ride_kaifeng_henan_cuisine__has_notable_instance__003__neighbor__zh_night_ride_kaifeng_henan_cuisine_neighbor_7__de__core	zh_night_ride_kaifeng_henan_cuisine__has_notable_instance__003__neighbor__zh_night_ride_kaifeng_henan_cuisine_neighbor_7__de__core	zh_night_ride_kaifeng_henan_cuisine__has_notable_instance__003__neighbor__zh_night_ride_kaifeng_henan_cuisine_neighbor_7__en__core	zh_night_ride_kaifeng_henan_cuisine	zh_night_ride_kaifeng_henan_cuisine__has_notable_instance__003	neighbor	core	has_notable_instance	True	ok	none	5	5	5	5	Accurate and fluent translation.	What is a notable spicy soup typically eaten for breakfast in Henan cuisine?	Hulatang	Welche bekannte scharfe Suppe wird in der Henan-Küche typischerweise zum Frühstück gegessen?	Hulatang	Which well-known spicy soup is typically eaten for breakfast in Henan cuisine?	Hulatang
de	de:082:sw_tanzania_protests_general_election__casualty_report__007__neighbor__sw_tanzania_protests_general_election_neighbor_neighbor_casualty_3__de__surface_001	sw_tanzania_protests_general_election__casualty_report__007__neighbor__sw_tanzania_protests_general_election_neighbor_neighbor_casualty_3__de__surface_001	sw_tanzania_protests_general_election__casualty_report__007__neighbor__sw_tanzania_protests_general_election_neighbor_neighbor_casualty_3__en__surface_001	sw_tanzania_protests_general_election	sw_tanzania_protests_general_election__casualty_report__007	neighbor	surface	casualty_report	True	ok	none	5	5	4	5	Faithful translation, though phrasing is slightly formal and clunky, it is perfectly acceptable.	What was the number of protest fatalities claimed by Chadema on November 5th in relation to the 2025 Tanzanian general election?	2,000	Wie hoch war die von Chadema am 5. November behauptete Zahl der Todesopfer bei den Protesten im Zusammenhang mit den allgemeinen Wahlen in Tansania 2025?	2.000	What was the death toll claimed by Chadema on November 5 during the protests related to the 2025 Tanzanian general election?	2,000
de	de:083:ja_hyuga_nada_earthquake_expo_pavilions__affected_or_involved_region__001__neighbor__ja_hyuga_nada_earthquake_expo_pavilions_neighbor_neighbor_affected_region_1__de__surface_003	ja_hyuga_nada_earthquake_expo_pavilions__affected_or_involved_region__001__neighbor__ja_hyuga_nada_earthquake_expo_pavilions_neighbor_neighbor_affected_region_1__de__surface_003	ja_hyuga_nada_earthquake_expo_pavilions__affected_or_involved_region__001__neighbor__ja_hyuga_nada_earthquake_expo_pavilions_neighbor_neighbor_affected_region_1__en__surface_003	ja_hyuga_nada_earthquake_expo_pavilions	ja_hyuga_nada_earthquake_expo_pavilions__affected_or_involved_region__001	neighbor	surface	affected_or_involved_region	True	ok	none	5	5	5	5	Accurate and natural translation.	Which state announced its withdrawal from the Expo 2025 pavilions?	Greece	Welcher Staat kündigte seinen Rückzug von den Pavillons der Expo 2025 an?	Griechenland	Which state announced its withdrawal from the pavilions of Expo 2025?	Greece
de	de:084:zh_zhuhai_car_attack_wuxi_stabbing__censorship_target__013__neighbor__zh_zhuhai_car_attack_wuxi_stabbing_neighbor_wuxi_cen_1__de__surface_003	zh_zhuhai_car_attack_wuxi_stabbing__censorship_target__013__neighbor__zh_zhuhai_car_attack_wuxi_stabbing_neighbor_wuxi_cen_1__de__surface_003	zh_zhuhai_car_attack_wuxi_stabbing__censorship_target__013__neighbor__zh_zhuhai_car_attack_wuxi_stabbing_neighbor_wuxi_cen_1__en__surface_003	zh_zhuhai_car_attack_wuxi_stabbing	zh_zhuhai_car_attack_wuxi_stabbing__censorship_target__013	neighbor	surface	censorship_target	True	ok	none	5	5	5	5	Accurate and fluent translation.	Which form of public discourse was censored by authorities in relation to the 2024 Wuxi stabbing?	online discussion	Welche Form des öffentlichen Diskurses wurde von den Behörden im Zusammenhang mit dem Messerangriff in Wuxi 2024 zensiert?	Online-Diskussion	Which form of public discourse was censored by the authorities in connection with the 2024 Wuxi stabbing attack?	Online discussion
de	de:085:ja_hyogo_gubernatorial_2025_ldp_presidential__candidate__003__target__ja_hyogo_gubernatorial_2025_ldp_presidential_target_target_candidate_1__de__core	ja_hyogo_gubernatorial_2025_ldp_presidential__candidate__003__target__ja_hyogo_gubernatorial_2025_ldp_presidential_target_target_candidate_1__de__core	ja_hyogo_gubernatorial_2025_ldp_presidential__candidate__003__target__ja_hyogo_gubernatorial_2025_ldp_presidential_target_target_candidate_1__en__core	ja_hyogo_gubernatorial_2025_ldp_presidential	ja_hyogo_gubernatorial_2025_ldp_presidential__candidate__003	target	core	candidate	True	ok	none	5	5	5	5	Accurate and fluent translation.	Who was a candidate in the 2024 Hyogo gubernatorial election?	Motohiko Saitō	Wer war Kandidat bei der Gouverneurswahl in Hyōgo 2024?	Motohiko Saitō	Who was a candidate in the 2024 Hyōgo gubernatorial election?	Motohiko Saitō
de	de:086:en_tesla_vandalism_doge__employed_tactic__008__target__en_tesla_vandalism_doge_target_target_employed_tactic_2__de__surface_001	en_tesla_vandalism_doge__employed_tactic__008__target__en_tesla_vandalism_doge_target_target_employed_tactic_2__de__surface_001	en_tesla_vandalism_doge__employed_tactic__008__target__en_tesla_vandalism_doge_target_target_employed_tactic_2__en__surface_001	en_tesla_vandalism_doge	en_tesla_vandalism_doge__employed_tactic__008	target	surface	employed_tactic	True	ok	none	5	5	5	5	Very good translation, successfully conveying the English specific term 'keying' into natural German.	What action did a Wichita Tesla owner report a man doing to her car?	keying	Welche Handlung meldete eine Tesla-Besitzerin aus Wichita, die ein Mann an ihrem Auto verübt hat?	Zerkratzen mit einem Schlüssel	What action did a Tesla owner from Wichita report that a man committed on her car?	Scratching with a key
de	de:087:bn_hasina_resignation_2026_election__significant_date__015__target__bn_hasina_resignation_2026_election_target_19__de__surface_001	bn_hasina_resignation_2026_election__significant_date__015__target__bn_hasina_resignation_2026_election_target_19__de__surface_001	bn_hasina_resignation_2026_election__significant_date__015__target__bn_hasina_resignation_2026_election_target_19__en__surface_001	bn_hasina_resignation_2026_election	bn_hasina_resignation_2026_election__significant_date__015	target	surface	significant_date	True	ok	none	5	5	5	5	Accurate and highly natural translation.	When was the interim government established to handle the power transition after Sheikh Hasina stepped down?	8 August 2024	Wann wurde die Übergangsregierung gebildet, um den Machtwechsel nach dem Rücktritt von Sheikh Hasina zu regeln?	8. August 2024	When was the interim government formed to manage the transition of power after the resignation of Sheikh Hasina?	August 8, 2024
de	de:088:de_munich_car_attack_federal_election__involved_organization__003__neighbor__de_munich_car_attack_federal_election_neighbor_neighbor_involved_organization_3__de__core	de_munich_car_attack_federal_election__involved_organization__003__neighbor__de_munich_car_attack_federal_election_neighbor_neighbor_involved_organization_3__de__core	de_munich_car_attack_federal_election__involved_organization__003__neighbor__de_munich_car_attack_federal_election_neighbor_neighbor_involved_organization_3__en__core	de_munich_car_attack_federal_election	de_munich_car_attack_federal_election__involved_organization__003	neighbor	core	involved_organization	True	ok	none	5	5	5	5	Accurate and fluent translation.	Which political party participated in the 2025 German federal election?	AfD	Welche politische Partei nahm an der Bundestagswahl 2025 teil?	AfD	Which political party participated in the 2025 federal election?	AfD
de	de:089:zh_zhuhai_car_attack_wuxi_stabbing__censorship_target__014__neighbor__zh_zhuhai_car_attack_wuxi_stabbing_neighbor_wuxi_cen_2__de__surface_003	zh_zhuhai_car_attack_wuxi_stabbing__censorship_target__014__neighbor__zh_zhuhai_car_attack_wuxi_stabbing_neighbor_wuxi_cen_2__de__surface_003	zh_zhuhai_car_attack_wuxi_stabbing__censorship_target__014__neighbor__zh_zhuhai_car_attack_wuxi_stabbing_neighbor_wuxi_cen_2__en__surface_003	zh_zhuhai_car_attack_wuxi_stabbing	zh_zhuhai_car_attack_wuxi_stabbing__censorship_target__014	neighbor	surface	censorship_target	True	ok	none	5	5	5	5	Accurate and fluent translation.	Where was the official police report the only permitted information regarding the 2024 Wuxi stabbing?	Chinese internet	Wo war der offizielle Polizeibericht die einzige erlaubte Information bezüglich des Messerangriffs in Wuxi 2024?	chinesisches Internet	Where was the official police report the only permitted information regarding the 2024 Wuxi stabbing attack?	Chinese internet
de	de:090:fr_pelicot_case_gisele_pelicot__significant_year__005__target__fr_pelicot_case_gisele_pelicot_target_target_significant_year_2__de__surface_003	fr_pelicot_case_gisele_pelicot__significant_year__005__target__fr_pelicot_case_gisele_pelicot_target_target_significant_year_2__de__surface_003	fr_pelicot_case_gisele_pelicot__significant_year__005__target__fr_pelicot_case_gisele_pelicot_target_target_significant_year_2__en__surface_003	fr_pelicot_case_gisele_pelicot	fr_pelicot_case_gisele_pelicot__significant_year__005	target	surface	significant_year	True	ok	none	5	5	5	5	Accurate and naturally phrased.	What is the year of Gisèle and Dominique Pelicot's wedding?	1973	In welchem Jahr fand die Hochzeit von Gisèle und Dominique Pelicot statt?	1973	In which year did the wedding of Gisèle and Dominique Pelicot take place?	1973
de	de:091:es_catatumbo_clashes_ecuador_election__involved_group__007__neighbor__es_catatumbo_clashes_ecuador_election_neighbor_neighbor_involved_group_2__de__core	es_catatumbo_clashes_ecuador_election__involved_group__007__neighbor__es_catatumbo_clashes_ecuador_election_neighbor_neighbor_involved_group_2__de__core	es_catatumbo_clashes_ecuador_election__involved_group__007__neighbor__es_catatumbo_clashes_ecuador_election_neighbor_neighbor_involved_group_2__en__core	es_catatumbo_clashes_ecuador_election	es_catatumbo_clashes_ecuador_election__involved_group__007	neighbor	core	involved_group	True	ok	none	5	5	5	5	Accurate and natural translation.	Which group formed a left-leaning bloc with the Citizen Revolution Movement in the 2025 Ecuadorian general election?	RETO Movement	Welche Gruppe bildete bei den allgemeinen Wahlen in Ecuador 2025 einen linksgerichteten Block mit der Bewegung Bürgerrevolution?	RETO-Bewegung	Which group formed a left-wing bloc with the Citizen Revolution Movement in the 2025 general elections in Ecuador?	RETO Movement
de	de:092:fr_imane_khelif_olympic_boxing__event_year__006__target__fr_imane_khelif_olympic_boxing_target_14__de__core	fr_imane_khelif_olympic_boxing__event_year__006__target__fr_imane_khelif_olympic_boxing_target_14__de__core	fr_imane_khelif_olympic_boxing__event_year__006__target__fr_imane_khelif_olympic_boxing_target_14__en__core	fr_imane_khelif_olympic_boxing	fr_imane_khelif_olympic_boxing__event_year__006	target	core	event_year	True	ok	none	5	5	5	5	Perfect translation.	In what year did Imane Khelif win the women's welterweight gold medal at the Summer Olympics?	2024	In welchem Jahr gewann Imane Khelif die Goldmedaille im Weltergewicht der Frauen bei den Olympischen Sommerspielen?	2024	In which year did Imane Khelif win the gold medal in the women's welterweight at the Summer Olympics?	2024
de	de:093:de_solingen_stabbing_magdeburg_attack__perpetrator_background_trait__001__target__de_solingen_stabbing_magdeburg_attack_target_de_solingen_stabbing_trait_4__de__core	de_solingen_stabbing_magdeburg_attack__perpetrator_background_trait__001__target__de_solingen_stabbing_magdeburg_attack_target_de_solingen_stabbing_trait_4__de__core	de_solingen_stabbing_magdeburg_attack__perpetrator_background_trait__001__target__de_solingen_stabbing_magdeburg_attack_target_de_solingen_stabbing_trait_4__en__core	de_solingen_stabbing_magdeburg_attack	de_solingen_stabbing_magdeburg_attack__perpetrator_background_trait__001	target	core	perpetrator_background_trait	True	ok	none	5	5	5	5	Accurate translation; 'Sunnit' correctly identifies the religious affiliation.	What religious faith did the perpetrator of the 2024 Solingen stabbing belong to?	Sunni	Welcher Glaubensrichtung gehörte der Täter des Messerangriffs in Solingen 2024 an?	Sunnit	To which faith did the perpetrator of the 2024 Solingen knife attack belong?	Sunni
de	de:094:bn_anti_hindu_violence_national_citizen_party__commentator_or_reactor__003__target__bn_anti_hindu_violence_national_citizen_party_target_target_commentator_or_reactor_1__de__surface_002	bn_anti_hindu_violence_national_citizen_party__commentator_or_reactor__003__target__bn_anti_hindu_violence_national_citizen_party_target_target_commentator_or_reactor_1__de__surface_002	bn_anti_hindu_violence_national_citizen_party__commentator_or_reactor__003__target__bn_anti_hindu_violence_national_citizen_party_target_target_commentator_or_reactor_1__en__surface_002	bn_anti_hindu_violence_national_citizen_party	bn_anti_hindu_violence_national_citizen_party__commentator_or_reactor__003	target	surface	commentator_or_reactor	True	ok	none	5	5	5	5	Natural and accurate passive construction in German.	The violence against religious minorities in Bangladesh was condemned in a written statement by which former US President?	Donald Trump	Von welchem ehemaligen US-Präsidenten wurde die Gewalt gegen religiöse Minderheiten in Bangladesch in einer schriftlichen Erklärung verurteilt?	Donald Trump	By which former US president was the violence against religious minorities in Bangladesh condemned in a written statement?	Donald Trump
de	de:095:sw_goma_offensive_drc_rwanda_peace__involved_country__005__target__sw_goma_offensive_drc_rwanda_peace_target_target_card_1__de__surface_002	sw_goma_offensive_drc_rwanda_peace__involved_country__005__target__sw_goma_offensive_drc_rwanda_peace_target_target_card_1__de__surface_002	sw_goma_offensive_drc_rwanda_peace__involved_country__005__target__sw_goma_offensive_drc_rwanda_peace_target_target_card_1__en__surface_002	sw_goma_offensive_drc_rwanda_peace	sw_goma_offensive_drc_rwanda_peace__involved_country__005	target	surface	involved_country	True	ok	none	5	5	5	5	Accurate and fluent translation.	The 2025 Goma offensive received support from which state?	Rwanda	Von welchem Staat erhielt die Goma-Offensive 2025 Unterstützung?	Ruanda	From which state did the 2025 Goma offensive receive support?	Rwanda
de	de:096:sw_kenyan_protests_albert_ojwang__involved_person__009__neighbor__sw_kenyan_protests_albert_ojwang_neighbor_neighbor_involved_person_2__de__surface_003	sw_kenyan_protests_albert_ojwang__involved_person__009__neighbor__sw_kenyan_protests_albert_ojwang_neighbor_neighbor_involved_person_2__de__surface_003	sw_kenyan_protests_albert_ojwang__involved_person__009__neighbor__sw_kenyan_protests_albert_ojwang_neighbor_neighbor_involved_person_2__en__surface_003	sw_kenyan_protests_albert_ojwang	sw_kenyan_protests_albert_ojwang__involved_person__009	neighbor	surface	involved_person	True	ok	none	5	5	5	5	Accurate and natural translation.	The statement that Ojwang was killed by the state was written by which former speaker of the National Assembly of Kenya?	Justin Muturi	Von welchem ehemaligen Sprecher der kenianischen Nationalversammlung wurde die Aussage verfasst, dass Ojwang vom Staat getötet wurde?	Justin Muturi	By which former Speaker of the Kenyan National Assembly was the statement written that Ojwang was killed by the state?	Justin Muturi
de	de:097:ar_haniyeh_assassination_masoud_pezeshkian__associated_person__008__target__ar_haniyeh_assassination_masoud_pezeshkian_target_2__de__surface_003	ar_haniyeh_assassination_masoud_pezeshkian__associated_person__008__target__ar_haniyeh_assassination_masoud_pezeshkian_target_2__de__surface_003	ar_haniyeh_assassination_masoud_pezeshkian__associated_person__008__target__ar_haniyeh_assassination_masoud_pezeshkian_target_2__en__surface_003	ar_haniyeh_assassination_masoud_pezeshkian	ar_haniyeh_assassination_masoud_pezeshkian__associated_person__008	target	surface	associated_person	True	ok	none	5	5	5	5	Correct and faithful translation.	Whose condemnation of the assassination of Ismail Haniyeh was reported?	Nasser Kanaani	Wessen Verurteilung der Ermordung von Ismail Haniyeh wurde berichtet?	Nasser Kanaani	Whose condemnation of the assassination of Ismail Haniyeh was reported?	Nasser Kanaani
de	de:098:bn_noncooperation_interim_government__key_figures__015__neighbor__bn_noncooperation_interim_government_neighbor_neighbor_key_figures_8__de__core	bn_noncooperation_interim_government__key_figures__015__neighbor__bn_noncooperation_interim_government_neighbor_neighbor_key_figures_8__de__core	bn_noncooperation_interim_government__key_figures__015__neighbor__bn_noncooperation_interim_government_neighbor_neighbor_key_figures_8__en__core	bn_noncooperation_interim_government	bn_noncooperation_interim_government__key_figures__015	neighbor	core	key_figures	True	ok	none	5	5	5	5	Very good use of idioms ('sprach... seine volle Unterstützung aus').	Which Chinese President expressed full support for Bangladesh's interim government?	Xi Jinping	Welcher chinesische Präsident sprach der Übergangsregierung von Bangladesch seine volle Unterstützung aus?	Xi Jinping	Which Chinese president expressed his full support for the interim government of Bangladesh?	Xi Jinping
de	de:099:ar_syrian_offensives_transitional_government__international_reaction__003__target__ar_syrian_offensives_transitional_government_target_target_reaction_2__de__core	ar_syrian_offensives_transitional_government__international_reaction__003__target__ar_syrian_offensives_transitional_government_target_target_reaction_2__de__core	ar_syrian_offensives_transitional_government__international_reaction__003__target__ar_syrian_offensives_transitional_government_target_target_reaction_2__en__core	ar_syrian_offensives_transitional_government	ar_syrian_offensives_transitional_government__international_reaction__003	target	core	international_reaction	True	ok	none	5	5	5	5	Accurate and fluent.	Which country described the 2024 Syrian opposition offensives as a plot orchestrated by the U.S. and the Zionist regime?	Iran	Welches Land bezeichnete die Offensiven der syrischen Opposition 2024 als ein von den USA und dem zionistischen Regime orchestriertes Komplott?	Iran	Which country described the 2024 Syrian opposition offensives as a plot orchestrated by the US and the Zionist regime?	Iran
de	de:100:fr_olympics_opening_closing_ceremony__musical_performer__001__target__fr_olympics_opening_closing_ceremony_target_target_musical_performer_3__de__core	fr_olympics_opening_closing_ceremony__musical_performer__001__target__fr_olympics_opening_closing_ceremony_target_target_musical_performer_3__de__core	fr_olympics_opening_closing_ceremony__musical_performer__001__target__fr_olympics_opening_closing_ceremony_target_target_musical_performer_3__en__core	fr_olympics_opening_closing_ceremony	fr_olympics_opening_closing_ceremony__musical_performer__001	target	core	musical_performer	True	ok	none	5	5	5	5	Perfect translation.	Which French band performed at the 2024 Summer Olympics opening ceremony?	Gojira	Welche französische Band trat bei der Eröffnungsfeier der Olympischen Sommerspiele 2024 auf?	Gojira	Which French band performed at the opening ceremony of the 2024 Summer Olympics?	Gojira
es	es:001:de_solingen_stabbing_magdeburg_attack__perpetrator_background_trait__001__neighbor__de_solingen_stabbing_magdeburg_attack_neighbor_de_magdeburg_attack_trait_2__es__surface_001	de_solingen_stabbing_magdeburg_attack__perpetrator_background_trait__001__neighbor__de_solingen_stabbing_magdeburg_attack_neighbor_de_magdeburg_attack_trait_2__es__surface_001	de_solingen_stabbing_magdeburg_attack__perpetrator_background_trait__001__neighbor__de_solingen_stabbing_magdeburg_attack_neighbor_de_magdeburg_attack_trait_2__en__surface_001	de_solingen_stabbing_magdeburg_attack	de_solingen_stabbing_magdeburg_attack__perpetrator_background_trait__001	neighbor	surface	perpetrator_background_trait	True	ok	none	5	5	5	5	Accurate and natural translation.	What specific term did authorities use to characterize the prejudice of the perpetrator in the 2024 Magdeburg car attack?	Islamophobe	¿Qué término específico utilizaron las autoridades para caracterizar el prejuicio del perpetrador en el ataque con vehículo de Magdeburgo de 2024?	Islamófobo	What specific term did the authorities use to characterize the perpetrator's prejudice in the 2024 Magdeburg vehicle attack?	Islamophobic
es	es:002:fr_imane_khelif_olympic_boxing__location_or_venue__003__neighbor__fr_imane_khelif_olympic_boxing_neighbor_16__es__surface_001	fr_imane_khelif_olympic_boxing__location_or_venue__003__neighbor__fr_imane_khelif_olympic_boxing_neighbor_16__es__surface_001	fr_imane_khelif_olympic_boxing__location_or_venue__003__neighbor__fr_imane_khelif_olympic_boxing_neighbor_16__en__surface_001	fr_imane_khelif_olympic_boxing	fr_imane_khelif_olympic_boxing__location_or_venue__003	neighbor	surface	location_or_venue	True	ok	none	5	5	5	5	Accurate and natural translation.	Which city hosted the boxing events for the 2024 Summer Olympics?	Paris	¿Qué ciudad albergó los eventos de boxeo de los Juegos Olímpicos de Verano de 2024?	París	What city hosted the boxing events of the 2024 Summer Olympics?	Paris
es	es:003:de_munich_car_attack_federal_election__involved_person__012__neighbor__de_munich_car_attack_federal_election_neighbor_neighbor_involved_person_5__es__surface_003	de_munich_car_attack_federal_election__involved_person__012__neighbor__de_munich_car_attack_federal_election_neighbor_neighbor_involved_person_5__es__surface_003	de_munich_car_attack_federal_election__involved_person__012__neighbor__de_munich_car_attack_federal_election_neighbor_neighbor_involved_person_5__en__surface_003	de_munich_car_attack_federal_election	de_munich_car_attack_federal_election__involved_person__012	neighbor	surface	involved_person	True	ok	none	5	5	5	5	Accurate and natural translation.	The 2025 German federal election saw the involvement of which figure?	Alice Weidel	¿Qué figura estuvo involucrada en las elecciones federales de Alemania de 2025?	Alice Weidel	What figure was involved in the 2025 German federal election?	Alice Weidel
es	es:004:ja_hyogo_gubernatorial_2025_ldp_presidential__candidate__003__target__ja_hyogo_gubernatorial_2025_ldp_presidential_target_target_candidate_1__es__surface_001	ja_hyogo_gubernatorial_2025_ldp_presidential__candidate__003__target__ja_hyogo_gubernatorial_2025_ldp_presidential_target_target_candidate_1__es__surface_001	ja_hyogo_gubernatorial_2025_ldp_presidential__candidate__003__target__ja_hyogo_gubernatorial_2025_ldp_presidential_target_target_candidate_1__en__surface_001	ja_hyogo_gubernatorial_2025_ldp_presidential	ja_hyogo_gubernatorial_2025_ldp_presidential__candidate__003	target	surface	candidate	True	ok	none	5	5	5	5	Accurate and natural translation.	Which politician ran for office in the 2024 Hyogo gubernatorial election?	Motohiko Saitō	¿Qué político se postuló para el cargo en las elecciones para gobernador de Hyogo de 2024?	Motohiko Saitō	Which politician ran for office in the 2024 Hyogo gubernatorial election?	Motohiko Saitō
es	es:005:ar_syrian_offensives_transitional_government__leadership_role__007__neighbor__ar_syrian_offensives_transitional_government_neighbor_neighbor_leadership_1__es__core	ar_syrian_offensives_transitional_government__leadership_role__007__neighbor__ar_syrian_offensives_transitional_government_neighbor_neighbor_leadership_1__es__core	ar_syrian_offensives_transitional_government__leadership_role__007__neighbor__ar_syrian_offensives_transitional_government_neighbor_neighbor_leadership_1__en__core	ar_syrian_offensives_transitional_government	ar_syrian_offensives_transitional_government__leadership_role__007	neighbor	core	leadership_role	True	ok	none	5	5	5	5	Accurate and natural translation.	Who was the President under whom the Syrian transitional government was established?	Ahmed al-Sharaa	¿Quién fue el presidente bajo el cual se estableció el gobierno de transición sirio?	Ahmed al-Sharaa	Who was the president under whom the Syrian transitional government was established?	Ahmed al-Sharaa
es	es:006:ja_hyogo_gubernatorial_2025_ldp_presidential__candidate__006__neighbor__ja_hyogo_gubernatorial_2025_ldp_presidential_neighbor_neighbor_candidate_4__es__core	ja_hyogo_gubernatorial_2025_ldp_presidential__candidate__006__neighbor__ja_hyogo_gubernatorial_2025_ldp_presidential_neighbor_neighbor_candidate_4__es__core	ja_hyogo_gubernatorial_2025_ldp_presidential__candidate__006__neighbor__ja_hyogo_gubernatorial_2025_ldp_presidential_neighbor_neighbor_candidate_4__en__core	ja_hyogo_gubernatorial_2025_ldp_presidential	ja_hyogo_gubernatorial_2025_ldp_presidential__candidate__006	neighbor	core	candidate	True	ok	none	5	5	5	5	Accurate and natural translation.	Which former Economic Minister was a candidate in the 2025 Liberal Democratic Party presidential election?	Takayuki Kobayashi	¿Qué exministro de Economía fue candidato en las elecciones presidenciales del Partido Liberal Democrático de 2025?	Takayuki Kobayashi	Which former Minister of Economy was a candidate in the 2025 Liberal Democratic Party presidential election?	Takayuki Kobayashi
es	es:007:bn_hasina_resignation_2026_election__significant_date__014__neighbor__bn_hasina_resignation_2026_election_neighbor_18__es__surface_003	bn_hasina_resignation_2026_election__significant_date__014__neighbor__bn_hasina_resignation_2026_election_neighbor_18__es__surface_003	bn_hasina_resignation_2026_election__significant_date__014__neighbor__bn_hasina_resignation_2026_election_neighbor_18__en__surface_003	bn_hasina_resignation_2026_election	bn_hasina_resignation_2026_election__significant_date__014	neighbor	surface	significant_date	True	ok	none	5	5	5	5	Accurate and natural translation.	Sheikh Hasina was ruled guilty of war crimes by the International Crimes Tribunal on which specific date?	17 November 2025	¿En qué fecha específica el Tribunal de Crímenes Internacionales declaró a Sheikh Hasina culpable de crímenes de guerra?	17 de noviembre de 2025	On what specific date did the International Crimes Tribunal declare Sheikh Hasina guilty of war crimes?	November 17, 2025
es	es:008:zh_night_ride_kaifeng_henan_cuisine__utilizes_key_element__002__target__zh_night_ride_kaifeng_henan_cuisine_target_12__es__core	zh_night_ride_kaifeng_henan_cuisine__utilizes_key_element__002__target__zh_night_ride_kaifeng_henan_cuisine_target_12__es__core	zh_night_ride_kaifeng_henan_cuisine__utilizes_key_element__002__target__zh_night_ride_kaifeng_henan_cuisine_target_12__en__core	zh_night_ride_kaifeng_henan_cuisine	zh_night_ride_kaifeng_henan_cuisine__utilizes_key_element__002	target	core	utilizes_key_element	True	ok	none	5	5	5	5	Accurate and natural translation.	What device did traffic police use to ask cyclists to turn back during the night ride to Kaifeng?	megaphones	¿Qué dispositivo utilizó la policía de tránsito para pedir a los ciclistas que regresaran durante el recorrido nocturno a Kaifeng?	megáfonos	What device did the traffic police use to ask the cyclists to return during the night ride to Kaifeng?	megaphones
es	es:009:es_venezuela_protests_presidential_election__involved_organization__011__target__es_venezuela_protests_presidential_election_target_target_involved_organization_2__es__core	es_venezuela_protests_presidential_election__involved_organization__011__target__es_venezuela_protests_presidential_election_target_target_involved_organization_2__es__core	es_venezuela_protests_presidential_election__involved_organization__011__target__es_venezuela_protests_presidential_election_target_target_involved_organization_2__en__core	es_venezuela_protests_presidential_election	es_venezuela_protests_presidential_election__involved_organization__011	target	core	involved_organization	True	ok	none	5	5	5	5	Accurate and natural translation.	Which organization was involved in the 2024 Venezuelan presidential election protests?	Amnesty International	¿Qué organización estuvo involucrada en las protestas por las elecciones presidenciales de Venezuela de 2024?	Amnistía Internacional	What organization was involved in the 2024 Venezuelan presidential election protests?	Amnesty International
es	es:010:th_political_crisis_same_sex_marriage__key_figure__004__neighbor__th_political_crisis_same_sex_marriage_neighbor_th_same_sex_marriage_key_figure_1__es__surface_003	th_political_crisis_same_sex_marriage__key_figure__004__neighbor__th_political_crisis_same_sex_marriage_neighbor_th_same_sex_marriage_key_figure_1__es__surface_003	th_political_crisis_same_sex_marriage__key_figure__004__neighbor__th_political_crisis_same_sex_marriage_neighbor_th_same_sex_marriage_key_figure_1__en__surface_003	th_political_crisis_same_sex_marriage	th_political_crisis_same_sex_marriage__key_figure__004	neighbor	surface	key_figure	True	ok	none	5	5	5	5	Accurate and natural translation.	Name the Thai Prime Minister who led the government that supported the passage of the Marriage Equality Act.	Srettha Thavisin	Nombra al primer ministro tailandés que lideró el gobierno que apoyó la aprobación de la Ley de Igualdad Matrimonial.	Srettha Thavisin	Name the Thai prime minister who led the government that supported the approval of the Marriage Equality Act.	Srettha Thavisin
es	es:011:ar_haniyeh_assassination_masoud_pezeshkian__associated_person__011__target__ar_haniyeh_assassination_masoud_pezeshkian_target_5__es__surface_001	ar_haniyeh_assassination_masoud_pezeshkian__associated_person__011__target__ar_haniyeh_assassination_masoud_pezeshkian_target_5__es__surface_001	ar_haniyeh_assassination_masoud_pezeshkian__associated_person__011__target__ar_haniyeh_assassination_masoud_pezeshkian_target_5__en__surface_001	ar_haniyeh_assassination_masoud_pezeshkian	ar_haniyeh_assassination_masoud_pezeshkian__associated_person__011	target	surface	associated_person	True	ok	none	5	5	5	5	Accurate and fluent translation.	Who was the Hamas military leader targeted for assassination by Israel?	Mohammed Deif	¿Quién fue el líder militar de Hamás que fue objetivo de asesinato por parte de Israel?	Mohammed Deif	Who was the military leader of Hamas who was the target of assassination by Israel?	Mohammed Deif
es	es:012:th_political_crisis_same_sex_marriage__key_figure__006__neighbor__th_political_crisis_same_sex_marriage_neighbor_th_same_sex_marriage_key_figure_3__es__surface_001	th_political_crisis_same_sex_marriage__key_figure__006__neighbor__th_political_crisis_same_sex_marriage_neighbor_th_same_sex_marriage_key_figure_3__es__surface_001	th_political_crisis_same_sex_marriage__key_figure__006__neighbor__th_political_crisis_same_sex_marriage_neighbor_th_same_sex_marriage_key_figure_3__en__surface_001	th_political_crisis_same_sex_marriage	th_political_crisis_same_sex_marriage__key_figure__006	neighbor	surface	key_figure	True	ok	none	5	5	5	5	Accurate translation. Using the masculine 'primer ministro' as a generic title is natural and avoids giving away the gender of the answer.	Who was the Prime Minister whose government set up a committee in 2012 to draft civil partnership legislation?	Yingluck Shinawatra	¿Quién fue el primer ministro cuyo gobierno estableció un comité en 2012 para redactar una legislación sobre uniones civiles?	Yingluck Shinawatra	Who was the prime minister whose government established a committee in 2012 to draft legislation on civil unions?	Yingluck Shinawatra
es	es:013:zh_night_ride_kaifeng_henan_cuisine__utilizes_key_element__002__neighbor__zh_night_ride_kaifeng_henan_cuisine_neighbor_11__es__surface_003	zh_night_ride_kaifeng_henan_cuisine__utilizes_key_element__002__neighbor__zh_night_ride_kaifeng_henan_cuisine_neighbor_11__es__surface_003	zh_night_ride_kaifeng_henan_cuisine__utilizes_key_element__002__neighbor__zh_night_ride_kaifeng_henan_cuisine_neighbor_11__en__surface_003	zh_night_ride_kaifeng_henan_cuisine	zh_night_ride_kaifeng_henan_cuisine__utilizes_key_element__002	neighbor	surface	utilizes_key_element	True	ok	none	5	5	5	5	Accurate and fluent translation.	When preparing Henan cuisine, what is the most commonly used meat?	pork	Al preparar la cocina de Henan, ¿cuál es la carne más utilizada?	cerdo	When preparing Henan cuisine, what is the most used meat?	pork
es	es:014:de_aschaffenburg_stabbing_merz_cabinet__participant_role__001__neighbor__de_aschaffenburg_stabbing_merz_cabinet_neighbor_neighbor_role_1__es__surface_002	de_aschaffenburg_stabbing_merz_cabinet__participant_role__001__neighbor__de_aschaffenburg_stabbing_merz_cabinet_neighbor_neighbor_role_1__es__surface_002	de_aschaffenburg_stabbing_merz_cabinet__participant_role__001__neighbor__de_aschaffenburg_stabbing_merz_cabinet_neighbor_neighbor_role_1__en__surface_002	de_aschaffenburg_stabbing_merz_cabinet	de_aschaffenburg_stabbing_merz_cabinet__participant_role__001	neighbor	surface	participant_role	True	ok	none	5	5	5	5	Accurate and natural.	Friedrich Merz serves in which government position?	Chancellor	¿Qué cargo gubernamental ocupa Friedrich Merz?	Canciller	What government position does Friedrich Merz hold?	Chancellor
es	es:015:en_brian_thompson_killing_luigi_mangione__associated_organizations__005__neighbor__en_brian_thompson_killing_luigi_mangione_neighbor_neighbor_associated_organizations_3__es__surface_001	en_brian_thompson_killing_luigi_mangione__associated_organizations__005__neighbor__en_brian_thompson_killing_luigi_mangione_neighbor_neighbor_associated_organizations_3__es__surface_001	en_brian_thompson_killing_luigi_mangione__associated_organizations__005__neighbor__en_brian_thompson_killing_luigi_mangione_neighbor_neighbor_associated_organizations_3__en__surface_001	en_brian_thompson_killing_luigi_mangione	en_brian_thompson_killing_luigi_mangione__associated_organizations__005	neighbor	surface	associated_organizations	True	ok	none	5	5	5	5	Excellent translation.	Which establishment was Luigi Mangione at when local police apprehended him?	McDonald's	¿En qué establecimiento se encontraba Luigi Mangione cuando la policía local lo aprehendió?	McDonald's	In which establishment was Luigi Mangione when the local police apprehended him?	McDonald's
es	es:016:zh_night_ride_kaifeng_henan_cuisine__has_associated_location__005__neighbor__zh_night_ride_kaifeng_henan_cuisine_neighbor_3__es__surface_003	zh_night_ride_kaifeng_henan_cuisine__has_associated_location__005__neighbor__zh_night_ride_kaifeng_henan_cuisine_neighbor_3__es__surface_003	zh_night_ride_kaifeng_henan_cuisine__has_associated_location__005__neighbor__zh_night_ride_kaifeng_henan_cuisine_neighbor_3__en__surface_003	zh_night_ride_kaifeng_henan_cuisine	zh_night_ride_kaifeng_henan_cuisine__has_associated_location__005	neighbor	surface	has_associated_location	True	ok	none	5	5	5	5	Accurate translation, correctly using the standard Spanish exonym 'Pekín'.	The culinary styles of which city are integrated into the preparation of Henan cuisine?	Beijing	¿Los estilos culinarios de qué ciudad se integran en la preparación de la cocina de Henan?	Pekín	The culinary styles of which city are integrated into the preparation of Henan cuisine?	Beijing
es	es:017:es_venezuela_crisis_uruguay_election__international_reaction_country__004__target__es_venezuela_crisis_uruguay_election_target_target_intl_reaction_4__es__core	es_venezuela_crisis_uruguay_election__international_reaction_country__004__target__es_venezuela_crisis_uruguay_election_target_target_intl_reaction_4__es__core	es_venezuela_crisis_uruguay_election__international_reaction_country__004__target__es_venezuela_crisis_uruguay_election_target_target_intl_reaction_4__en__core	es_venezuela_crisis_uruguay_election	es_venezuela_crisis_uruguay_election__international_reaction_country__004	target	core	international_reaction_country	True	ok	none	5	5	5	5	Perfect phrasing and meaning preservation.	Which country was the first to have its leader question the CNE result during the 2024 Venezuelan political crisis?	Chile	¿Qué país fue el primero cuyo líder cuestionó el resultado del CNE durante la crisis política venezolana de 2024?	Chile	Which country was the first whose leader questioned the CNE result during the 2024 Venezuelan political crisis?	Chile
es	es:018:bn_noncooperation_interim_government__key_figures__015__target__bn_noncooperation_interim_government_target_target_key_figures_8__es__surface_002	bn_noncooperation_interim_government__key_figures__015__target__bn_noncooperation_interim_government_target_target_key_figures_8__es__surface_002	bn_noncooperation_interim_government__key_figures__015__target__bn_noncooperation_interim_government_target_target_key_figures_8__en__surface_002	bn_noncooperation_interim_government	bn_noncooperation_interim_government__key_figures__015	target	surface	key_figures	True	ok	none	5	5	5	5	Accurate and fluent.	Name the official who reportedly greeted Sheikh Hasina when she landed at the Hindan Air Force Station.	Ajit Doval	Nombre al funcionario que, según los informes, saludó a Sheikh Hasina cuando aterrizó en la Estación de la Fuerza Aérea de Hindan.	Ajit Doval	Name the official who reportedly greeted Sheikh Hasina when she landed at the Hindan Air Force Station.	Ajit Doval
es	es:019:zh_zhuhai_car_attack_wuxi_stabbing__aftermath_response__015__target__zh_zhuhai_car_attack_wuxi_stabbing_target_zhuhai_aft_1__es__surface_003	zh_zhuhai_car_attack_wuxi_stabbing__aftermath_response__015__target__zh_zhuhai_car_attack_wuxi_stabbing_target_zhuhai_aft_1__es__surface_003	zh_zhuhai_car_attack_wuxi_stabbing__aftermath_response__015__target__zh_zhuhai_car_attack_wuxi_stabbing_target_zhuhai_aft_1__en__surface_003	zh_zhuhai_car_attack_wuxi_stabbing	zh_zhuhai_car_attack_wuxi_stabbing__aftermath_response__015	target	surface	aftermath_response	True	ok	none	5	5	5	5	Accurate and grammatically correct.	What form of medical contribution did many residents make at hospitals in the aftermath of the 2024 Zhuhai car attack?	donate blood	¿Qué forma de contribución médica hicieron muchos residentes en los hospitales tras el ataque con coche en Zhuhai de 2024?	donar sangre	What form of medical contribution did many residents make at the hospitals after the 2024 Zhuhai car attack?	donate blood
es	es:020:fr_pelicot_case_gisele_pelicot__family_member__015__neighbor__fr_pelicot_case_gisele_pelicot_neighbor_neighbor_family_member_3__es__core	fr_pelicot_case_gisele_pelicot__family_member__015__neighbor__fr_pelicot_case_gisele_pelicot_neighbor_neighbor_family_member_3__es__core	fr_pelicot_case_gisele_pelicot__family_member__015__neighbor__fr_pelicot_case_gisele_pelicot_neighbor_neighbor_family_member_3__en__core	fr_pelicot_case_gisele_pelicot	fr_pelicot_case_gisele_pelicot__family_member__015	neighbor	core	family_member	True	ok	none	5	5	5	5	Perfect translation.	Who is the son of Gisèle Pelicot?	Florian	¿Quién es el hijo de Gisèle Pelicot?	Florian	Who is the son of Gisèle Pelicot?	Florian
es	es:021:fr_olympics_opening_closing_ceremony__dignitary_present__009__neighbor__fr_olympics_opening_closing_ceremony_neighbor_neighbor_dignitary_present_2__es__surface_002	fr_olympics_opening_closing_ceremony__dignitary_present__009__neighbor__fr_olympics_opening_closing_ceremony_neighbor_neighbor_dignitary_present_2__es__surface_002	fr_olympics_opening_closing_ceremony__dignitary_present__009__neighbor__fr_olympics_opening_closing_ceremony_neighbor_neighbor_dignitary_present_2__en__surface_002	fr_olympics_opening_closing_ceremony	fr_olympics_opening_closing_ceremony__dignitary_present__009	neighbor	surface	dignitary_present	True	ok	none	5	5	5	5	Accurate and natural translation.	Name the COJOP2024 president who was present and spoke at the closing ceremony of the 2024 Summer Olympics.	Tony Estanguet	Nombra al presidente del COJOP2024 que estuvo presente y habló en la ceremonia de clausura de los Juegos Olímpicos de Verano de 2024.	Tony Estanguet	Name the president of COJOP2024 who was present and spoke at the closing ceremony of the 2024 Summer Olympics.	Tony Estanguet
es	es:022:sw_kenyan_protests_albert_ojwang__entity_making_statement__013__neighbor__sw_kenyan_protests_albert_ojwang_neighbor_neighbor_entity_making_statement_1__es__core	sw_kenyan_protests_albert_ojwang__entity_making_statement__013__neighbor__sw_kenyan_protests_albert_ojwang_neighbor_neighbor_entity_making_statement_1__es__core	sw_kenyan_protests_albert_ojwang__entity_making_statement__013__neighbor__sw_kenyan_protests_albert_ojwang_neighbor_neighbor_entity_making_statement_1__en__core	sw_kenyan_protests_albert_ojwang	sw_kenyan_protests_albert_ojwang__entity_making_statement__013	neighbor	core	entity_making_statement	True	ok	none	5	5	5	5	Accurate and natural translation.	"Who wrote in the Daily Nation that Ojwang was ""killed by the state""?"	Justin Muturi	"¿Quién escribió en el Daily Nation que Ojwang fue ""asesinado por el Estado""?"	Justin Muturi	"Who wrote in the Daily Nation that Ojwang was ""killed by the State""?"	Justin Muturi
es	es:023:de_aschaffenburg_stabbing_merz_cabinet__participant__008__neighbor__de_aschaffenburg_stabbing_merz_cabinet_neighbor_neighbor_participant_1__es__surface_002	de_aschaffenburg_stabbing_merz_cabinet__participant__008__neighbor__de_aschaffenburg_stabbing_merz_cabinet_neighbor_neighbor_participant_1__es__surface_002	de_aschaffenburg_stabbing_merz_cabinet__participant__008__neighbor__de_aschaffenburg_stabbing_merz_cabinet_neighbor_neighbor_participant_1__en__surface_002	de_aschaffenburg_stabbing_merz_cabinet	de_aschaffenburg_stabbing_merz_cabinet__participant__008	neighbor	surface	participant	True	ok	none	5	5	5	5	Accurate and natural translation.	Name the person leading Germany's 2025 federal cabinet.	Friedrich Merz	Nombra a la persona que lidera el gabinete federal de Alemania de 2025.	Friedrich Merz	Name the person who leads the federal cabinet of Germany of 2025.	Friedrich Merz
es	es:024:en_brian_thompson_killing_luigi_mangione__legal_charges__010__target__en_brian_thompson_killing_luigi_mangione_target_target_legal_charges_1__es__surface_002	en_brian_thompson_killing_luigi_mangione__legal_charges__010__target__en_brian_thompson_killing_luigi_mangione_target_target_legal_charges_1__es__surface_002	en_brian_thompson_killing_luigi_mangione__legal_charges__010__target__en_brian_thompson_killing_luigi_mangione_target_target_legal_charges_1__en__surface_002	en_brian_thompson_killing_luigi_mangione	en_brian_thompson_killing_luigi_mangione__legal_charges__010	target	surface	legal_charges	True	ok	none	5	5	5	5	Accurate and natural translation.	In relation to the killing of Brian Thompson, what is the specific murder offense included in Luigi Mangione's state charges?	first-degree murder	En relación con el asesinato de Brian Thompson, ¿cuál es el delito específico de asesinato incluido en los cargos estatales de Luigi Mangione?	asesinato en primer grado	In relation to the murder of Brian Thompson, what is the specific murder offense included in Luigi Mangione's state charges?	first-degree murder
es	es:025:ja_mof_protests_house_councillors__key_issue_or_demand__015__target__ja_mof_protests_house_councillors_target_target_key_issue_1__es__surface_001	ja_mof_protests_house_councillors__key_issue_or_demand__015__target__ja_mof_protests_house_councillors_target_target_key_issue_1__es__surface_001	ja_mof_protests_house_councillors__key_issue_or_demand__015__target__ja_mof_protests_house_councillors_target_target_key_issue_1__en__surface_001	ja_mof_protests_house_councillors	ja_mof_protests_house_councillors__key_issue_or_demand__015	target	surface	key_issue_or_demand	True	ok	none	5	5	5	5	Accurate and natural translation.	During the 2025 Ministry of Finance protests, what did certain backers advocate doing to the whole department?	dissolution of the entire ministry	Durante las protestas del Ministerio de Finanzas de 2025, ¿qué abogaron por hacer ciertos partidarios con todo el departamento?	disolución de todo el ministerio	During the 2025 Ministry of Finance protests, what did certain supporters advocate doing with the entire department?	dissolution of the entire ministry
es	es:026:zh_shenzhen_stabbing_wuxi_stabbing__aftermath_actions__012__neighbor__zh_shenzhen_stabbing_wuxi_stabbing_neighbor_neighbor_action_3__es__surface_002	zh_shenzhen_stabbing_wuxi_stabbing__aftermath_actions__012__neighbor__zh_shenzhen_stabbing_wuxi_stabbing_neighbor_neighbor_action_3__es__surface_002	zh_shenzhen_stabbing_wuxi_stabbing__aftermath_actions__012__neighbor__zh_shenzhen_stabbing_wuxi_stabbing_neighbor_neighbor_action_3__en__surface_002	zh_shenzhen_stabbing_wuxi_stabbing	zh_shenzhen_stabbing_wuxi_stabbing__aftermath_actions__012	neighbor	surface	aftermath_actions	True	ok	none	5	5	5	5	Accurate and natural translation.	What did the Chinese government do to digital communications concerning the 2024 Wuxi stabbing?	censored online discussion	¿Qué hizo el gobierno chino con las comunicaciones digitales relacionadas con el apuñalamiento de Wuxi de 2024?	censuró la discusión en línea	What did the Chinese government do with digital communications related to the 2024 Wuxi stabbing?	censored online discussion
es	es:027:sw_tanzania_protests_general_election__involved_organization__001__neighbor__sw_tanzania_protests_general_election_neighbor_neighbor_org_2__es__surface_001	sw_tanzania_protests_general_election__involved_organization__001__neighbor__sw_tanzania_protests_general_election_neighbor_neighbor_org_2__es__surface_001	sw_tanzania_protests_general_election__involved_organization__001__neighbor__sw_tanzania_protests_general_election_neighbor_neighbor_org_2__en__surface_001	sw_tanzania_protests_general_election	sw_tanzania_protests_general_election__involved_organization__001	neighbor	surface	involved_organization	True	ok	none	5	5	5	5	Accurate and natural translation.	What political party was prohibited from taking part in the 2025 election in Tanzania?	Chadema	¿A qué partido político se le prohibió participar en las elecciones de 2025 en Tanzania?	Chadema	Which political party was banned from participating in the 2025 elections in Tanzania?	Chadema
es	es:028:zh_zhuhai_car_attack_wuxi_stabbing__incident_date__012__target__zh_zhuhai_car_attack_wuxi_stabbing_target_zhuhai_date_1__es__core	zh_zhuhai_car_attack_wuxi_stabbing__incident_date__012__target__zh_zhuhai_car_attack_wuxi_stabbing_target_zhuhai_date_1__es__core	zh_zhuhai_car_attack_wuxi_stabbing__incident_date__012__target__zh_zhuhai_car_attack_wuxi_stabbing_target_zhuhai_date_1__en__core	zh_zhuhai_car_attack_wuxi_stabbing	zh_zhuhai_car_attack_wuxi_stabbing__incident_date__012	target	core	incident_date	True	ok	none	5	5	5	5	Accurate and natural translation.	On what date did the 2024 Zhuhai car attack occur?	11 November 2024	¿En qué fecha ocurrió el ataque con vehículo en Zhuhai de 2024?	11 de noviembre de 2024	On what date did the 2024 Zhuhai vehicle attack occur?	November 11, 2024
es	es:029:en_uk_riots_southport_stabbings__responding_official_or_politician__010__neighbor__en_uk_riots_southport_stabbings_neighbor_neighbor_official_1__es__surface_003	en_uk_riots_southport_stabbings__responding_official_or_politician__010__neighbor__en_uk_riots_southport_stabbings_neighbor_neighbor_official_1__es__surface_003	en_uk_riots_southport_stabbings__responding_official_or_politician__010__neighbor__en_uk_riots_southport_stabbings_neighbor_neighbor_official_1__en__surface_003	en_uk_riots_southport_stabbings	en_uk_riots_southport_stabbings__responding_official_or_politician__010	neighbor	surface	responding_official_or_politician	True	ok	none	5	5	5	5	Accurate and natural translation.	Name the Prime Minister who vowed to overhaul terrorism laws following the stabbings in Southport.	Keir Starmer	Nombra al primer ministro que prometió reformar las leyes de terrorismo tras los apuñalamientos en Southport.	Keir Starmer	Name the prime minister who promised to reform terrorism laws after the Southport stabbings.	Keir Starmer
es	es:030:ar_haniyeh_assassination_masoud_pezeshkian__associated_person__009__target__ar_haniyeh_assassination_masoud_pezeshkian_target_3__es__surface_001	ar_haniyeh_assassination_masoud_pezeshkian__associated_person__009__target__ar_haniyeh_assassination_masoud_pezeshkian_target_3__es__surface_001	ar_haniyeh_assassination_masoud_pezeshkian__associated_person__009__target__ar_haniyeh_assassination_masoud_pezeshkian_target_3__en__surface_001	ar_haniyeh_assassination_masoud_pezeshkian	ar_haniyeh_assassination_masoud_pezeshkian__associated_person__009	target	surface	associated_person	True	ok	none	5	5	5	5	Accurate and natural translation.	Which individual was seen alongside Ismail Haniyeh in a photograph?	Ziyad al-Nakhalah	¿Qué individuo fue visto junto a Ismail Haniyeh en una fotografía?	Ziyad al-Nakhalah	What individual was seen next to Ismail Haniyeh in a photograph?	Ziyad al-Nakhalah
es	es:031:de_munich_car_attack_federal_election__involved_person__008__target__de_munich_car_attack_federal_election_target_target_involved_person_1__es__surface_002	de_munich_car_attack_federal_election__involved_person__008__target__de_munich_car_attack_federal_election_target_target_involved_person_1__es__surface_002	de_munich_car_attack_federal_election__involved_person__008__target__de_munich_car_attack_federal_election_target_target_involved_person_1__en__surface_002	de_munich_car_attack_federal_election	de_munich_car_attack_federal_election__involved_person__008	target	surface	involved_person	True	ok	none	5	5	5	5	Accurate and natural translation.	Name the person who drove the vehicle during the 2025 Munich car attack.	Farhad Noori	Nombra a la persona que conducía el vehículo durante el ataque con coche en Múnich de 2025.	Farhad Noori	Name the person who was driving the vehicle during the 2025 Munich car attack.	Farhad Noori
es	es:032:ar_syrian_offensives_transitional_government__international_reaction__006__neighbor__ar_syrian_offensives_transitional_government_neighbor_neighbor_reaction_6__es__surface_001	ar_syrian_offensives_transitional_government__international_reaction__006__neighbor__ar_syrian_offensives_transitional_government_neighbor_neighbor_reaction_6__es__surface_001	ar_syrian_offensives_transitional_government__international_reaction__006__neighbor__ar_syrian_offensives_transitional_government_neighbor_neighbor_reaction_6__en__surface_001	ar_syrian_offensives_transitional_government	ar_syrian_offensives_transitional_government__international_reaction__006	neighbor	surface	international_reaction	True	ok	none	5	5	5	5	Accurate and natural translation.	What nation expressed a welcoming stance toward the announcement of a new transitional government in Syria?	Germany	¿Qué nación expresó una postura de bienvenida ante el anuncio de un nuevo gobierno de transición en Siria?	Alemania	What nation expressed a welcoming stance towards the announcement of a new transitional government in Syria?	Germany
es	es:033:ja_hyuga_nada_earthquake_expo_pavilions__infrastructure_or_building_involved__014__target__ja_hyuga_nada_earthquake_expo_pavilions_target_target_infrastructure_2__es__surface_003	ja_hyuga_nada_earthquake_expo_pavilions__infrastructure_or_building_involved__014__target__ja_hyuga_nada_earthquake_expo_pavilions_target_target_infrastructure_2__es__surface_003	ja_hyuga_nada_earthquake_expo_pavilions__infrastructure_or_building_involved__014__target__ja_hyuga_nada_earthquake_expo_pavilions_target_target_infrastructure_2__en__surface_003	ja_hyuga_nada_earthquake_expo_pavilions	ja_hyuga_nada_earthquake_expo_pavilions__infrastructure_or_building_involved__014	target	surface	infrastructure_or_building_involved	True	ok	none	5	5	5	5	Accurate and natural translation.	What Nichinan landmark was damaged as a result of the 2024 Hyūga-nada earthquake?	Obi Castle Town	¿Qué lugar emblemático de Nichinan resultó dañado como resultado del terremoto de Hyūga-nada de 2024?	Ciudad castillo de Obi	What landmark in Nichinan was damaged as a result of the 2024 Hyūga-nada earthquake?	Obi Castle town
es	es:034:es_venezuela_protests_presidential_election__involved_organization__011__neighbor__es_venezuela_protests_presidential_election_neighbor_neighbor_involved_organization_2__es__surface_002	es_venezuela_protests_presidential_election__involved_organization__011__neighbor__es_venezuela_protests_presidential_election_neighbor_neighbor_involved_organization_2__es__surface_002	es_venezuela_protests_presidential_election__involved_organization__011__neighbor__es_venezuela_protests_presidential_election_neighbor_neighbor_involved_organization_2__en__surface_002	es_venezuela_protests_presidential_election	es_venezuela_protests_presidential_election__involved_organization__011	neighbor	surface	involved_organization	True	ok	none	5	5	5	5	Accurate and natural translation.	What organization is known for its involvement in the 2024 Venezuelan presidential election?	Carter Center	¿Qué organización es conocida por su participación en las elecciones presidenciales de Venezuela de 2024?	Centro Carter	What organization is known for its participation in the 2024 Venezuelan presidential elections?	Carter Center
es	es:035:de_solingen_stabbing_magdeburg_attack__perpetrator_background_trait__011__neighbor__de_solingen_stabbing_magdeburg_attack_neighbor_de_magdeburg_attack_trait_1__es__surface_002	de_solingen_stabbing_magdeburg_attack__perpetrator_background_trait__011__neighbor__de_solingen_stabbing_magdeburg_attack_neighbor_de_magdeburg_attack_trait_1__es__surface_002	de_solingen_stabbing_magdeburg_attack__perpetrator_background_trait__011__neighbor__de_solingen_stabbing_magdeburg_attack_neighbor_de_magdeburg_attack_trait_1__en__surface_002	de_solingen_stabbing_magdeburg_attack	de_solingen_stabbing_magdeburg_attack__perpetrator_background_trait__011	neighbor	surface	perpetrator_background_trait	True	ok	none	5	5	5	5	Accurate and natural translation.	What kind of activist was the individual responsible for the 2024 Magdeburg car attack?	anti-Islam activist	¿Qué tipo de activista era el individuo responsable del ataque con coche en Magdeburgo de 2024?	activista antiislámico	What type of activist was the individual responsible for the 2024 Magdeburg car attack?	anti-Islamic activist
es	es:036:bn_hasina_resignation_2026_election__participant_person__006__target__bn_hasina_resignation_2026_election_target_3__es__surface_003	bn_hasina_resignation_2026_election__participant_person__006__target__bn_hasina_resignation_2026_election_target_3__es__surface_003	bn_hasina_resignation_2026_election__participant_person__006__target__bn_hasina_resignation_2026_election_target_3__en__surface_003	bn_hasina_resignation_2026_election	bn_hasina_resignation_2026_election__participant_person__006	target	surface	participant_person	True	ok	none	5	5	5	5	Accurate and natural translation.	Who was the person that officially verified the resignation and self-imposed exile of Sheikh Hasina?	Waker-uz-Zaman	¿Quién fue la persona que verificó oficialmente la renuncia y el exilio autoimpuesto de Sheikh Hasina?	Waker-uz-Zaman	Who was the person who officially verified the resignation and self-imposed exile of Sheikh Hasina?	Waker-uz-Zaman
es	es:037:en_uk_riots_southport_stabbings__responding_official_or_politician__009__target__en_uk_riots_southport_stabbings_target_target_official_1__es__core	en_uk_riots_southport_stabbings__responding_official_or_politician__009__target__en_uk_riots_southport_stabbings_target_target_official_1__es__core	en_uk_riots_southport_stabbings__responding_official_or_politician__009__target__en_uk_riots_southport_stabbings_target_target_official_1__en__core	en_uk_riots_southport_stabbings	en_uk_riots_southport_stabbings__responding_official_or_politician__009	target	core	responding_official_or_politician	True	ok	none	5	5	5	5	Accurate and natural translation.	Which UK Prime Minister laid flowers in Southport following the stabbing?	Keir Starmer	¿Qué primer ministro del Reino Unido depositó flores en Southport tras el apuñalamiento?	Keir Starmer	Which Prime Minister of the United Kingdom laid flowers in Southport after the stabbing?	Keir Starmer
es	es:038:ja_mof_protests_house_councillors__economic_policy_mentioned__010__neighbor__ja_mof_protests_house_councillors_neighbor_neighbor_economic_policy_3__es__surface_001	ja_mof_protests_house_councillors__economic_policy_mentioned__010__neighbor__ja_mof_protests_house_councillors_neighbor_neighbor_economic_policy_3__es__surface_001	ja_mof_protests_house_councillors__economic_policy_mentioned__010__neighbor__ja_mof_protests_house_councillors_neighbor_neighbor_economic_policy_3__en__surface_001	ja_mof_protests_house_councillors	ja_mof_protests_house_councillors__economic_policy_mentioned__010	neighbor	surface	economic_policy_mentioned	True	ok	none	5	5	5	5	Accurate and natural translation.	During the period of the 2025 Japanese House of Councillors election, what trade policy was levied by Donald Trump against Japanese imports?	tariffs	Durante el período de las elecciones a la Cámara de Consejeros de Japón de 2025, ¿qué política comercial impuso Donald Trump a las importaciones japonesas?	aranceles	During the period of the 2025 Japanese House of Councillors election, what trade policy did Donald Trump impose on Japanese imports?	tariffs
es	es:039:fr_imane_khelif_olympic_boxing__associated_competition__015__neighbor__fr_imane_khelif_olympic_boxing_neighbor_5__es__surface_001	fr_imane_khelif_olympic_boxing__associated_competition__015__neighbor__fr_imane_khelif_olympic_boxing_neighbor_5__es__surface_001	fr_imane_khelif_olympic_boxing__associated_competition__015__neighbor__fr_imane_khelif_olympic_boxing_neighbor_5__en__surface_001	fr_imane_khelif_olympic_boxing	fr_imane_khelif_olympic_boxing__associated_competition__015	neighbor	surface	associated_competition	True	ok	none	5	5	5	5	Accurate and natural translation.	Which games served as a qualifying event for boxers to secure quota spots for the 2024 Olympics?	Pacific Games	¿Qué juegos sirvieron como evento clasificatorio para que los boxeadores aseguraran plazas para los Juegos Olímpicos de 2024?	Juegos del Pacífico	Which games served as a qualifying event for boxers to secure spots for the 2024 Olympic Games?	Pacific Games
es	es:040:es_catatumbo_clashes_ecuador_election__key_figure__015__neighbor__es_catatumbo_clashes_ecuador_election_neighbor_neighbor_key_figure_4__es__core	es_catatumbo_clashes_ecuador_election__key_figure__015__neighbor__es_catatumbo_clashes_ecuador_election_neighbor_neighbor_key_figure_4__es__core	es_catatumbo_clashes_ecuador_election__key_figure__015__neighbor__es_catatumbo_clashes_ecuador_election_neighbor_neighbor_key_figure_4__en__core	es_catatumbo_clashes_ecuador_election	es_catatumbo_clashes_ecuador_election__key_figure__015	neighbor	core	key_figure	True	ok	none	5	5	5	5	Accurate and natural translation.	Who was a minor candidate in the 2025 Ecuadorian general election?	Juan Iván Cueva	¿Quién fue un candidato minoritario en las elecciones generales de Ecuador de 2025?	Juan Iván Cueva	Who was a minority candidate in the 2025 Ecuador general elections?	Juan Iván Cueva
es	es:041:sw_goma_offensive_drc_rwanda_peace__key_figure__013__neighbor__sw_goma_offensive_drc_rwanda_peace_neighbor_neighbor_card_16__es__surface_002	sw_goma_offensive_drc_rwanda_peace__key_figure__013__neighbor__sw_goma_offensive_drc_rwanda_peace_neighbor_neighbor_card_16__es__surface_002	sw_goma_offensive_drc_rwanda_peace__key_figure__013__neighbor__sw_goma_offensive_drc_rwanda_peace_neighbor_neighbor_card_16__en__surface_002	sw_goma_offensive_drc_rwanda_peace	sw_goma_offensive_drc_rwanda_peace__key_figure__013	neighbor	surface	key_figure	True	ok	none	5	5	5	5	Perfect translation.	Name the American president who presided over the Washington Peace Accords signing ceremony.	Donald Trump	Nombra al presidente estadounidense que presidió la ceremonia de firma de los Acuerdos de Paz de Washington.	Donald Trump	Name the US president who presided over the signing ceremony of the Washington Peace Agreements.	Donald Trump
es	es:042:ar_lebanon_device_attacks_hq_strike__reaction_by_country_or_org__007__neighbor__ar_lebanon_device_attacks_hq_strike_neighbor_reaction_6__es__surface_003	ar_lebanon_device_attacks_hq_strike__reaction_by_country_or_org__007__neighbor__ar_lebanon_device_attacks_hq_strike_neighbor_reaction_6__es__surface_003	ar_lebanon_device_attacks_hq_strike__reaction_by_country_or_org__007__neighbor__ar_lebanon_device_attacks_hq_strike_neighbor_reaction_6__en__surface_003	ar_lebanon_device_attacks_hq_strike	ar_lebanon_device_attacks_hq_strike__reaction_by_country_or_org__007	neighbor	surface	reaction_by_country_or_org	True	ok	none	5	5	5	5	Accurate and natural phrasing.	The condemnation of Israel's assassination following the 2024 Hezbollah headquarters strike came from which country?	Russia	¿De qué país provino la condena del asesinato por parte de Israel tras el ataque al cuartel general de Hezbolá en 2024?	Rusia	From which country did the condemnation of the assassination by Israel come after the attack on the Hezbollah headquarters in 2024?	Russia
es	es:043:ja_hyogo_gubernatorial_2025_ldp_presidential__candidate__003__neighbor__ja_hyogo_gubernatorial_2025_ldp_presidential_neighbor_neighbor_candidate_1__es__core	ja_hyogo_gubernatorial_2025_ldp_presidential__candidate__003__neighbor__ja_hyogo_gubernatorial_2025_ldp_presidential_neighbor_neighbor_candidate_1__es__core	ja_hyogo_gubernatorial_2025_ldp_presidential__candidate__003__neighbor__ja_hyogo_gubernatorial_2025_ldp_presidential_neighbor_neighbor_candidate_1__en__core	ja_hyogo_gubernatorial_2025_ldp_presidential	ja_hyogo_gubernatorial_2025_ldp_presidential__candidate__003	neighbor	core	candidate	True	ok	none	5	5	5	5	Faithful and fluent.	Who was a candidate in the 2025 Liberal Democratic Party presidential election?	Sanae Takaichi	¿Quién fue candidato en las elecciones presidenciales del Partido Liberal Democrático de 2025?	Sanae Takaichi	Who was a candidate in the 2025 Liberal Democratic Party presidential election?	Sanae Takaichi
es	es:044:en_brian_thompson_killing_luigi_mangione__key_locations__013__neighbor__en_brian_thompson_killing_luigi_mangione_neighbor_neighbor_key_locations_3__es__surface_001	en_brian_thompson_killing_luigi_mangione__key_locations__013__neighbor__en_brian_thompson_killing_luigi_mangione_neighbor_neighbor_key_locations_3__es__surface_001	en_brian_thompson_killing_luigi_mangione__key_locations__013__neighbor__en_brian_thompson_killing_luigi_mangione_neighbor_neighbor_key_locations_3__en__surface_001	en_brian_thompson_killing_luigi_mangione	en_brian_thompson_killing_luigi_mangione__key_locations__013	neighbor	surface	key_locations	True	ok	none	5	5	5	5	Well translated; using 'coliving' as a loanword is natural in contemporary Spanish.	Where was the co-living space located that Luigi Mangione resided in?	Honolulu	¿Dónde estaba ubicado el espacio de coliving en el que residió Luigi Mangione?	Honolulu	Where was the coliving space located where Luigi Mangione resided?	Honolulu
es	es:045:bn_anti_hindu_violence_national_citizen_party__associated_event__004__target__bn_anti_hindu_violence_national_citizen_party_target_target_associated_event_3__es__surface_001	bn_anti_hindu_violence_national_citizen_party__associated_event__004__target__bn_anti_hindu_violence_national_citizen_party_target_target_associated_event_3__es__surface_001	bn_anti_hindu_violence_national_citizen_party__associated_event__004__target__bn_anti_hindu_violence_national_citizen_party_target_target_associated_event_3__en__surface_001	bn_anti_hindu_violence_national_citizen_party	bn_anti_hindu_violence_national_citizen_party__associated_event__004	target	surface	associated_event	True	ok	none	5	5	5	5	Accurate and clear.	Which initial movement transformed into the anti-government non-cooperation protests in July 2024?	quota reform movement	¿Qué movimiento inicial se transformó en las protestas antigubernamentales de no cooperación en julio de 2024?	movimiento de reforma de cuotas	What initial movement transformed into the anti-government non-cooperation protests in July 2024?	quota reform movement
es	es:046:zh_shenzhen_stabbing_wuxi_stabbing__perpetrator_attributes__005__neighbor__zh_shenzhen_stabbing_wuxi_stabbing_neighbor_neighbor_perp_3__es__surface_003	zh_shenzhen_stabbing_wuxi_stabbing__perpetrator_attributes__005__neighbor__zh_shenzhen_stabbing_wuxi_stabbing_neighbor_neighbor_perp_3__es__surface_003	zh_shenzhen_stabbing_wuxi_stabbing__perpetrator_attributes__005__neighbor__zh_shenzhen_stabbing_wuxi_stabbing_neighbor_neighbor_perp_3__en__surface_003	zh_shenzhen_stabbing_wuxi_stabbing	zh_shenzhen_stabbing_wuxi_stabbing__perpetrator_attributes__005	neighbor	surface	perpetrator_attributes	True	ok	none	5	5	5	5	Excellent contextual translation.	In relation to the college, what was the background of the person responsible for the 2024 Wuxi stabbing?	recent graduate	En relación con la universidad, ¿cuál era el perfil de la persona responsable del apuñalamiento de Wuxi de 2024?	recién graduado	In relation to the university, what was the profile of the person responsible for the 2024 Wuxi stabbing?	recent graduate
es	es:047:th_audit_office_bangkok_road_collapse__event_measurements__010__target__th_audit_office_bangkok_road_collapse_target_target_event_measurements_4__es__surface_001	th_audit_office_bangkok_road_collapse__event_measurements__010__target__th_audit_office_bangkok_road_collapse_target_target_event_measurements_4__es__surface_001	th_audit_office_bangkok_road_collapse__event_measurements__010__target__th_audit_office_bangkok_road_collapse_target_target_event_measurements_4__en__surface_001	th_audit_office_bangkok_road_collapse	th_audit_office_bangkok_road_collapse__event_measurements__010	target	surface	event_measurements	True	ok	none	5	5	5	5	Accurate translation.	How tall was the Thailand State Audit Office building prior to its collapse?	137 m	¿Qué altura tenía el edificio de la Oficina de Auditoría del Estado de Tailandia antes de su colapso?	137 m	What was the height of the State Audit Office of Thailand building before its collapse?	137 m
es	es:048:bn_noncooperation_interim_government__locations_of_significant_events__001__neighbor__bn_noncooperation_interim_government_neighbor_neighbor_locations_1__es__surface_001	bn_noncooperation_interim_government__locations_of_significant_events__001__neighbor__bn_noncooperation_interim_government_neighbor_neighbor_locations_1__es__surface_001	bn_noncooperation_interim_government__locations_of_significant_events__001__neighbor__bn_noncooperation_interim_government_neighbor_neighbor_locations_1__en__surface_001	bn_noncooperation_interim_government	bn_noncooperation_interim_government__locations_of_significant_events__001	neighbor	surface	locations_of_significant_events	True	ok	none	5	5	5	5	Accurate and fluent.	In what building did the swearing-in ceremony for Muhammad Yunus as Chief Adviser take place?	Bangabhaban	¿En qué edificio tuvo lugar la ceremonia de juramento de Muhammad Yunus como Asesor Principal?	Bangabhaban	In which building did the swearing-in ceremony of Muhammad Yunus as Chief Adviser take place?	Bangabhaban
es	es:049:bn_anti_hindu_violence_national_citizen_party__associated_event__005__neighbor__bn_anti_hindu_violence_national_citizen_party_neighbor_neighbor_associated_event_2__es__surface_003	bn_anti_hindu_violence_national_citizen_party__associated_event__005__neighbor__bn_anti_hindu_violence_national_citizen_party_neighbor_neighbor_associated_event_2__es__surface_003	bn_anti_hindu_violence_national_citizen_party__associated_event__005__neighbor__bn_anti_hindu_violence_national_citizen_party_neighbor_neighbor_associated_event_2__en__surface_003	bn_anti_hindu_violence_national_citizen_party	bn_anti_hindu_violence_national_citizen_party__associated_event__005	neighbor	surface	associated_event	True	ok	none	5	5	5	5	Faithful and fluent.	Name the movement that included leaders from the National Citizen Party.	2024 Bangladesh quota reform movement	Nombra el movimiento que incluyó a líderes del Partido Ciudadano Nacional.	Movimiento de reforma de cuotas de Bangladesh de 2024	Name the movement that included leaders of the National Citizen Party.	2024 Bangladesh quota reform movement
es	es:050:sw_tanzania_protests_general_election__event_location__004__neighbor__sw_tanzania_protests_general_election_neighbor_neighbor_loc_4__es__surface_002	sw_tanzania_protests_general_election__event_location__004__neighbor__sw_tanzania_protests_general_election_neighbor_neighbor_loc_4__es__surface_002	sw_tanzania_protests_general_election__event_location__004__neighbor__sw_tanzania_protests_general_election_neighbor_neighbor_loc_4__en__surface_002	sw_tanzania_protests_general_election	sw_tanzania_protests_general_election__event_location__004	neighbor	surface	event_location	True	ok	none	5	5	5	5	Correct and natural phrasing.	Tundu Lissu's rally advocating for electoral reforms took place in what town?	Mbinga	¿En qué ciudad tuvo lugar el mitin de Tundu Lissu a favor de las reformas electorales?	Mbinga	In which city did Tundu Lissu's rally in favor of electoral reforms take place?	Mbinga
es	es:051:en_uk_riots_southport_stabbings__involved_person_or_key_figure__013__neighbor__en_uk_riots_southport_stabbings_neighbor_neighbor_person_1__es__core	en_uk_riots_southport_stabbings__involved_person_or_key_figure__013__neighbor__en_uk_riots_southport_stabbings_neighbor_neighbor_person_1__es__core	en_uk_riots_southport_stabbings__involved_person_or_key_figure__013__neighbor__en_uk_riots_southport_stabbings_neighbor_neighbor_person_1__en__core	en_uk_riots_southport_stabbings	en_uk_riots_southport_stabbings__involved_person_or_key_figure__013	neighbor	core	involved_person_or_key_figure	True	ok	none	5	5	5	5	Accurate and natural translation.	Who killed three children and injured ten others at a dance workshop in Southport?	Axel Rudakubana	¿Quién mató a tres niños e hirió a otros diez en un taller de danza en Southport?	Axel Rudakubana	Who killed three children and injured ten others at a dance workshop in Southport?	Axel Rudakubana
es	es:052:ar_lebanon_device_attacks_hq_strike__location_of_event__010__neighbor__ar_lebanon_device_attacks_hq_strike_neighbor_location_3__es__core	ar_lebanon_device_attacks_hq_strike__location_of_event__010__neighbor__ar_lebanon_device_attacks_hq_strike_neighbor_location_3__es__core	ar_lebanon_device_attacks_hq_strike__location_of_event__010__neighbor__ar_lebanon_device_attacks_hq_strike_neighbor_location_3__en__core	ar_lebanon_device_attacks_hq_strike	ar_lebanon_device_attacks_hq_strike__location_of_event__010	neighbor	core	location_of_event	True	ok	none	5	5	5	5	Accurate and natural translation.	In which suburb did the 2024 Hezbollah headquarters strike occur?	Dahieh	¿En qué suburbio ocurrió el ataque al cuartel general de Hezbolá de 2024?	Dahieh	In which suburb did the 2024 attack on the Hezbollah headquarters occur?	Dahieh
es	es:053:sw_goma_offensive_drc_rwanda_peace__key_date__015__target__sw_goma_offensive_drc_rwanda_peace_target_target_card_25__es__core	sw_goma_offensive_drc_rwanda_peace__key_date__015__target__sw_goma_offensive_drc_rwanda_peace_target_target_card_25__es__core	sw_goma_offensive_drc_rwanda_peace__key_date__015__target__sw_goma_offensive_drc_rwanda_peace_target_target_card_25__en__core	sw_goma_offensive_drc_rwanda_peace	sw_goma_offensive_drc_rwanda_peace__key_date__015	target	core	key_date	True	ok	none	5	5	5	5	Accurate and natural translation.	On what date did M23 capture the town of Sake during the 2025 Goma offensive?	January 23	¿En qué fecha capturó el M23 la ciudad de Sake durante la ofensiva de Goma de 2025?	23 de enero	On what date did the M23 capture the city of Sake during the 2025 Goma offensive?	January 23
es	es:054:ja_mof_protests_house_councillors__person_making_statement__007__neighbor__ja_mof_protests_house_councillors_neighbor_neighbor_person_statement_1__es__surface_001	ja_mof_protests_house_councillors__person_making_statement__007__neighbor__ja_mof_protests_house_councillors_neighbor_neighbor_person_statement_1__es__surface_001	ja_mof_protests_house_councillors__person_making_statement__007__neighbor__ja_mof_protests_house_councillors_neighbor_neighbor_person_statement_1__en__surface_001	ja_mof_protests_house_councillors	ja_mof_protests_house_councillors__person_making_statement__007	neighbor	surface	person_making_statement	True	ok	none	5	5	5	5	Accurate and natural translation.	Which individual characterized the election situation as an emergency for the Liberal Democratic Party?	Tarō Asō	¿Qué individuo caracterizó la situación electoral como una emergencia para el Partido Liberal Democrático?	Tarō Asō	Which individual characterized the electoral situation as an emergency for the Liberal Democratic Party?	Tarō Asō
es	es:055:en_uk_riots_southport_stabbings__involved_city_or_town__004__target__en_uk_riots_southport_stabbings_target_target_city_4__es__core	en_uk_riots_southport_stabbings__involved_city_or_town__004__target__en_uk_riots_southport_stabbings_target_target_city_4__es__core	en_uk_riots_southport_stabbings__involved_city_or_town__004__target__en_uk_riots_southport_stabbings_target_target_city_4__en__core	en_uk_riots_southport_stabbings	en_uk_riots_southport_stabbings__involved_city_or_town__004	target	core	involved_city_or_town	True	ok	none	5	5	5	5	Accurate and natural translation.	In which Northern Irish city did protests and violence occur during the 2024 United Kingdom riots?	Belfast	¿En qué ciudad de Irlanda del Norte ocurrieron protestas y violencia durante los disturbios del Reino Unido de 2024?	Belfast	In which city in Northern Ireland did protests and violence occur during the 2024 United Kingdom riots?	Belfast
es	es:056:sw_kenyan_protests_albert_ojwang__police_officer_involved__006__target__sw_kenyan_protests_albert_ojwang_target_target_police_officer_involved_1__es__surface_002	sw_kenyan_protests_albert_ojwang__police_officer_involved__006__target__sw_kenyan_protests_albert_ojwang_target_target_police_officer_involved_1__es__surface_002	sw_kenyan_protests_albert_ojwang__police_officer_involved__006__target__sw_kenyan_protests_albert_ojwang_target_target_police_officer_involved_1__en__surface_002	sw_kenyan_protests_albert_ojwang	sw_kenyan_protests_albert_ojwang__police_officer_involved__006	target	surface	police_officer_involved	True	ok	none	5	5	5	5	Accurate and natural translation.	Name the police official who was the subject of a critical post by Albert Omondi Ojwang.	Eliud Lagat	Nombra al oficial de policía que fue objeto de una publicación crítica de Albert Omondi Ojwang.	Eliud Lagat	Name the police officer who was the subject of a critical post by Albert Omondi Ojwang.	Eliud Lagat
es	es:057:sw_tanzania_protests_general_election__event_location__003__neighbor__sw_tanzania_protests_general_election_neighbor_neighbor_loc_3__es__surface_002	sw_tanzania_protests_general_election__event_location__003__neighbor__sw_tanzania_protests_general_election_neighbor_neighbor_loc_3__es__surface_002	sw_tanzania_protests_general_election__event_location__003__neighbor__sw_tanzania_protests_general_election_neighbor_neighbor_loc_3__en__surface_002	sw_tanzania_protests_general_election	sw_tanzania_protests_general_election__event_location__003	neighbor	surface	event_location	True	ok	none	5	5	5	5	Accurate and natural translation.	What town experienced unrest on election day for the 2025 Tanzanian general election?	Tunduma	¿Qué localidad experimentó disturbios el día de las elecciones generales de Tanzania de 2025?	Tunduma	What locality experienced disturbances on the day of the 2025 Tanzanian general election?	Tunduma
es	es:058:sw_goma_offensive_drc_rwanda_peace__key_figure__011__neighbor__sw_goma_offensive_drc_rwanda_peace_neighbor_neighbor_card_14__es__surface_002	sw_goma_offensive_drc_rwanda_peace__key_figure__011__neighbor__sw_goma_offensive_drc_rwanda_peace_neighbor_neighbor_card_14__es__surface_002	sw_goma_offensive_drc_rwanda_peace__key_figure__011__neighbor__sw_goma_offensive_drc_rwanda_peace_neighbor_neighbor_card_14__en__surface_002	sw_goma_offensive_drc_rwanda_peace	sw_goma_offensive_drc_rwanda_peace__key_figure__011	neighbor	surface	key_figure	True	ok	none	5	5	5	5	Accurate and natural translation.	Name the individual who represented Rwanda as foreign minister by signing the Washington Peace Accords.	Olivier Nduhungirehe	Nombra a la persona que representó a Ruanda como ministro de asuntos exteriores al firmar los Acuerdos de Paz de Washington.	Olivier Nduhungirehe	Name the person who represented Rwanda as minister of foreign affairs when signing the Washington Peace Accords.	Olivier Nduhungirehe
es	es:059:en_tesla_vandalism_doge__employed_tactic__008__target__en_tesla_vandalism_doge_target_target_employed_tactic_2__es__surface_002	en_tesla_vandalism_doge__employed_tactic__008__target__en_tesla_vandalism_doge_target_target_employed_tactic_2__es__surface_002	en_tesla_vandalism_doge__employed_tactic__008__target__en_tesla_vandalism_doge_target_target_employed_tactic_2__en__surface_002	en_tesla_vandalism_doge	en_tesla_vandalism_doge__employed_tactic__008	target	surface	employed_tactic	True	ok	none	5	5	5	5	Perfect translation of 'keying' using the appropriate descriptive phrase in Spanish.	In Wichita, what method of vandalism did a man reportedly use on a Tesla?	keying	En Wichita, ¿qué método de vandalismo utilizó supuestamente un hombre contra un Tesla?	rayar con una llave	In Wichita, what method of vandalism did a man allegedly use against a Tesla?	scratching with a key
es	es:060:th_cambodian_border_crisis_myanmar_earthquake__affected_location__009__target__th_cambodian_border_crisis_myanmar_earthquake_target_th_cambodian_border_crisis_loc_4__es__surface_001	th_cambodian_border_crisis_myanmar_earthquake__affected_location__009__target__th_cambodian_border_crisis_myanmar_earthquake_target_th_cambodian_border_crisis_loc_4__es__surface_001	th_cambodian_border_crisis_myanmar_earthquake__affected_location__009__target__th_cambodian_border_crisis_myanmar_earthquake_target_th_cambodian_border_crisis_loc_4__en__surface_001	th_cambodian_border_crisis_myanmar_earthquake	th_cambodian_border_crisis_myanmar_earthquake__affected_location__009	target	surface	affected_location	True	ok	none	5	5	5	5	Excellent translation, accurately changing the English passive voice into a more natural Spanish sentence structure.	The Royal Thai Army was delegated authority by the Ministry of Defence to manage the border in which specific province?	Trat province	¿En qué provincia específica delegó el Ministerio de Defensa la autoridad al Real Ejército Tailandés para gestionar la frontera?	Provincia de Trat	In which specific province did the Ministry of Defense delegate authority to the Royal Thai Army to manage the border?	Trat Province
es	es:061:sw_goma_offensive_drc_rwanda_peace__key_figure__011__neighbor__sw_goma_offensive_drc_rwanda_peace_neighbor_neighbor_card_14__es__core	sw_goma_offensive_drc_rwanda_peace__key_figure__011__neighbor__sw_goma_offensive_drc_rwanda_peace_neighbor_neighbor_card_14__es__core	sw_goma_offensive_drc_rwanda_peace__key_figure__011__neighbor__sw_goma_offensive_drc_rwanda_peace_neighbor_neighbor_card_14__en__core	sw_goma_offensive_drc_rwanda_peace	sw_goma_offensive_drc_rwanda_peace__key_figure__011	neighbor	core	key_figure	True	ok	none	5	5	5	5	Accurate and fluent translation.	Who signed the Washington Peace Accords as the foreign minister of Rwanda?	Olivier Nduhungirehe	¿Quién firmó los Acuerdos de Paz de Washington como ministro de Relaciones Exteriores de Ruanda?	Olivier Nduhungirehe	Who signed the Washington Peace Agreements as Minister of Foreign Affairs of Rwanda?	Olivier Nduhungirehe
es	es:062:de_munich_car_attack_federal_election__involved_organization__003__target__de_munich_car_attack_federal_election_target_target_involved_organization_5__es__surface_002	de_munich_car_attack_federal_election__involved_organization__003__target__de_munich_car_attack_federal_election_target_target_involved_organization_5__es__surface_002	de_munich_car_attack_federal_election__involved_organization__003__target__de_munich_car_attack_federal_election_target_target_involved_organization_5__en__surface_002	de_munich_car_attack_federal_election	de_munich_car_attack_federal_election__involved_organization__003	target	surface	involved_organization	True	ok	none	5	5	5	5	Accurate and fluent translation.	Joachim Herrmann responded to the 2025 Munich car attack as Bavarian Interior Minister; what is his political affiliation?	CSU	Joachim Herrmann respondió al ataque con coche en Múnich de 2025 como Ministro del Interior de Baviera; ¿cuál es su afiliación política?	CSU	Joachim Herrmann responded to the 2025 Munich car attack as Minister of the Interior of Bavaria; what is his political affiliation?	CSU
es	es:063:ja_hyuga_nada_earthquake_expo_pavilions__affected_or_involved_region__002__neighbor__ja_hyuga_nada_earthquake_expo_pavilions_neighbor_neighbor_affected_region_2__es__surface_002	ja_hyuga_nada_earthquake_expo_pavilions__affected_or_involved_region__002__neighbor__ja_hyuga_nada_earthquake_expo_pavilions_neighbor_neighbor_affected_region_2__es__surface_002	ja_hyuga_nada_earthquake_expo_pavilions__affected_or_involved_region__002__neighbor__ja_hyuga_nada_earthquake_expo_pavilions_neighbor_neighbor_affected_region_2__en__surface_002	ja_hyuga_nada_earthquake_expo_pavilions	ja_hyuga_nada_earthquake_expo_pavilions__affected_or_involved_region__002	neighbor	surface	affected_or_involved_region	True	ok	none	5	5	5	5	Accurate and fluent translation.	Which state canceled its plans to participate in the Expo 2025 pavilions?	Mexico	¿Qué estado canceló sus planes de participar en los pabellones de la Expo 2025?	México	Which state canceled its plans to participate in the Expo 2025 pavilions?	Mexico
es	es:064:es_catatumbo_clashes_ecuador_election__involved_group__008__neighbor__es_catatumbo_clashes_ecuador_election_neighbor_neighbor_involved_group_4__es__surface_003	es_catatumbo_clashes_ecuador_election__involved_group__008__neighbor__es_catatumbo_clashes_ecuador_election_neighbor_neighbor_involved_group_4__es__surface_003	es_catatumbo_clashes_ecuador_election__involved_group__008__neighbor__es_catatumbo_clashes_ecuador_election_neighbor_neighbor_involved_group_4__en__surface_003	es_catatumbo_clashes_ecuador_election	es_catatumbo_clashes_ecuador_election__involved_group__008	neighbor	surface	involved_group	True	ok	none	5	5	5	5	Accurate and fluent translation.	In the 2025 general election in Ecuador, which specific party managed to win 9 seats in the National Assembly?	Pachakutik	En las elecciones generales de 2025 en Ecuador, ¿qué partido específico logró ganar 9 escaños en la Asamblea Nacional?	Pachakutik	In the 2025 general elections in Ecuador, which specific party managed to win 9 seats in the National Assembly?	Pachakutik
es	es:065:es_venezuela_protests_presidential_election__event_location__005__neighbor__es_venezuela_protests_presidential_election_neighbor_neighbor_event_location_1__es__surface_003	es_venezuela_protests_presidential_election__event_location__005__neighbor__es_venezuela_protests_presidential_election_neighbor_neighbor_event_location_1__es__surface_003	es_venezuela_protests_presidential_election__event_location__005__neighbor__es_venezuela_protests_presidential_election_neighbor_neighbor_event_location_1__en__surface_003	es_venezuela_protests_presidential_election	es_venezuela_protests_presidential_election__event_location__005	neighbor	surface	event_location	True	ok	none	5	5	5	5	Accurate and fluent translation.	Where is a location connected to the events of the 2024 Venezuelan presidential election?	Caracas	¿Cuál es un lugar conectado a los eventos de las elecciones presidenciales de Venezuela de 2024?	Caracas	What is a place connected to the events of the 2024 Venezuela presidential elections?	Caracas
es	es:066:en_tesla_vandalism_doge__associated_legal_issue__010__neighbor__en_tesla_vandalism_doge_neighbor_neighbor_associated_legal_issue_3__es__surface_003	en_tesla_vandalism_doge__associated_legal_issue__010__neighbor__en_tesla_vandalism_doge_neighbor_neighbor_associated_legal_issue_3__es__surface_003	en_tesla_vandalism_doge__associated_legal_issue__010__neighbor__en_tesla_vandalism_doge_neighbor_neighbor_associated_legal_issue_3__en__surface_003	en_tesla_vandalism_doge	en_tesla_vandalism_doge__associated_legal_issue__010	neighbor	surface	associated_legal_issue	True	ok	none	5	5	5	5	Accurate and fluent translation.	Elon Musk's role in DOGE was found by a judge to likely involve which specific clause?	Appointments Clause	¿Qué cláusula específica determinó un juez que probablemente involucraba el papel de Elon Musk en DOGE?	Cláusula de Nombramientos	What specific clause did a judge determine likely involved Elon Musk's role in DOGE?	Appointments Clause
es	es:067:ja_mof_protests_house_councillors__key_issue_or_demand__015__neighbor__ja_mof_protests_house_councillors_neighbor_neighbor_key_issue_1__es__core	ja_mof_protests_house_councillors__key_issue_or_demand__015__neighbor__ja_mof_protests_house_councillors_neighbor_neighbor_key_issue_1__es__core	ja_mof_protests_house_councillors__key_issue_or_demand__015__neighbor__ja_mof_protests_house_councillors_neighbor_neighbor_key_issue_1__en__core	ja_mof_protests_house_councillors	ja_mof_protests_house_councillors__key_issue_or_demand__015	neighbor	core	key_issue_or_demand	True	minor	overliteral	5	5	4	5	'Medidas de combate' sounds like literal military combat rather than economic countermeasures. However, the meaning is still understandable.	What economic issue was a key focus for combat measures during the 2025 Japanese House of Councillors election?	rising cost of living	¿Qué problema económico fue un foco clave de las medidas de combate durante las elecciones a la Cámara de Consejeros de Japón de 2025?	aumento del costo de vida	What economic issue was a key focus of the combat measures during the 2025 Japan House of Councillors elections?	increase in the cost of living
es	es:068:fr_imane_khelif_olympic_boxing__event_year__005__target__fr_imane_khelif_olympic_boxing_target_12__es__surface_002	fr_imane_khelif_olympic_boxing__event_year__005__target__fr_imane_khelif_olympic_boxing_target_12__es__surface_002	fr_imane_khelif_olympic_boxing__event_year__005__target__fr_imane_khelif_olympic_boxing_target_12__en__surface_002	fr_imane_khelif_olympic_boxing	fr_imane_khelif_olympic_boxing__event_year__005	target	surface	event_year	True	ok	none	5	5	5	5	Accurate and fluent translation.	What year marked Imane Khelif's participation in the AIBA Women's World Boxing Championships?	2019	¿Qué año marcó la participación de Imane Khelif en el Campeonato Mundial de Boxeo Femenino de la AIBA?	2019	What year marked the participation of Imane Khelif in the AIBA Women's World Boxing Championships?	2019
es	es:069:zh_zhuhai_car_attack_wuxi_stabbing__incident_location__003__neighbor__zh_zhuhai_car_attack_wuxi_stabbing_neighbor_wuxi_loc_2__es__surface_002	zh_zhuhai_car_attack_wuxi_stabbing__incident_location__003__neighbor__zh_zhuhai_car_attack_wuxi_stabbing_neighbor_wuxi_loc_2__es__surface_002	zh_zhuhai_car_attack_wuxi_stabbing__incident_location__003__neighbor__zh_zhuhai_car_attack_wuxi_stabbing_neighbor_wuxi_loc_2__en__surface_002	zh_zhuhai_car_attack_wuxi_stabbing	zh_zhuhai_car_attack_wuxi_stabbing__incident_location__003	neighbor	surface	incident_location	True	ok	none	5	5	5	5	Accurate and fluent translation.	Which specific city was the location of the 2024 Wuxi mass stabbing?	Yixing	¿Qué ciudad específica fue la ubicación del apuñalamiento masivo de Wuxi de 2024?	Yixing	What specific city was the location of the 2024 Wuxi mass stabbing?	Yixing
es	es:070:th_cambodian_border_crisis_myanmar_earthquake__key_figure__004__target__th_cambodian_border_crisis_myanmar_earthquake_target_th_cambodian_border_crisis_person_4__es__surface_002	th_cambodian_border_crisis_myanmar_earthquake__key_figure__004__target__th_cambodian_border_crisis_myanmar_earthquake_target_th_cambodian_border_crisis_person_4__es__surface_002	th_cambodian_border_crisis_myanmar_earthquake__key_figure__004__target__th_cambodian_border_crisis_myanmar_earthquake_target_th_cambodian_border_crisis_person_4__en__surface_002	th_cambodian_border_crisis_myanmar_earthquake	th_cambodian_border_crisis_myanmar_earthquake__key_figure__004	target	surface	key_figure	True	ok	none	5	5	5	5	Accurate translation. Passive voice is slightly clunky but acceptable.	The signing ceremony of the Kuala Lumpur Peace Accord was witnessed by which American president?	Donald Trump	¿Por qué presidente estadounidense fue presenciada la ceremonia de firma del Acuerdo de Paz de Kuala Lumpur?	Donald Trump	By which US president was the signing ceremony of the Kuala Lumpur Peace Agreement witnessed?	Donald Trump
es	es:071:de_solingen_stabbing_magdeburg_attack__perpetrator_background_trait__001__neighbor__de_solingen_stabbing_magdeburg_attack_neighbor_de_magdeburg_attack_trait_2__es__surface_003	de_solingen_stabbing_magdeburg_attack__perpetrator_background_trait__001__neighbor__de_solingen_stabbing_magdeburg_attack_neighbor_de_magdeburg_attack_trait_2__es__surface_003	de_solingen_stabbing_magdeburg_attack__perpetrator_background_trait__001__neighbor__de_solingen_stabbing_magdeburg_attack_neighbor_de_magdeburg_attack_trait_2__en__surface_003	de_solingen_stabbing_magdeburg_attack	de_solingen_stabbing_magdeburg_attack__perpetrator_background_trait__001	neighbor	surface	perpetrator_background_trait	True	ok	none	5	5	5	5	Perfectly preserves meaning and sounds natural in Spanish.	What specific anti-religious sentiment was the 2024 Magdeburg car attack suspect described as having?	Islamophobe	¿Qué sentimiento antirreligioso específico se describió que tenía el sospechoso del ataque con coche en Magdeburgo de 2024?	Islamófobo	What specific anti-religious sentiment was the suspect of the 2024 Magdeburg car attack described as having?	Islamophobic
es	es:072:ar_lebanon_device_attacks_hq_strike__reaction_by_country_or_org__008__target__ar_lebanon_device_attacks_hq_strike_target_reaction_7__es__surface_003	ar_lebanon_device_attacks_hq_strike__reaction_by_country_or_org__008__target__ar_lebanon_device_attacks_hq_strike_target_reaction_7__es__surface_003	ar_lebanon_device_attacks_hq_strike__reaction_by_country_or_org__008__target__ar_lebanon_device_attacks_hq_strike_target_reaction_7__en__surface_003	ar_lebanon_device_attacks_hq_strike	ar_lebanon_device_attacks_hq_strike__reaction_by_country_or_org__008	target	surface	reaction_by_country_or_org	True	ok	none	5	5	5	5	Accurate and fluent translation.	Following the 2024 Lebanon electronic device attacks, which country reacted by having its president speak directly to the Lebanese people via video?	France	Después de los ataques con dispositivos electrónicos en el Líbano de 2024, ¿qué país reaccionó haciendo que su presidente hablara directamente al pueblo libanés por video?	Francia	After the electronic device attacks in Lebanon in 2024, which country reacted by having its president speak directly to the Lebanese people by video?	France
es	es:073:zh_shenzhen_stabbing_wuxi_stabbing__aftermath_actions__013__target__zh_shenzhen_stabbing_wuxi_stabbing_target_target_action_4__es__surface_002	zh_shenzhen_stabbing_wuxi_stabbing__aftermath_actions__013__target__zh_shenzhen_stabbing_wuxi_stabbing_target_target_action_4__es__surface_002	zh_shenzhen_stabbing_wuxi_stabbing__aftermath_actions__013__target__zh_shenzhen_stabbing_wuxi_stabbing_target_target_action_4__en__surface_002	zh_shenzhen_stabbing_wuxi_stabbing	zh_shenzhen_stabbing_wuxi_stabbing__aftermath_actions__013	target	surface	aftermath_actions	True	ok	none	5	5	5	5	Very natural translation, 'suspendieron' is a great equivalent here.	How did the Japanese schools in Guangzhou and Beijing alter their operations after the 2024 Shenzhen stabbing?	stopped extracurricular activities	¿Cómo alteraron sus operaciones las escuelas japonesas en Guangzhou y Pekín después del apuñalamiento de Shenzhen de 2024?	suspendieron las actividades extracurriculares	How did Japanese schools in Guangzhou and Beijing alter their operations after the 2024 Shenzhen stabbing?	suspended extracurricular activities
es	es:074:bn_noncooperation_interim_government__key_figures__009__neighbor__bn_noncooperation_interim_government_neighbor_neighbor_key_figures_2__es__core	bn_noncooperation_interim_government__key_figures__009__neighbor__bn_noncooperation_interim_government_neighbor_neighbor_key_figures_2__es__core	bn_noncooperation_interim_government__key_figures__009__neighbor__bn_noncooperation_interim_government_neighbor_neighbor_key_figures_2__en__core	bn_noncooperation_interim_government	bn_noncooperation_interim_government__key_figures__009	neighbor	core	key_figures	True	ok	none	5	5	4	5	Accurate, though 'tomó juramento a' is sometimes more natural than 'administró la ceremonia de juramento', the latter is completely acceptable.	Who administered the oath ceremony for Muhammad Yunus?	Mohammed Shahabuddin	¿Quién administró la ceremonia de juramento de Muhammad Yunus?	Mohammed Shahabuddin	Who administered the swearing-in ceremony of Muhammad Yunus?	Mohammed Shahabuddin
es	es:075:th_political_crisis_same_sex_marriage__key_figure__006__target__th_political_crisis_same_sex_marriage_target_th_political_crisis_2025_key_figure_3__es__surface_002	th_political_crisis_same_sex_marriage__key_figure__006__target__th_political_crisis_same_sex_marriage_target_th_political_crisis_2025_key_figure_3__es__surface_002	th_political_crisis_same_sex_marriage__key_figure__006__target__th_political_crisis_same_sex_marriage_target_th_political_crisis_2025_key_figure_3__en__surface_002	th_political_crisis_same_sex_marriage	th_political_crisis_same_sex_marriage__key_figure__006	target	surface	key_figure	True	ok	none	5	5	5	5	Accurate and fluent.	During the 2025 Thai political crisis, who was chosen by the People's Party to succeed the caretaker government?	Anutin Charnvirakul	Durante la crisis política tailandesa de 2025, ¿quién fue elegido por el Partido Popular para suceder al gobierno interino?	Anutin Charnvirakul	During the 2025 Thai political crisis, who was chosen by the People's Party to succeed the caretaker government?	Anutin Charnvirakul
es	es:076:sw_tanzania_protests_general_election__casualty_report__006__neighbor__sw_tanzania_protests_general_election_neighbor_neighbor_casualty_2__es__surface_003	sw_tanzania_protests_general_election__casualty_report__006__neighbor__sw_tanzania_protests_general_election_neighbor_neighbor_casualty_2__es__surface_003	sw_tanzania_protests_general_election__casualty_report__006__neighbor__sw_tanzania_protests_general_election_neighbor_neighbor_casualty_2__en__surface_003	sw_tanzania_protests_general_election	sw_tanzania_protests_general_election__casualty_report__006	neighbor	surface	casualty_report	True	ok	none	5	5	4	5	The translation is accurate, though the phrasing of the question is slightly convoluted (a rephrasing like 'Según fuentes de la oposición...' would be smoother). Still highly functional.	Opposition sources stated that approximately how many individuals lost their lives nationwide during the 2025 Tanzanian general election?	700	¿Aproximadamente cuántas personas afirmaron las fuentes de la oposición que perdieron la vida a nivel nacional durante las elecciones generales de Tanzania de 2025?	700	Approximately how many people did opposition sources claim lost their lives nationwide during the 2025 Tanzanian general election?	700
es	es:077:th_audit_office_bangkok_road_collapse__event_locations__011__target__th_audit_office_bangkok_road_collapse_target_target_event_locations_1__es__surface_001	th_audit_office_bangkok_road_collapse__event_locations__011__target__th_audit_office_bangkok_road_collapse_target_target_event_locations_1__es__surface_001	th_audit_office_bangkok_road_collapse__event_locations__011__target__th_audit_office_bangkok_road_collapse_target_target_event_locations_1__en__surface_001	th_audit_office_bangkok_road_collapse	th_audit_office_bangkok_road_collapse__event_locations__011	target	surface	event_locations	True	ok	none	5	5	5	5	Accurate and clear.	In which city did the collapse of the Thailand State Audit Office building take place?	Bangkok	¿En qué ciudad tuvo lugar el colapso del edificio de la Oficina de Auditoría del Estado de Tailandia?	Bangkok	In which city did the collapse of the State Audit Office of Thailand building take place?	Bangkok
es	es:078:bn_anti_hindu_violence_national_citizen_party__target_demographic__001__target__bn_anti_hindu_violence_national_citizen_party_target_target_target_demographic_1__es__surface_002	bn_anti_hindu_violence_national_citizen_party__target_demographic__001__target__bn_anti_hindu_violence_national_citizen_party_target_target_target_demographic_1__es__surface_002	bn_anti_hindu_violence_national_citizen_party__target_demographic__001__target__bn_anti_hindu_violence_national_citizen_party_target_target_target_demographic_1__en__surface_002	bn_anti_hindu_violence_national_citizen_party	bn_anti_hindu_violence_national_citizen_party__target_demographic__001	target	surface	target_demographic	True	ok	none	5	5	5	5	Excellent translation.	Who were the primary victims of the violence that broke out in Bangladesh following Sheikh Hasina's resignation?	Hindus	¿Quiénes fueron las principales víctimas de la violencia que estalló en Bangladés tras la renuncia de Sheikh Hasina?	Hindúes	Who were the main victims of the violence that broke out in Bangladesh after the resignation of Sheikh Hasina?	Hindus
es	es:079:bn_hasina_resignation_2026_election__participant_person__007__neighbor__bn_hasina_resignation_2026_election_neighbor_5__es__surface_001	bn_hasina_resignation_2026_election__participant_person__007__neighbor__bn_hasina_resignation_2026_election_neighbor_5__es__surface_001	bn_hasina_resignation_2026_election__participant_person__007__neighbor__bn_hasina_resignation_2026_election_neighbor_5__en__surface_001	bn_hasina_resignation_2026_election	bn_hasina_resignation_2026_election__participant_person__007	neighbor	surface	participant_person	True	ok	none	5	5	5	5	Accurate and fluent.	Name the person who serves as the Ameer of the Bangladesh Jamaat-e-Islami.	Shafiqur Rahman	Nombra a la persona que ejerce como emir de Bangladesh Jamaat-e-Islami.	Shafiqur Rahman	Name the person who serves as the emir of Bangladesh Jamaat-e-Islami.	Shafiqur Rahman
es	es:080:es_venezuela_crisis_uruguay_election__international_reaction_country__009__neighbor__es_venezuela_crisis_uruguay_election_neighbor_neighbor_intl_reaction_9__es__surface_003	es_venezuela_crisis_uruguay_election__international_reaction_country__009__neighbor__es_venezuela_crisis_uruguay_election_neighbor_neighbor_intl_reaction_9__es__surface_003	es_venezuela_crisis_uruguay_election__international_reaction_country__009__neighbor__es_venezuela_crisis_uruguay_election_neighbor_neighbor_intl_reaction_9__en__surface_003	es_venezuela_crisis_uruguay_election	es_venezuela_crisis_uruguay_election__international_reaction_country__009	neighbor	surface	international_reaction_country	True	ok	none	5	5	5	5	Accurate and fluent.	Name the country whose government formally congratulated Orsi after the 2024 Uruguayan general election.	Spain	Nombra el país cuyo gobierno felicitó formalmente a Orsi tras las elecciones generales uruguayas de 2024.	España	Name the country whose government formally congratulated Orsi after the 2024 Uruguayan general election.	Spain
es	es:081:ar_syrian_offensives_transitional_government__key_event_date__013__neighbor__ar_syrian_offensives_transitional_government_neighbor_neighbor_date_1__es__surface_002	ar_syrian_offensives_transitional_government__key_event_date__013__neighbor__ar_syrian_offensives_transitional_government_neighbor_neighbor_date_1__es__surface_002	ar_syrian_offensives_transitional_government__key_event_date__013__neighbor__ar_syrian_offensives_transitional_government_neighbor_neighbor_date_1__en__surface_002	ar_syrian_offensives_transitional_government	ar_syrian_offensives_transitional_government__key_event_date__013	neighbor	surface	key_event_date	True	ok	none	5	5	5	5	Accurate and fluent translation.	What is the founding date of the Syrian transitional government?	29 March 2025	¿Cuál es la fecha de fundación del gobierno de transición sirio?	29 de marzo de 2025	What is the founding date of the Syrian transitional government?	March 29, 2025
es	es:082:de_aschaffenburg_stabbing_merz_cabinet__participant_role__001__target__de_aschaffenburg_stabbing_merz_cabinet_target_target_role_3__es__surface_003	de_aschaffenburg_stabbing_merz_cabinet__participant_role__001__target__de_aschaffenburg_stabbing_merz_cabinet_target_target_role_3__es__surface_003	de_aschaffenburg_stabbing_merz_cabinet__participant_role__001__target__de_aschaffenburg_stabbing_merz_cabinet_target_target_role_3__en__surface_003	de_aschaffenburg_stabbing_merz_cabinet	de_aschaffenburg_stabbing_merz_cabinet__participant_role__001	target	surface	participant_role	True	ok	none	5	5	5	5	Accurate and fluent translation.	In the city of Frankfurt, what role did Mike Josef serve as?	Mayor	En la ciudad de Frankfurt, ¿qué cargo desempeñó Mike Josef?	Alcalde	In the city of Frankfurt, what position did Mike Josef hold?	Mayor
es	es:083:en_tesla_vandalism_doge__key_person__004__neighbor__en_tesla_vandalism_doge_neighbor_neighbor_key_person_1__es__surface_003	en_tesla_vandalism_doge__key_person__004__neighbor__en_tesla_vandalism_doge_neighbor_neighbor_key_person_1__es__surface_003	en_tesla_vandalism_doge__key_person__004__neighbor__en_tesla_vandalism_doge_neighbor_neighbor_key_person_1__en__surface_003	en_tesla_vandalism_doge	en_tesla_vandalism_doge__key_person__004	neighbor	surface	key_person	True	ok	none	5	5	5	5	Accurate and fluent translation.	Name the person who gave Donald Trump the idea to create the Department of Government Efficiency in 2024.	Elon Musk	Nombra a la persona que le dio a Donald Trump la idea de crear el Departamento de Eficiencia Gubernamental en 2024.	Elon Musk	Name the person who gave Donald Trump the idea to create the Department of Government Efficiency in 2024.	Elon Musk
es	es:084:fr_pelicot_case_gisele_pelicot__significant_location__010__neighbor__fr_pelicot_case_gisele_pelicot_neighbor_neighbor_significant_location_4__es__surface_002	fr_pelicot_case_gisele_pelicot__significant_location__010__neighbor__fr_pelicot_case_gisele_pelicot_neighbor_neighbor_significant_location_4__es__surface_002	fr_pelicot_case_gisele_pelicot__significant_location__010__neighbor__fr_pelicot_case_gisele_pelicot_neighbor_neighbor_significant_location_4__en__surface_002	fr_pelicot_case_gisele_pelicot	fr_pelicot_case_gisele_pelicot__significant_location__010	neighbor	surface	significant_location	True	ok	none	5	5	5	5	Accurate and fluent translation.	What was the couple's city of residence when the first recorded assault in the Pelicot case occurred?	Villiers-sur-Marne	¿Cuál era la ciudad de residencia de la pareja cuando ocurrió la primera agresión registrada en el caso Pelicot?	Villiers-sur-Marne	What was the city of residence of the couple when the first recorded assault in the Pelicot case occurred?	Villiers-sur-Marne
es	es:085:ar_syrian_offensives_transitional_government__key_event_date__013__target__ar_syrian_offensives_transitional_government_target_target_date_2__es__surface_003	ar_syrian_offensives_transitional_government__key_event_date__013__target__ar_syrian_offensives_transitional_government_target_target_date_2__es__surface_003	ar_syrian_offensives_transitional_government__key_event_date__013__target__ar_syrian_offensives_transitional_government_target_target_date_2__en__surface_003	ar_syrian_offensives_transitional_government	ar_syrian_offensives_transitional_government__key_event_date__013	target	surface	key_event_date	True	ok	none	5	5	5	5	Accurate and fluent translation.	During the 2024 Syrian opposition offensives, on which day did HTS enter Aleppo?	29 November 2024	Durante las ofensivas de la oposición siria de 2024, ¿qué día entró HTS en Alepo?	29 de noviembre de 2024	During the 2024 Syrian opposition offensives, what day did HTS enter Aleppo?	November 29, 2024
es	es:086:sw_kenyan_protests_albert_ojwang__location__002__target__sw_kenyan_protests_albert_ojwang_target_target_location_3__es__surface_003	sw_kenyan_protests_albert_ojwang__location__002__target__sw_kenyan_protests_albert_ojwang_target_target_location_3__es__surface_003	sw_kenyan_protests_albert_ojwang__location__002__target__sw_kenyan_protests_albert_ojwang_target_target_location_3__en__surface_003	sw_kenyan_protests_albert_ojwang	sw_kenyan_protests_albert_ojwang__location__002	target	surface	location	True	ok	none	5	5	5	5	Accurate and fluent translation.	Where did the storming occur as a result of the 2024 Kenya Finance Bill protests?	Parliament	¿Dónde ocurrió el asalto como resultado de las protestas por el Proyecto de Ley de Finanzas de Kenia de 2024?	Parlamento	Where did the assault occur as a result of the protests over the 2024 Kenya Finance Bill?	Parliament
es	es:087:fr_olympics_opening_closing_ceremony__athlete_participant__015__neighbor__fr_olympics_opening_closing_ceremony_neighbor_neighbor_athlete_participant_5__es__core	fr_olympics_opening_closing_ceremony__athlete_participant__015__neighbor__fr_olympics_opening_closing_ceremony_neighbor_neighbor_athlete_participant_5__es__core	fr_olympics_opening_closing_ceremony__athlete_participant__015__neighbor__fr_olympics_opening_closing_ceremony_neighbor_neighbor_athlete_participant_5__en__core	fr_olympics_opening_closing_ceremony	fr_olympics_opening_closing_ceremony__athlete_participant__015	neighbor	core	athlete_participant	True	ok	none	5	5	5	5	Accurate and fluent translation.	Which athlete participated in the French flag handover at the end of the 2024 Summer Olympics closing ceremony?	Antoine Dupont	¿Qué atleta participó en el traspaso de la bandera francesa al final de la ceremonia de clausura de los Juegos Olímpicos de Verano de 2024?	Antoine Dupont	Which athlete participated in the handover of the French flag at the end of the closing ceremony of the 2024 Summer Olympics?	Antoine Dupont
es	es:088:th_cambodian_border_crisis_myanmar_earthquake__affected_location__008__target__th_cambodian_border_crisis_myanmar_earthquake_target_th_cambodian_border_crisis_loc_3__es__surface_003	th_cambodian_border_crisis_myanmar_earthquake__affected_location__008__target__th_cambodian_border_crisis_myanmar_earthquake_target_th_cambodian_border_crisis_loc_3__es__surface_003	th_cambodian_border_crisis_myanmar_earthquake__affected_location__008__target__th_cambodian_border_crisis_myanmar_earthquake_target_th_cambodian_border_crisis_loc_3__en__surface_003	th_cambodian_border_crisis_myanmar_earthquake	th_cambodian_border_crisis_myanmar_earthquake__affected_location__008	target	surface	affected_location	True	ok	none	5	5	5	5	Accurate and fluent translation.	During the 2025 Cambodian–Thai border crisis, a gas station was struck by BM-21 rockets in what specific province?	Sisaket province	Durante la crisis fronteriza camboyano-tailandesa de 2025, ¿en qué provincia específica fue alcanzada una gasolinera por cohetes BM-21?	Provincia de Sisaket	During the 2025 Cambodian-Thai border crisis, in which specific province was a gas station hit by BM-21 rockets?	Sisaket Province
es	es:089:th_audit_office_bangkok_road_collapse__contributing_factors__003__target__th_audit_office_bangkok_road_collapse_target_target_contributing_factors_1__es__surface_002	th_audit_office_bangkok_road_collapse__contributing_factors__003__target__th_audit_office_bangkok_road_collapse_target_target_contributing_factors_1__es__surface_002	th_audit_office_bangkok_road_collapse__contributing_factors__003__target__th_audit_office_bangkok_road_collapse_target_target_contributing_factors_1__en__surface_002	th_audit_office_bangkok_road_collapse	th_audit_office_bangkok_road_collapse__contributing_factors__003	target	surface	contributing_factors	True	ok	none	5	5	5	5	Accurate and natural rephrasing into a direct Spanish question.	The collapse of the Thailand State Audit Office building was partly caused by what seismic event in Myanmar?	earthquake	¿Qué evento sísmico en Myanmar causó en parte el colapso del edificio de la Oficina de Auditoría Estatal de Tailandia?	terremoto	What seismic event in Myanmar partly caused the collapse of the State Audit Office of Thailand building?	earthquake
es	es:090:ja_hyogo_gubernatorial_2025_ldp_presidential__candidate_background__010__neighbor__ja_hyogo_gubernatorial_2025_ldp_presidential_neighbor_neighbor_candidate_background_4__es__surface_002	ja_hyogo_gubernatorial_2025_ldp_presidential__candidate_background__010__neighbor__ja_hyogo_gubernatorial_2025_ldp_presidential_neighbor_neighbor_candidate_background_4__es__surface_002	ja_hyogo_gubernatorial_2025_ldp_presidential__candidate_background__010__neighbor__ja_hyogo_gubernatorial_2025_ldp_presidential_neighbor_neighbor_candidate_background_4__en__surface_002	ja_hyogo_gubernatorial_2025_ldp_presidential	ja_hyogo_gubernatorial_2025_ldp_presidential__candidate_background__010	neighbor	surface	candidate_background	True	ok	none	5	5	5	5	Accurate and fluent translation.	What former title did Takayuki Kobayashi have before entering the 2025 LDP presidential race?	Economic Minister	¿Qué cargo anterior tenía Takayuki Kobayashi antes de entrar en la carrera presidencial del PLD de 2025?	Ministro de Economía	What previous position did Takayuki Kobayashi hold before entering the 2025 LDP presidential race?	Minister of Economy
es	es:091:fr_olympics_opening_closing_ceremony__athlete_participant__012__neighbor__fr_olympics_opening_closing_ceremony_neighbor_neighbor_athlete_participant_2__es__surface_003	fr_olympics_opening_closing_ceremony__athlete_participant__012__neighbor__fr_olympics_opening_closing_ceremony_neighbor_neighbor_athlete_participant_2__es__surface_003	fr_olympics_opening_closing_ceremony__athlete_participant__012__neighbor__fr_olympics_opening_closing_ceremony_neighbor_neighbor_athlete_participant_2__en__surface_003	fr_olympics_opening_closing_ceremony	fr_olympics_opening_closing_ceremony__athlete_participant__012	neighbor	surface	athlete_participant	True	ok	none	5	5	5	5	Perfect translation.	During the 2024 Summer Olympics closing ceremony, which marathon runner received her gold medal?	Sifan Hassan	Durante la ceremonia de clausura de los Juegos Olímpicos de Verano de 2024, ¿qué maratonista recibió su medalla de oro?	Sifan Hassan	During the closing ceremony of the 2024 Summer Olympics, which marathon runner received their gold medal?	Sifan Hassan
es	es:092:fr_pelicot_case_gisele_pelicot__significant_year__005__neighbor__fr_pelicot_case_gisele_pelicot_neighbor_neighbor_significant_year_1__es__core	fr_pelicot_case_gisele_pelicot__significant_year__005__neighbor__fr_pelicot_case_gisele_pelicot_neighbor_neighbor_significant_year_1__es__core	fr_pelicot_case_gisele_pelicot__significant_year__005__neighbor__fr_pelicot_case_gisele_pelicot_neighbor_neighbor_significant_year_1__en__core	fr_pelicot_case_gisele_pelicot	fr_pelicot_case_gisele_pelicot__significant_year__005	neighbor	core	significant_year	True	ok	none	5	5	5	5	Perfect translation.	In what year was Gisèle Pelicot born?	1952	¿En qué año nació Gisèle Pelicot?	1952	In what year was Gisèle Pelicot born?	1952
es	es:093:es_venezuela_protests_presidential_election__involved_organization__011__target__es_venezuela_protests_presidential_election_target_target_involved_organization_2__es__surface_003	es_venezuela_protests_presidential_election__involved_organization__011__target__es_venezuela_protests_presidential_election_target_target_involved_organization_2__es__surface_003	es_venezuela_protests_presidential_election__involved_organization__011__target__es_venezuela_protests_presidential_election_target_target_involved_organization_2__en__surface_003	es_venezuela_protests_presidential_election	es_venezuela_protests_presidential_election__involved_organization__011	target	surface	involved_organization	True	ok	none	5	5	5	5	Perfect translation.	During the 2024 Venezuelan presidential election protests, which organization was involved?	Amnesty International	Durante las protestas por las elecciones presidenciales de Venezuela de 2024, ¿qué organización estuvo involucrada?	Amnistía Internacional	During the 2024 Venezuela presidential election protests, which organization was involved?	Amnesty International
es	es:094:es_catatumbo_clashes_ecuador_election__involved_group__007__neighbor__es_catatumbo_clashes_ecuador_election_neighbor_neighbor_involved_group_2__es__core	es_catatumbo_clashes_ecuador_election__involved_group__007__neighbor__es_catatumbo_clashes_ecuador_election_neighbor_neighbor_involved_group_2__es__core	es_catatumbo_clashes_ecuador_election__involved_group__007__neighbor__es_catatumbo_clashes_ecuador_election_neighbor_neighbor_involved_group_2__en__core	es_catatumbo_clashes_ecuador_election	es_catatumbo_clashes_ecuador_election__involved_group__007	neighbor	core	involved_group	True	ok	none	5	5	5	5	Perfect translation.	Which group formed a left-leaning bloc with the Citizen Revolution Movement in the 2025 Ecuadorian general election?	RETO Movement	¿Qué grupo formó un bloque de tendencia izquierdista con el Movimiento Revolución Ciudadana en las elecciones generales de Ecuador de 2025?	Movimiento RETO	Which group formed a left-leaning bloc with the Citizen Revolution Movement in the 2025 Ecuadorian general election?	RETO Movement
es	es:095:bn_noncooperation_interim_government__key_figures__012__target__bn_noncooperation_interim_government_target_target_key_figures_5__es__surface_002	bn_noncooperation_interim_government__key_figures__012__target__bn_noncooperation_interim_government_target_target_key_figures_5__es__surface_002	bn_noncooperation_interim_government__key_figures__012__target__bn_noncooperation_interim_government_target_target_key_figures_5__en__surface_002	bn_noncooperation_interim_government	bn_noncooperation_interim_government__key_figures__012	target	surface	key_figures	True	ok	none	5	5	5	5	Perfect translation.	The interim government established in the aftermath of the 2024 non-cooperation movement was under the leadership of whom?	Muhammad Yunus	¿Bajo el liderazgo de quién estuvo el gobierno interino establecido tras el movimiento de no cooperación de 2024?	Muhammad Yunus	Under whose leadership was the interim government established after the 2024 non-cooperation movement?	Muhammad Yunus
es	es:096:fr_olympics_opening_closing_ceremony__dignitary_present__009__neighbor__fr_olympics_opening_closing_ceremony_neighbor_neighbor_dignitary_present_2__es__surface_003	fr_olympics_opening_closing_ceremony__dignitary_present__009__neighbor__fr_olympics_opening_closing_ceremony_neighbor_neighbor_dignitary_present_2__es__surface_003	fr_olympics_opening_closing_ceremony__dignitary_present__009__neighbor__fr_olympics_opening_closing_ceremony_neighbor_neighbor_dignitary_present_2__en__surface_003	fr_olympics_opening_closing_ceremony	fr_olympics_opening_closing_ceremony__dignitary_present__009	neighbor	surface	dignitary_present	True	ok	none	5	5	5	5	Perfect translation.	Which head of the Paris 2024 organizing committee addressed the audience during the 2024 Summer Olympics closing ceremony?	Tony Estanguet	¿Qué jefe del comité organizador de París 2024 se dirigió al público durante la ceremonia de clausura de los Juegos Olímpicos de Verano de 2024?	Tony Estanguet	Which head of the Paris 2024 organizing committee addressed the public during the closing ceremony of the 2024 Summer Olympics?	Tony Estanguet
es	es:097:de_munich_car_attack_federal_election__involved_person__010__neighbor__de_munich_car_attack_federal_election_neighbor_neighbor_involved_person_3__es__surface_003	de_munich_car_attack_federal_election__involved_person__010__neighbor__de_munich_car_attack_federal_election_neighbor_neighbor_involved_person_3__es__surface_003	de_munich_car_attack_federal_election__involved_person__010__neighbor__de_munich_car_attack_federal_election_neighbor_neighbor_involved_person_3__en__surface_003	de_munich_car_attack_federal_election	de_munich_car_attack_federal_election__involved_person__010	neighbor	surface	involved_person	True	ok	none	5	5	5	5	Perfect translation.	Who is an individual known to have been involved in the 2025 German federal election?	Christian Lindner	¿Quién es un individuo conocido por haber estado involucrado en las elecciones federales alemanas de 2025?	Christian Lindner	Who is an individual known to have been involved in the 2025 German federal elections?	Christian Lindner
es	es:098:es_venezuela_crisis_uruguay_election__involved_political_organization__013__target__es_venezuela_crisis_uruguay_election_target_target_involved_org_1__es__surface_001	es_venezuela_crisis_uruguay_election__involved_political_organization__013__target__es_venezuela_crisis_uruguay_election_target_target_involved_org_1__es__surface_001	es_venezuela_crisis_uruguay_election__involved_political_organization__013__target__es_venezuela_crisis_uruguay_election_target_target_involved_org_1__en__surface_001	es_venezuela_crisis_uruguay_election	es_venezuela_crisis_uruguay_election__involved_political_organization__013	target	surface	involved_political_organization	True	ok	none	5	5	5	5	Perfect translation.	Which political organization served as the primary opposition coalition during the 2024 Venezuelan election?	Unitary Platform	¿Qué organización política sirvió como la principal coalición de oposición durante las elecciones venezolanas de 2024?	Plataforma Unitaria	What political organization served as the main opposition coalition during the 2024 Venezuelan elections?	Unitary Platform
es	es:099:ja_hyuga_nada_earthquake_expo_pavilions__infrastructure_or_building_involved__015__neighbor__ja_hyuga_nada_earthquake_expo_pavilions_neighbor_neighbor_infrastructure_4__es__surface_003	ja_hyuga_nada_earthquake_expo_pavilions__infrastructure_or_building_involved__015__neighbor__ja_hyuga_nada_earthquake_expo_pavilions_neighbor_neighbor_infrastructure_4__es__surface_003	ja_hyuga_nada_earthquake_expo_pavilions__infrastructure_or_building_involved__015__neighbor__ja_hyuga_nada_earthquake_expo_pavilions_neighbor_neighbor_infrastructure_4__en__surface_003	ja_hyuga_nada_earthquake_expo_pavilions	ja_hyuga_nada_earthquake_expo_pavilions__infrastructure_or_building_involved__015	neighbor	surface	infrastructure_or_building_involved	True	ok	none	5	5	5	5	Perfect translation.	Sou Fujimoto is the designer of which major feature for Expo 2025?	Grand Ring	¿De qué elemento principal de la Expo 2025 es diseñador Sou Fujimoto?	Gran Anillo	Of which main element of Expo 2025 is Sou Fujimoto the designer?	Grand Ring
es	es:100:ar_haniyeh_assassination_masoud_pezeshkian__associated_country__014__neighbor__ar_haniyeh_assassination_masoud_pezeshkian_neighbor_14__es__surface_002	ar_haniyeh_assassination_masoud_pezeshkian__associated_country__014__neighbor__ar_haniyeh_assassination_masoud_pezeshkian_neighbor_14__es__surface_002	ar_haniyeh_assassination_masoud_pezeshkian__associated_country__014__neighbor__ar_haniyeh_assassination_masoud_pezeshkian_neighbor_14__en__surface_002	ar_haniyeh_assassination_masoud_pezeshkian	ar_haniyeh_assassination_masoud_pezeshkian__associated_country__014	neighbor	surface	associated_country	True	ok	none	5	5	5	5	Perfect translation.	With what country did Masoud Pezeshkian work to improve diplomatic ties?	Saudi Arabia	¿Con qué país trabajó Masoud Pezeshkian para mejorar los lazos diplomáticos?	Arabia Saudita	With which country did Masoud Pezeshkian work to improve diplomatic ties?	Saudi Arabia
fr	fr:001:bn_anti_hindu_violence_national_citizen_party__target_demographic__001__neighbor__bn_anti_hindu_violence_national_citizen_party_neighbor_neighbor_target_demographic_1__fr__surface_003	bn_anti_hindu_violence_national_citizen_party__target_demographic__001__neighbor__bn_anti_hindu_violence_national_citizen_party_neighbor_neighbor_target_demographic_1__fr__surface_003	bn_anti_hindu_violence_national_citizen_party__target_demographic__001__neighbor__bn_anti_hindu_violence_national_citizen_party_neighbor_neighbor_target_demographic_1__en__surface_003	bn_anti_hindu_violence_national_citizen_party	bn_anti_hindu_violence_national_citizen_party__target_demographic__001	neighbor	surface	target_demographic	True	ok	none	5	5	5	5	Accurate and fluent translation.	Which group of people is at the forefront of the National Citizen Party's leadership?	youth	Quel groupe de personnes est au premier plan de la direction du National Citizen Party ?	les jeunes	What group of people is at the forefront of the leadership of the National Citizen Party?	the youth
fr	fr:002:en_brian_thompson_killing_luigi_mangione__key_locations__014__target__en_brian_thompson_killing_luigi_mangione_target_target_key_locations_4__fr__surface_002	en_brian_thompson_killing_luigi_mangione__key_locations__014__target__en_brian_thompson_killing_luigi_mangione_target_target_key_locations_4__fr__surface_002	en_brian_thompson_killing_luigi_mangione__key_locations__014__target__en_brian_thompson_killing_luigi_mangione_target_target_key_locations_4__en__surface_002	en_brian_thompson_killing_luigi_mangione	en_brian_thompson_killing_luigi_mangione__key_locations__014	target	surface	key_locations	True	ok	none	5	5	4	5	Faithful translation, though placing 'où' at the end of the question is slightly colloquial; still perfectly acceptable.	The bus route taken by the suspect to New York City in relation to the killing of Brian Thompson started where?	Atlanta, Georgia	Le trajet en bus emprunté par le suspect pour se rendre à New York en lien avec le meurtre de Brian Thompson a commencé où ?	Atlanta, Géorgie	Where did the bus trip taken by the suspect to go to New York in connection with the murder of Brian Thompson start?	Atlanta, Georgia
fr	fr:003:sw_tanzania_protests_general_election__event_date__014__neighbor__sw_tanzania_protests_general_election_neighbor_neighbor_date_3__fr__surface_001	sw_tanzania_protests_general_election__event_date__014__neighbor__sw_tanzania_protests_general_election_neighbor_neighbor_date_3__fr__surface_001	sw_tanzania_protests_general_election__event_date__014__neighbor__sw_tanzania_protests_general_election_neighbor_neighbor_date_3__en__surface_001	sw_tanzania_protests_general_election	sw_tanzania_protests_general_election__event_date__014	neighbor	surface	event_date	True	ok	none	5	5	5	5	Accurate and fluent translation.	When was Luhaga Mpina of the ACT disqualified from participating in the 2025 Tanzanian general election?	15 September	Quand Luhaga Mpina de l'ACT a-t-il été disqualifié de la participation aux élections générales tanzaniennes de 2025 ?	15 septembre	When was Luhaga Mpina of ACT disqualified from participating in the 2025 Tanzanian general elections?	September 15
fr	fr:004:ar_lebanon_device_attacks_hq_strike__reaction_by_country_or_org__006__target__ar_lebanon_device_attacks_hq_strike_target_reaction_5__fr__surface_002	ar_lebanon_device_attacks_hq_strike__reaction_by_country_or_org__006__target__ar_lebanon_device_attacks_hq_strike_target_reaction_5__fr__surface_002	ar_lebanon_device_attacks_hq_strike__reaction_by_country_or_org__006__target__ar_lebanon_device_attacks_hq_strike_target_reaction_5__en__surface_002	ar_lebanon_device_attacks_hq_strike	ar_lebanon_device_attacks_hq_strike__reaction_by_country_or_org__006	target	surface	reaction_by_country_or_org	True	ok	none	5	5	5	5	Accurate and fluent translation.	Following the 2024 Lebanon electronic device attacks, which country's leader reacted by criticizing Israel?	Turkey	À la suite des attaques aux appareils électroniques de 2024 au Liban, le dirigeant de quel pays a réagi en critiquant Israël ?	Turquie	Following the 2024 electronic device attacks in Lebanon, the leader of which country reacted by criticizing Israel?	Turkey
fr	fr:005:bn_noncooperation_interim_government__key_figures__013__neighbor__bn_noncooperation_interim_government_neighbor_neighbor_key_figures_6__fr__surface_003	bn_noncooperation_interim_government__key_figures__013__neighbor__bn_noncooperation_interim_government_neighbor_neighbor_key_figures_6__fr__surface_003	bn_noncooperation_interim_government__key_figures__013__neighbor__bn_noncooperation_interim_government_neighbor_neighbor_key_figures_6__en__surface_003	bn_noncooperation_interim_government	bn_noncooperation_interim_government__key_figures__013	neighbor	surface	key_figures	True	ok	none	5	5	5	5	Accurate and fluent translation.	The committee tasked with drafting a white paper on the economy of Bangladesh was headed by which economist?	Debapriya Bhattacharya	Par quel économiste était dirigé le comité chargé de rédiger un livre blanc sur l'économie du Bangladesh ?	Debapriya Bhattacharya	By which economist was the committee tasked with drafting a white paper on the economy of Bangladesh led?	Debapriya Bhattacharya
fr	fr:006:zh_night_ride_kaifeng_henan_cuisine__has_notable_instance__003__neighbor__zh_night_ride_kaifeng_henan_cuisine_neighbor_7__fr__core	zh_night_ride_kaifeng_henan_cuisine__has_notable_instance__003__neighbor__zh_night_ride_kaifeng_henan_cuisine_neighbor_7__fr__core	zh_night_ride_kaifeng_henan_cuisine__has_notable_instance__003__neighbor__zh_night_ride_kaifeng_henan_cuisine_neighbor_7__en__core	zh_night_ride_kaifeng_henan_cuisine	zh_night_ride_kaifeng_henan_cuisine__has_notable_instance__003	neighbor	core	has_notable_instance	True	ok	none	5	5	5	5	Accurate and fluent translation.	What is a notable spicy soup typically eaten for breakfast in Henan cuisine?	Hulatang	Quelle soupe épicée notable est généralement consommée au petit-déjeuner dans la cuisine du Henan ?	Hulatang	What notable spicy soup is generally consumed for breakfast in Henan cuisine?	Hulatang
fr	fr:007:bn_anti_hindu_violence_national_citizen_party__target_demographic__002__neighbor__bn_anti_hindu_violence_national_citizen_party_neighbor_neighbor_target_demographic_2__fr__core	bn_anti_hindu_violence_national_citizen_party__target_demographic__002__neighbor__bn_anti_hindu_violence_national_citizen_party_neighbor_neighbor_target_demographic_2__fr__core	bn_anti_hindu_violence_national_citizen_party__target_demographic__002__neighbor__bn_anti_hindu_violence_national_citizen_party_neighbor_neighbor_target_demographic_2__en__core	bn_anti_hindu_violence_national_citizen_party	bn_anti_hindu_violence_national_citizen_party__target_demographic__002	neighbor	core	target_demographic	True	ok	none	5	5	5	5	Accurate and fluent translation.	Which generational demographic includes the key protest leaders of the National Citizen Party?	Gen Z	Quelle génération comprend les principaux leaders de la contestation du National Citizen Party ?	Génération Z	Which generation includes the main leaders of the National Citizen Party protest?	Generation Z
fr	fr:008:de_solingen_stabbing_magdeburg_attack__criminal_charge__014__target__de_solingen_stabbing_magdeburg_attack_target_de_solingen_stabbing_charge_2__fr__surface_003	de_solingen_stabbing_magdeburg_attack__criminal_charge__014__target__de_solingen_stabbing_magdeburg_attack_target_de_solingen_stabbing_charge_2__fr__surface_003	de_solingen_stabbing_magdeburg_attack__criminal_charge__014__target__de_solingen_stabbing_magdeburg_attack_target_de_solingen_stabbing_charge_2__en__surface_003	de_solingen_stabbing_magdeburg_attack	de_solingen_stabbing_magdeburg_attack__criminal_charge__014	target	surface	criminal_charge	True	ok	none	5	5	5	5	Accurate and fluent translation.	Al Hassan faced what criminal charge for his involvement in the 2024 Solingen stabbing?	attempted murder	À quelle accusation criminelle Al Hassan a-t-il fait face pour son implication dans l'attaque au couteau de Solingen en 2024 ?	tentative de meurtre	What criminal charge did Al Hassan face for his involvement in the 2024 Solingen stabbing attack?	attempted murder
fr	fr:009:de_munich_car_attack_federal_election__involved_person__009__neighbor__de_munich_car_attack_federal_election_neighbor_neighbor_involved_person_2__fr__surface_001	de_munich_car_attack_federal_election__involved_person__009__neighbor__de_munich_car_attack_federal_election_neighbor_neighbor_involved_person_2__fr__surface_001	de_munich_car_attack_federal_election__involved_person__009__neighbor__de_munich_car_attack_federal_election_neighbor_neighbor_involved_person_2__en__surface_001	de_munich_car_attack_federal_election	de_munich_car_attack_federal_election__involved_person__009	neighbor	surface	involved_person	True	ok	none	5	5	5	5	Accurate and fluent translation.	Which individual played a role in the 2025 German federal election?	Friedrich Merz	Quel individu a joué un rôle dans les élections fédérales allemandes de 2025 ?	Friedrich Merz	Which individual played a role in the 2025 German federal elections?	Friedrich Merz
fr	fr:010:fr_olympics_opening_closing_ceremony__dignitary_present__008__target__fr_olympics_opening_closing_ceremony_target_target_dignitary_present_1__fr__core	fr_olympics_opening_closing_ceremony__dignitary_present__008__target__fr_olympics_opening_closing_ceremony_target_target_dignitary_present_1__fr__core	fr_olympics_opening_closing_ceremony__dignitary_present__008__target__fr_olympics_opening_closing_ceremony_target_target_dignitary_present_1__en__core	fr_olympics_opening_closing_ceremony	fr_olympics_opening_closing_ceremony__dignitary_present__008	target	core	dignitary_present	True	ok	none	5	5	5	5	Accurate and fluent translation.	Who formally opened the 2024 Summer Olympics during the opening ceremony?	Emmanuel Macron	Qui a officiellement ouvert les Jeux olympiques d'été de 2024 lors de la cérémonie d'ouverture ?	Emmanuel Macron	Who officially opened the 2024 Summer Olympics during the opening ceremony?	Emmanuel Macron
fr	fr:011:ar_syrian_offensives_transitional_government__leadership_role__007__target__ar_syrian_offensives_transitional_government_target_target_leadership_3__fr__surface_001	ar_syrian_offensives_transitional_government__leadership_role__007__target__ar_syrian_offensives_transitional_government_target_target_leadership_3__fr__surface_001	ar_syrian_offensives_transitional_government__leadership_role__007__target__ar_syrian_offensives_transitional_government_target_target_leadership_3__en__surface_001	ar_syrian_offensives_transitional_government	ar_syrian_offensives_transitional_government__leadership_role__007	target	surface	leadership_role	True	ok	none	5	5	5	5	Accurate and natural translation.	Which Syrian leader escaped Damascus and received asylum in Russia during the 2024 opposition offensives?	Bashar al-Assad	Quel dirigeant syrien s'est échappé de Damas et a reçu l'asile en Russie lors des offensives de l'opposition de 2024 ?	Bachar al-Assad	Which Syrian leader escaped from Damascus and received asylum in Russia during the 2024 opposition offensives?	Bashar al-Assad
fr	fr:012:es_catatumbo_clashes_ecuador_election__location__003__target__es_catatumbo_clashes_ecuador_election_target_target_location_1__fr__surface_003	es_catatumbo_clashes_ecuador_election__location__003__target__es_catatumbo_clashes_ecuador_election_target_target_location_1__fr__surface_003	es_catatumbo_clashes_ecuador_election__location__003__target__es_catatumbo_clashes_ecuador_election_target_target_location_1__en__surface_003	es_catatumbo_clashes_ecuador_election	es_catatumbo_clashes_ecuador_election__location__003	target	surface	location	True	ok	none	5	5	5	5	Accurate and natural translation.	What region was the site of the 2025 clashes between the ELN and FARC dissidents?	Catatumbo region	Quelle région a été le lieu des affrontements de 2025 entre l'ELN et les dissidents des FARC ?	Région du Catatumbo	Which region was the site of the 2025 clashes between the ELN and FARC dissidents?	Catatumbo Region
fr	fr:013:de_solingen_stabbing_magdeburg_attack__criminal_charge__013__neighbor__de_solingen_stabbing_magdeburg_attack_neighbor_de_magdeburg_attack_charge_2__fr__surface_002	de_solingen_stabbing_magdeburg_attack__criminal_charge__013__neighbor__de_solingen_stabbing_magdeburg_attack_neighbor_de_magdeburg_attack_charge_2__fr__surface_002	de_solingen_stabbing_magdeburg_attack__criminal_charge__013__neighbor__de_solingen_stabbing_magdeburg_attack_neighbor_de_magdeburg_attack_charge_2__en__surface_002	de_solingen_stabbing_magdeburg_attack	de_solingen_stabbing_magdeburg_attack__criminal_charge__013	neighbor	surface	criminal_charge	True	ok	none	5	5	5	5	Accurate and natural translation.	Which criminal charge was brought against the perpetrator of the 2024 Magdeburg car attack?	attempted murder	Quel chef d'accusation a été retenu contre l'auteur de l'attaque à la voiture de Magdebourg en 2024 ?	tentative de meurtre	What charge was brought against the perpetrator of the 2024 Magdeburg car attack?	attempted murder
fr	fr:014:ja_mof_protests_house_councillors__economic_policy_mentioned__011__target__ja_mof_protests_house_councillors_target_target_economic_policy_2__fr__surface_001	ja_mof_protests_house_councillors__economic_policy_mentioned__011__target__ja_mof_protests_house_councillors_target_target_economic_policy_2__fr__surface_001	ja_mof_protests_house_councillors__economic_policy_mentioned__011__target__ja_mof_protests_house_councillors_target_target_economic_policy_2__en__surface_001	ja_mof_protests_house_councillors	ja_mof_protests_house_councillors__economic_policy_mentioned__011	target	surface	economic_policy_mentioned	True	ok	none	5	5	5	5	Accurate and natural translation.	Which tax threshold did the DPFP want to raise in the context of the 2025 Ministry of Finance protests?	income tax	Le seuil de quel impôt le DPFP souhaitait-il relever dans le contexte des manifestations de 2025 au ministère des Finances ?	impôt sur le revenu	The threshold of which tax did the DPFP want to raise in the context of the 2025 protests at the Ministry of Finance?	income tax
fr	fr:015:ja_hyuga_nada_earthquake_expo_pavilions__infrastructure_or_building_involved__004__target__ja_hyuga_nada_earthquake_expo_pavilions_target_target_infrastructure_1__fr__core	ja_hyuga_nada_earthquake_expo_pavilions__infrastructure_or_building_involved__004__target__ja_hyuga_nada_earthquake_expo_pavilions_target_target_infrastructure_1__fr__core	ja_hyuga_nada_earthquake_expo_pavilions__infrastructure_or_building_involved__004__target__ja_hyuga_nada_earthquake_expo_pavilions_target_target_infrastructure_1__en__core	ja_hyuga_nada_earthquake_expo_pavilions	ja_hyuga_nada_earthquake_expo_pavilions__infrastructure_or_building_involved__004	target	core	infrastructure_or_building_involved	True	ok	none	5	5	5	5	Accurate and natural translation.	Which airport received minor damage during the 2024 Hyūga-nada earthquake?	Miyazaki Airport	Quel aéroport a subi des dégâts mineurs lors du séisme de Hyūga-nada de 2024 ?	Aéroport de Miyazaki	Which airport suffered minor damage during the 2024 Hyūga-nada earthquake?	Miyazaki Airport
fr	fr:016:es_venezuela_protests_presidential_election__event_location__007__target__es_venezuela_protests_presidential_election_target_target_event_location_6__fr__core	es_venezuela_protests_presidential_election__event_location__007__target__es_venezuela_protests_presidential_election_target_target_event_location_6__fr__core	es_venezuela_protests_presidential_election__event_location__007__target__es_venezuela_protests_presidential_election_target_target_event_location_6__en__core	es_venezuela_protests_presidential_election	es_venezuela_protests_presidential_election__event_location__007	target	core	event_location	True	ok	none	5	5	5	5	Good translation. 'Rassemblements' is a good stylistic choice to avoid repeating the root word for 'protests' later in the sentence.	In which city were demonstrations dispersed with tear gas early in the day during the 2024 Venezuelan presidential election protests?	Maracay	Dans quelle ville des rassemblements ont-ils été dispersés au gaz lacrymogène en début de journée lors des manifestations de l'élection présidentielle vénézuélienne de 2024 ?	Maracay	In which city were gatherings dispersed with tear gas early in the day during the 2024 Venezuelan presidential election protests?	Maracay
fr	fr:017:de_munich_car_attack_federal_election__involved_organization__014__target__de_munich_car_attack_federal_election_target_target_involved_organization_3__fr__surface_001	de_munich_car_attack_federal_election__involved_organization__014__target__de_munich_car_attack_federal_election_target_target_involved_organization_3__fr__surface_001	de_munich_car_attack_federal_election__involved_organization__014__target__de_munich_car_attack_federal_election_target_target_involved_organization_3__en__surface_001	de_munich_car_attack_federal_election	de_munich_car_attack_federal_election__involved_organization__014	target	surface	involved_organization	True	ok	none	5	5	5	5	Accurate and natural translation.	Who employed the workers that took part in the protest during the 2025 Munich car attack?	Stadtwerke München	Qui employait les travailleurs qui ont participé à la manifestation lors de l'attaque à la voiture de Munich en 2025 ?	Stadtwerke München	Who employed the workers who participated in the demonstration during the Munich car attack in 2025?	Stadtwerke München
fr	fr:018:es_venezuela_crisis_uruguay_election__international_reaction_country__008__target__es_venezuela_crisis_uruguay_election_target_target_intl_reaction_8__fr__surface_002	es_venezuela_crisis_uruguay_election__international_reaction_country__008__target__es_venezuela_crisis_uruguay_election_target_target_intl_reaction_8__fr__surface_002	es_venezuela_crisis_uruguay_election__international_reaction_country__008__target__es_venezuela_crisis_uruguay_election_target_target_intl_reaction_8__en__surface_002	es_venezuela_crisis_uruguay_election	es_venezuela_crisis_uruguay_election__international_reaction_country__008	target	surface	international_reaction_country	True	ok	none	5	5	5	5	Accurate and natural translation.	Name the country that responded to the 2024 Venezuelan political crisis by rejecting the election results and requesting a full vote count.	Colombia	Nommez le pays qui a réagi à la crise politique vénézuélienne de 2024 en rejetant les résultats de l'élection et en demandant un décompte total des voix.	Colombie	Name the country that reacted to the 2024 Venezuelan political crisis by rejecting the election results and demanding a full recount of the votes.	Colombia
fr	fr:019:sw_tanzania_protests_general_election__event_date__015__target__sw_tanzania_protests_general_election_target_target_date_3__fr__surface_003	sw_tanzania_protests_general_election__event_date__015__target__sw_tanzania_protests_general_election_target_target_date_3__fr__surface_003	sw_tanzania_protests_general_election__event_date__015__target__sw_tanzania_protests_general_election_target_target_date_3__en__surface_003	sw_tanzania_protests_general_election	sw_tanzania_protests_general_election__event_date__015	target	surface	event_date	True	ok	none	5	5	5	5	Accurate and natural translation, correctly using the French acronym CADHP.	The reaction from the ACHPR regarding the reported killings in the 2025 Tanzanian election protests occurred on what date?	1 November	La réaction de la CADHP concernant les meurtres signalés lors des manifestations électorales de 2025 en Tanzanie a eu lieu à quelle date ?	1er novembre	The reaction of the ACHPR regarding the reported murders during the 2025 election protests in Tanzania took place on what date?	November 1
fr	fr:020:ar_haniyeh_assassination_masoud_pezeshkian__associated_person__011__target__ar_haniyeh_assassination_masoud_pezeshkian_target_5__fr__surface_002	ar_haniyeh_assassination_masoud_pezeshkian__associated_person__011__target__ar_haniyeh_assassination_masoud_pezeshkian_target_5__fr__surface_002	ar_haniyeh_assassination_masoud_pezeshkian__associated_person__011__target__ar_haniyeh_assassination_masoud_pezeshkian_target_5__en__surface_002	ar_haniyeh_assassination_masoud_pezeshkian	ar_haniyeh_assassination_masoud_pezeshkian__associated_person__011	target	surface	associated_person	True	ok	none	5	5	5	5	Accurate and natural translation.	Israel carried out an assassination attempt against which Hamas military commander?	Mohammed Deif	Contre quel commandant militaire du Hamas Israël a-t-il mené une tentative d'assassinat ?	Mohammed Deif	Against which Hamas military commander did Israel carry out an assassination attempt?	Mohammed Deif
fr	fr:021:fr_imane_khelif_olympic_boxing__location_or_venue__009__neighbor__fr_imane_khelif_olympic_boxing_neighbor_17__fr__surface_002	fr_imane_khelif_olympic_boxing__location_or_venue__009__neighbor__fr_imane_khelif_olympic_boxing_neighbor_17__fr__surface_002	fr_imane_khelif_olympic_boxing__location_or_venue__009__neighbor__fr_imane_khelif_olympic_boxing_neighbor_17__en__surface_002	fr_imane_khelif_olympic_boxing	fr_imane_khelif_olympic_boxing__location_or_venue__009	neighbor	surface	location_or_venue	True	ok	none	5	5	5	5	Accurate and fluent translation.	At what location did the preliminary boxing bouts take place during the 2024 Olympics?	Arena Paris Nord	À quel endroit se sont déroulés les combats de boxe préliminaires lors des Jeux olympiques de 2024 ?	Arena Paris Nord	Where did the preliminary boxing matches take place during the 2024 Olympic Games?	Arena Paris Nord
fr	fr:022:th_political_crisis_same_sex_marriage__key_figure__007__target__th_political_crisis_same_sex_marriage_target_th_political_crisis_2025_key_figure_4__fr__surface_002	th_political_crisis_same_sex_marriage__key_figure__007__target__th_political_crisis_same_sex_marriage_target_th_political_crisis_2025_key_figure_4__fr__surface_002	th_political_crisis_same_sex_marriage__key_figure__007__target__th_political_crisis_same_sex_marriage_target_th_political_crisis_2025_key_figure_4__en__surface_002	th_political_crisis_same_sex_marriage	th_political_crisis_same_sex_marriage__key_figure__007	target	surface	key_figure	True	ok	none	5	5	5	5	Accurate and grammatically sound.	Name the person who headed the Thai coalition government established after the 2023 elections before being ousted.	Srettha Thavisin	Nommez la personne qui a dirigé le gouvernement de coalition thaïlandais établi après les élections de 2023 avant d'être destituée.	Srettha Thavisin	Name the person who led the Thai coalition government established after the 2023 elections before being dismissed.	Srettha Thavisin
fr	fr:023:sw_goma_offensive_drc_rwanda_peace__involved_country__005__target__sw_goma_offensive_drc_rwanda_peace_target_target_card_1__fr__surface_002	sw_goma_offensive_drc_rwanda_peace__involved_country__005__target__sw_goma_offensive_drc_rwanda_peace_target_target_card_1__fr__surface_002	sw_goma_offensive_drc_rwanda_peace__involved_country__005__target__sw_goma_offensive_drc_rwanda_peace_target_target_card_1__en__surface_002	sw_goma_offensive_drc_rwanda_peace	sw_goma_offensive_drc_rwanda_peace__involved_country__005	target	surface	involved_country	True	ok	none	5	5	5	5	Accurate translation.	The 2025 Goma offensive received support from which state?	Rwanda	De quel État l'offensive de Goma de 2025 a-t-elle reçu le soutien ?	Rwanda	From which state did the 2025 Goma offensive receive support?	Rwanda
fr	fr:024:sw_tanzania_protests_general_election__casualty_report__006__target__sw_tanzania_protests_general_election_target_target_casualty_3__fr__surface_003	sw_tanzania_protests_general_election__casualty_report__006__target__sw_tanzania_protests_general_election_target_target_casualty_3__fr__surface_003	sw_tanzania_protests_general_election__casualty_report__006__target__sw_tanzania_protests_general_election_target_target_casualty_3__en__surface_003	sw_tanzania_protests_general_election	sw_tanzania_protests_general_election__casualty_report__006	target	surface	casualty_report	True	ok	none	5	5	5	5	Accurate translation with correct localized number formatting.	On November 5, Chadema stated that the number of people killed in the 2025 Tanzanian election protests had reached what figure?	2,000	Le 5 novembre, le Chadema a déclaré que le nombre de personnes tuées lors des manifestations électorales tanzaniennes de 2025 avait atteint quel chiffre ?	2 000	On November 5, Chadema stated that the number of people killed during the 2025 Tanzanian election protests had reached what figure?	2,000
fr	fr:025:de_solingen_stabbing_magdeburg_attack__attack_location__003__neighbor__de_solingen_stabbing_magdeburg_attack_neighbor_de_magdeburg_attack_location_3__fr__surface_003	de_solingen_stabbing_magdeburg_attack__attack_location__003__neighbor__de_solingen_stabbing_magdeburg_attack_neighbor_de_magdeburg_attack_location_3__fr__surface_003	de_solingen_stabbing_magdeburg_attack__attack_location__003__neighbor__de_solingen_stabbing_magdeburg_attack_neighbor_de_magdeburg_attack_location_3__en__surface_003	de_solingen_stabbing_magdeburg_attack	de_solingen_stabbing_magdeburg_attack__attack_location__003	neighbor	surface	attack_location	True	ok	none	5	5	5	5	Accurate and fluent translation.	What is the name of the state where the 2024 Magdeburg car attack unfolded?	Saxony-Anhalt	Quel est le nom de l'État où s'est déroulée l'attaque à la voiture de Magdebourg en 2024 ?	Saxe-Anhalt	What is the name of the state where the 2024 Magdeburg car attack took place?	Saxony-Anhalt
fr	fr:026:sw_goma_offensive_drc_rwanda_peace__key_figure__013__neighbor__sw_goma_offensive_drc_rwanda_peace_neighbor_neighbor_card_16__fr__core	sw_goma_offensive_drc_rwanda_peace__key_figure__013__neighbor__sw_goma_offensive_drc_rwanda_peace_neighbor_neighbor_card_16__fr__core	sw_goma_offensive_drc_rwanda_peace__key_figure__013__neighbor__sw_goma_offensive_drc_rwanda_peace_neighbor_neighbor_card_16__en__core	sw_goma_offensive_drc_rwanda_peace	sw_goma_offensive_drc_rwanda_peace__key_figure__013	neighbor	core	key_figure	True	ok	none	5	5	5	5	Accurate and fluent.	Which U.S. president presided over the signing of the Washington Peace Accords?	Donald Trump	Quel président américain a présidé la signature des accords de paix de Washington ?	Donald Trump	Which American president presided over the signing of the Washington peace agreements?	Donald Trump
fr	fr:027:de_aschaffenburg_stabbing_merz_cabinet__participant__013__target__de_aschaffenburg_stabbing_merz_cabinet_target_target_participant_6__fr__surface_003	de_aschaffenburg_stabbing_merz_cabinet__participant__013__target__de_aschaffenburg_stabbing_merz_cabinet_target_target_participant_6__fr__surface_003	de_aschaffenburg_stabbing_merz_cabinet__participant__013__target__de_aschaffenburg_stabbing_merz_cabinet_target_target_participant_6__en__surface_003	de_aschaffenburg_stabbing_merz_cabinet	de_aschaffenburg_stabbing_merz_cabinet__participant__013	target	surface	participant	True	ok	none	5	5	5	5	Accurate translation.	Who was among the attendees of the public memorial service at Aschaffenburg's Stiftskirche?	Nancy Faeser	Qui figurait parmi les participants à la cérémonie commémorative publique de la Stiftskirche d'Aschaffenbourg ?	Nancy Faeser	Who was among the participants at the public memorial ceremony of the Stiftskirche in Aschaffenburg?	Nancy Faeser
fr	fr:028:en_brian_thompson_killing_luigi_mangione__legal_charges__004__neighbor__en_brian_thompson_killing_luigi_mangione_neighbor_neighbor_legal_charges_3__fr__surface_002	en_brian_thompson_killing_luigi_mangione__legal_charges__004__neighbor__en_brian_thompson_killing_luigi_mangione_neighbor_neighbor_legal_charges_3__fr__surface_002	en_brian_thompson_killing_luigi_mangione__legal_charges__004__neighbor__en_brian_thompson_killing_luigi_mangione_neighbor_neighbor_legal_charges_3__en__surface_002	en_brian_thompson_killing_luigi_mangione	en_brian_thompson_killing_luigi_mangione__legal_charges__004	neighbor	surface	legal_charges	True	ok	none	5	5	5	5	Accurate translation, properly rendering 'stalking' in a legal context.	Luigi Mangione's federal indictment included charges for what crime?	stalking	L'acte d'accusation fédéral de Luigi Mangione incluait des chefs d'accusation pour quel crime ?	harcèlement	The federal indictment of Luigi Mangione included charges for what crime?	harassment
fr	fr:029:ar_syrian_offensives_transitional_government__key_location__001__neighbor__ar_syrian_offensives_transitional_government_neighbor_neighbor_location_1__fr__surface_002	ar_syrian_offensives_transitional_government__key_location__001__neighbor__ar_syrian_offensives_transitional_government_neighbor_neighbor_location_1__fr__surface_002	ar_syrian_offensives_transitional_government__key_location__001__neighbor__ar_syrian_offensives_transitional_government_neighbor_neighbor_location_1__en__surface_002	ar_syrian_offensives_transitional_government	ar_syrian_offensives_transitional_government__key_location__001	neighbor	surface	key_location	True	ok	none	5	5	5	5	Accurate and fluent translation.	What city hosted the ceremony announcing the formation of the Syrian transitional government?	Damascus	Quelle ville a accueilli la cérémonie annonçant la formation du gouvernement de transition syrien ?	Damas	Which city hosted the ceremony announcing the formation of the Syrian transitional government?	Damascus
fr	fr:030:fr_imane_khelif_olympic_boxing__associated_competition__012__neighbor__fr_imane_khelif_olympic_boxing_neighbor_2__fr__surface_001	fr_imane_khelif_olympic_boxing__associated_competition__012__neighbor__fr_imane_khelif_olympic_boxing_neighbor_2__fr__surface_001	fr_imane_khelif_olympic_boxing__associated_competition__012__neighbor__fr_imane_khelif_olympic_boxing_neighbor_2__en__surface_001	fr_imane_khelif_olympic_boxing	fr_imane_khelif_olympic_boxing__associated_competition__012	neighbor	surface	associated_competition	True	ok	none	5	5	5	5	Accurate and natural translation.	What event served as a qualifying tournament for boxers to secure quota spots for the 2024 Olympics?	European Games	Quel événement a servi de tournoi de qualification pour les boxeurs afin d'obtenir des places de quota pour les Jeux olympiques de 2024 ?	Jeux européens	Which event served as a qualification tournament for boxers to obtain quota places for the 2024 Olympic Games?	European Games
fr	fr:031:sw_goma_offensive_drc_rwanda_peace__involved_country__007__target__sw_goma_offensive_drc_rwanda_peace_target_target_card_5__fr__surface_002	sw_goma_offensive_drc_rwanda_peace__involved_country__007__target__sw_goma_offensive_drc_rwanda_peace_target_target_card_5__fr__surface_002	sw_goma_offensive_drc_rwanda_peace__involved_country__007__target__sw_goma_offensive_drc_rwanda_peace_target_target_card_5__en__surface_002	sw_goma_offensive_drc_rwanda_peace	sw_goma_offensive_drc_rwanda_peace__involved_country__007	target	surface	involved_country	True	ok	none	5	5	5	5	Accurate and fluent.	The 2025 Goma offensive prompted which country to announce military deployments along its border with eastern Congo?	Uganda	Quel pays l'offensive de Goma de 2025 a-t-elle incité à annoncer des déploiements militaires le long de sa frontière avec l'est du Congo ?	Ouganda	Which country did the 2025 Goma offensive prompt to announce military deployments along its border with eastern Congo?	Uganda
fr	fr:032:th_political_crisis_same_sex_marriage__involved_organization__011__target__th_political_crisis_same_sex_marriage_target_th_political_crisis_2025_involved_organization_4__fr__surface_001	th_political_crisis_same_sex_marriage__involved_organization__011__target__th_political_crisis_same_sex_marriage_target_th_political_crisis_2025_involved_organization_4__fr__surface_001	th_political_crisis_same_sex_marriage__involved_organization__011__target__th_political_crisis_same_sex_marriage_target_th_political_crisis_2025_involved_organization_4__en__surface_001	th_political_crisis_same_sex_marriage	th_political_crisis_same_sex_marriage__involved_organization__011	target	surface	involved_organization	True	ok	none	5	5	5	5	Accurate and fluent.	What organization played the role of kingmaker in the 2025 political crisis in Thailand?	People's Party	Quelle organisation a joué le rôle de faiseur de rois lors de la crise politique de 2025 en Thaïlande ?	Parti du peuple	Which organization played the role of kingmaker during the 2025 political crisis in Thailand?	People's Party
fr	fr:033:es_venezuela_crisis_uruguay_election__international_reaction_country__007__target__es_venezuela_crisis_uruguay_election_target_target_intl_reaction_7__fr__surface_003	es_venezuela_crisis_uruguay_election__international_reaction_country__007__target__es_venezuela_crisis_uruguay_election_target_target_intl_reaction_7__fr__surface_003	es_venezuela_crisis_uruguay_election__international_reaction_country__007__target__es_venezuela_crisis_uruguay_election_target_target_intl_reaction_7__en__surface_003	es_venezuela_crisis_uruguay_election	es_venezuela_crisis_uruguay_election__international_reaction_country__007	target	surface	international_reaction_country	True	ok	none	5	5	5	5	Accurate and fluent.	What country's government insisted on counting every vote and releasing the comprehensive vote tally amidst the 2024 Venezuelan political crisis?	Brazil	Le gouvernement de quel pays a insisté pour compter chaque vote et publier le décompte complet des voix lors de la crise politique vénézuélienne de 2024 ?	Brésil	The government of which country insisted on counting every vote and publishing the full vote count during the 2024 Venezuelan political crisis?	Brazil
fr	fr:034:bn_hasina_resignation_2026_election__significant_date__014__neighbor__bn_hasina_resignation_2026_election_neighbor_18__fr__core	bn_hasina_resignation_2026_election__significant_date__014__neighbor__bn_hasina_resignation_2026_election_neighbor_18__fr__core	bn_hasina_resignation_2026_election__significant_date__014__neighbor__bn_hasina_resignation_2026_election_neighbor_18__en__core	bn_hasina_resignation_2026_election	bn_hasina_resignation_2026_election__significant_date__014	neighbor	core	significant_date	True	ok	none	5	5	5	5	Accurate and fluent.	On what date did the International Crimes Tribunal rule that Sheikh Hasina was guilty of war crimes?	17 November 2025	À quelle date le Tribunal international des crimes a-t-il déclaré Sheikh Hasina coupable de crimes de guerre ?	17 novembre 2025	On what date did the International Crimes Tribunal declare Sheikh Hasina guilty of war crimes?	November 17, 2025
fr	fr:035:en_brian_thompson_killing_luigi_mangione__involved_legal_figures__015__neighbor__en_brian_thompson_killing_luigi_mangione_neighbor_neighbor_involved_legal_figures_3__fr__surface_002	en_brian_thompson_killing_luigi_mangione__involved_legal_figures__015__neighbor__en_brian_thompson_killing_luigi_mangione_neighbor_neighbor_involved_legal_figures_3__fr__surface_002	en_brian_thompson_killing_luigi_mangione__involved_legal_figures__015__neighbor__en_brian_thompson_killing_luigi_mangione_neighbor_neighbor_involved_legal_figures_3__en__surface_002	en_brian_thompson_killing_luigi_mangione	en_brian_thompson_killing_luigi_mangione__involved_legal_figures__015	neighbor	surface	involved_legal_figures	True	ok	none	5	5	5	5	Accurate and fluent.	Name the Attorney General who stated that the death penalty would be sought in the federal case of Luigi Mangione.	Pam Bondi	Nommez le procureur général qui a déclaré que la peine de mort serait requise dans l'affaire fédérale de Luigi Mangione.	Pam Bondi	Name the attorney general who stated that the death penalty would be sought in the federal case of Luigi Mangione.	Pam Bondi
fr	fr:036:th_cambodian_border_crisis_myanmar_earthquake__international_response_entity__001__target__th_cambodian_border_crisis_myanmar_earthquake_target_th_cambodian_border_crisis_org_1__fr__surface_002	th_cambodian_border_crisis_myanmar_earthquake__international_response_entity__001__target__th_cambodian_border_crisis_myanmar_earthquake_target_th_cambodian_border_crisis_org_1__fr__surface_002	th_cambodian_border_crisis_myanmar_earthquake__international_response_entity__001__target__th_cambodian_border_crisis_myanmar_earthquake_target_th_cambodian_border_crisis_org_1__en__surface_002	th_cambodian_border_crisis_myanmar_earthquake	th_cambodian_border_crisis_myanmar_earthquake__international_response_entity__001	target	surface	international_response_entity	True	ok	none	5	5	5	5	Accurate and fluent.	What country stepped in to act as the mediator for the 2025 ceasefire negotiations between Cambodia and Thailand?	Malaysia	Quel pays est intervenu pour agir en tant que médiateur lors des négociations de cessez-le-feu de 2025 entre le Cambodge et la Thaïlande ?	Malaisie	Which country intervened to act as a mediator during the 2025 ceasefire negotiations between Cambodia and Thailand?	Malaysia
fr	fr:037:ja_hyuga_nada_earthquake_expo_pavilions__affected_or_involved_region__001__neighbor__ja_hyuga_nada_earthquake_expo_pavilions_neighbor_neighbor_affected_region_1__fr__surface_003	ja_hyuga_nada_earthquake_expo_pavilions__affected_or_involved_region__001__neighbor__ja_hyuga_nada_earthquake_expo_pavilions_neighbor_neighbor_affected_region_1__fr__surface_003	ja_hyuga_nada_earthquake_expo_pavilions__affected_or_involved_region__001__neighbor__ja_hyuga_nada_earthquake_expo_pavilions_neighbor_neighbor_affected_region_1__en__surface_003	ja_hyuga_nada_earthquake_expo_pavilions	ja_hyuga_nada_earthquake_expo_pavilions__affected_or_involved_region__001	neighbor	surface	affected_or_involved_region	True	ok	none	5	5	5	5	Accurate and fluent.	Which state announced its withdrawal from the Expo 2025 pavilions?	Greece	Quel État a annoncé son retrait des pavillons de l'Expo 2025 ?	Grèce	Which state announced its withdrawal from the Expo 2025 pavilions?	Greece
fr	fr:038:fr_imane_khelif_olympic_boxing__event_year__006__neighbor__fr_imane_khelif_olympic_boxing_neighbor_15__fr__surface_003	fr_imane_khelif_olympic_boxing__event_year__006__neighbor__fr_imane_khelif_olympic_boxing_neighbor_15__fr__surface_003	fr_imane_khelif_olympic_boxing__event_year__006__neighbor__fr_imane_khelif_olympic_boxing_neighbor_15__en__surface_003	fr_imane_khelif_olympic_boxing	fr_imane_khelif_olympic_boxing__event_year__006	neighbor	surface	event_year	True	ok	none	5	5	5	5	Accurate and fluent.	The previous edition of the Summer Olympics used for quota comparisons occurred in which year?	2020	L'édition précédente des Jeux olympiques d'été utilisée pour les comparaisons de quotas a eu lieu en quelle année ?	2020	The previous edition of the Summer Olympic Games used for quota comparisons took place in what year?	2020
fr	fr:039:es_catatumbo_clashes_ecuador_election__location__001__neighbor__es_catatumbo_clashes_ecuador_election_neighbor_neighbor_location_1__fr__surface_002	es_catatumbo_clashes_ecuador_election__location__001__neighbor__es_catatumbo_clashes_ecuador_election_neighbor_neighbor_location_1__fr__surface_002	es_catatumbo_clashes_ecuador_election__location__001__neighbor__es_catatumbo_clashes_ecuador_election_neighbor_neighbor_location_1__en__surface_002	es_catatumbo_clashes_ecuador_election	es_catatumbo_clashes_ecuador_election__location__001	neighbor	surface	location	True	ok	none	5	5	5	5	Accurate and correct, preserving the relative clause.	Name the city in the north of which ADN cancelled their party celebration following the first round results.	Quito	Nommez la ville dans le nord de laquelle l'ADN a annulé la célébration de son parti à la suite des résultats du premier tour.	Quito	Name the city in the north of which ADN cancelled its party celebration following the results of the first round.	Quito
fr	fr:040:zh_zhuhai_car_attack_wuxi_stabbing__casualty_count__004__target__zh_zhuhai_car_attack_wuxi_stabbing_target_zhuhai_cas_1__fr__surface_002	zh_zhuhai_car_attack_wuxi_stabbing__casualty_count__004__target__zh_zhuhai_car_attack_wuxi_stabbing_target_zhuhai_cas_1__fr__surface_002	zh_zhuhai_car_attack_wuxi_stabbing__casualty_count__004__target__zh_zhuhai_car_attack_wuxi_stabbing_target_zhuhai_cas_1__en__surface_002	zh_zhuhai_car_attack_wuxi_stabbing	zh_zhuhai_car_attack_wuxi_stabbing__casualty_count__004	target	surface	casualty_count	True	ok	none	5	5	5	5	Accurate and very natural translation using 'voiture-bélier'.	How many people were killed in the 2024 Zhuhai car attack?	38	Combien de personnes ont été tuées lors de l'attaque à la voiture-bélier de Zhuhai en 2024 ?	38	How many people were killed during the Zhuhai car-ramming attack in 2024?	38
fr	fr:041:th_cambodian_border_crisis_myanmar_earthquake__international_response_entity__005__neighbor__th_cambodian_border_crisis_myanmar_earthquake_neighbor_myanmar_earthquake_org_1__fr__surface_003	th_cambodian_border_crisis_myanmar_earthquake__international_response_entity__005__neighbor__th_cambodian_border_crisis_myanmar_earthquake_neighbor_myanmar_earthquake_org_1__fr__surface_003	th_cambodian_border_crisis_myanmar_earthquake__international_response_entity__005__neighbor__th_cambodian_border_crisis_myanmar_earthquake_neighbor_myanmar_earthquake_org_1__en__surface_003	th_cambodian_border_crisis_myanmar_earthquake	th_cambodian_border_crisis_myanmar_earthquake__international_response_entity__005	neighbor	surface	international_response_entity	True	ok	none	5	5	5	5	Accurate and natural translation.	Who gave 93 million dollars in humanitarian aid in response to the 2025 Myanmar earthquake?	United Nations	Qui a donné 93 millions de dollars d'aide humanitaire en réponse au séisme de 2025 au Myanmar ?	Nations Unies	Who gave 93 million dollars in humanitarian aid in response to the 2025 earthquake in Myanmar?	United Nations
fr	fr:042:en_tesla_vandalism_doge__employed_tactic__007__neighbor__en_tesla_vandalism_doge_neighbor_neighbor_employed_tactic_1__fr__surface_001	en_tesla_vandalism_doge__employed_tactic__007__neighbor__en_tesla_vandalism_doge_neighbor_neighbor_employed_tactic_1__fr__surface_001	en_tesla_vandalism_doge__employed_tactic__007__neighbor__en_tesla_vandalism_doge_neighbor_neighbor_employed_tactic_1__en__surface_001	en_tesla_vandalism_doge	en_tesla_vandalism_doge__employed_tactic__007	neighbor	surface	employed_tactic	True	ok	none	5	5	5	5	Accurate and natural translation.	What personnel action was carried out by Gavin Kliger at the CFPB?	mass layoffs	Quelle mesure concernant le personnel a été menée par Gavin Kliger au CFPB ?	licenciements massifs	What personnel measure was carried out by Gavin Kliger at the CFPB?	mass layoffs
fr	fr:043:en_tesla_vandalism_doge__key_person__005__neighbor__en_tesla_vandalism_doge_neighbor_neighbor_key_person_3__fr__surface_002	en_tesla_vandalism_doge__key_person__005__neighbor__en_tesla_vandalism_doge_neighbor_neighbor_key_person_3__fr__surface_002	en_tesla_vandalism_doge__key_person__005__neighbor__en_tesla_vandalism_doge_neighbor_neighbor_key_person_3__en__surface_002	en_tesla_vandalism_doge	en_tesla_vandalism_doge__key_person__005	neighbor	surface	key_person	True	ok	none	5	5	5	5	Accurate and natural translation.	Name the new GSA director who asked for administrator privileges for notify.gov and various other systems.	Thomas Shedd	Nommez le nouveau directeur de la GSA qui a demandé des privilèges d'administrateur pour notify.gov et divers autres systèmes.	Thomas Shedd	Name the new GSA director who requested administrator privileges for notify.gov and various other systems.	Thomas Shedd
fr	fr:044:sw_kenyan_protests_albert_ojwang__involved_person__008__neighbor__sw_kenyan_protests_albert_ojwang_neighbor_neighbor_involved_person_1__fr__core	sw_kenyan_protests_albert_ojwang__involved_person__008__neighbor__sw_kenyan_protests_albert_ojwang_neighbor_neighbor_involved_person_1__fr__core	sw_kenyan_protests_albert_ojwang__involved_person__008__neighbor__sw_kenyan_protests_albert_ojwang_neighbor_neighbor_involved_person_1__en__core	sw_kenyan_protests_albert_ojwang	sw_kenyan_protests_albert_ojwang__involved_person__008	neighbor	core	involved_person	True	ok	none	5	5	5	5	Accurate and natural translation.	Who is the wife of Albert Omondi Ojwang?	Nevnina Onyango	Qui est l'épouse d'Albert Omondi Ojwang ?	Nevnina Onyango	Who is the wife of Albert Omondi Ojwang?	Nevnina Onyango
fr	fr:045:zh_zhuhai_car_attack_wuxi_stabbing__incident_timeline__008__neighbor__zh_zhuhai_car_attack_wuxi_stabbing_neighbor_wuxi_time_2__fr__surface_003	zh_zhuhai_car_attack_wuxi_stabbing__incident_timeline__008__neighbor__zh_zhuhai_car_attack_wuxi_stabbing_neighbor_wuxi_time_2__fr__surface_003	zh_zhuhai_car_attack_wuxi_stabbing__incident_timeline__008__neighbor__zh_zhuhai_car_attack_wuxi_stabbing_neighbor_wuxi_time_2__en__surface_003	zh_zhuhai_car_attack_wuxi_stabbing	zh_zhuhai_car_attack_wuxi_stabbing__incident_timeline__008	neighbor	surface	incident_timeline	True	ok	none	5	5	5	5	Accurate and natural translation. 11:30 p.m. correctly localized to 23h30.	What was the reported time of arrest for the perpetrator of the 2024 Wuxi stabbing?	11:30 p.m.	Quelle était l'heure signalée de l'arrestation de l'auteur de l'attaque au couteau de Wuxi en 2024 ?	23h30	What was the reported time of the arrest of the perpetrator of the 2024 Wuxi stabbing attack?	23:30
fr	fr:046:ja_hyuga_nada_earthquake_expo_pavilions__infrastructure_or_building_involved__014__neighbor__ja_hyuga_nada_earthquake_expo_pavilions_neighbor_neighbor_infrastructure_3__fr__surface_003	ja_hyuga_nada_earthquake_expo_pavilions__infrastructure_or_building_involved__014__neighbor__ja_hyuga_nada_earthquake_expo_pavilions_neighbor_neighbor_infrastructure_3__fr__surface_003	ja_hyuga_nada_earthquake_expo_pavilions__infrastructure_or_building_involved__014__neighbor__ja_hyuga_nada_earthquake_expo_pavilions_neighbor_neighbor_infrastructure_3__en__surface_003	ja_hyuga_nada_earthquake_expo_pavilions	ja_hyuga_nada_earthquake_expo_pavilions__infrastructure_or_building_involved__014	neighbor	surface	infrastructure_or_building_involved	True	ok	none	5	5	5	5	Accurate and natural translation.	Name the pavilion that will be transported to Awaji Island once the expo is over.	Netherlands pavilion	Nommez le pavillon qui sera transporté sur l'île d'Awaji une fois l'exposition terminée.	Pavillon des Pays-Bas	Name the pavilion that will be transported to Awaji Island once the exhibition is finished.	Netherlands Pavilion
fr	fr:047:ar_haniyeh_assassination_masoud_pezeshkian__associated_country__004__target__ar_haniyeh_assassination_masoud_pezeshkian_target_14__fr__surface_003	ar_haniyeh_assassination_masoud_pezeshkian__associated_country__004__target__ar_haniyeh_assassination_masoud_pezeshkian_target_14__fr__surface_003	ar_haniyeh_assassination_masoud_pezeshkian__associated_country__004__target__ar_haniyeh_assassination_masoud_pezeshkian_target_14__en__surface_003	ar_haniyeh_assassination_masoud_pezeshkian	ar_haniyeh_assassination_masoud_pezeshkian__associated_country__004	target	surface	associated_country	True	ok	none	5	5	5	5	Accurate and natural translation.	What nation announced a day of mourning in response to the death of Ismail Haniyeh?	Turkey	Quelle nation a annoncé une journée de deuil en réponse à la mort d'Ismaïl Haniyeh ?	Turquie	Which nation announced a day of mourning in response to the death of Ismail Haniyeh?	Turkey
fr	fr:048:ar_haniyeh_assassination_masoud_pezeshkian__associated_person__007__neighbor__ar_haniyeh_assassination_masoud_pezeshkian_neighbor_1__fr__surface_003	ar_haniyeh_assassination_masoud_pezeshkian__associated_person__007__neighbor__ar_haniyeh_assassination_masoud_pezeshkian_neighbor_1__fr__surface_003	ar_haniyeh_assassination_masoud_pezeshkian__associated_person__007__neighbor__ar_haniyeh_assassination_masoud_pezeshkian_neighbor_1__en__surface_003	ar_haniyeh_assassination_masoud_pezeshkian	ar_haniyeh_assassination_masoud_pezeshkian__associated_person__007	neighbor	surface	associated_person	True	ok	none	5	5	5	5	Accurate and natural translation.	Who led the administration that Masoud Pezeshkian joined in the year 1997?	Mohammad Khatami	Qui dirigeait le gouvernement que Massoud Pezechkian a rejoint en 1997 ?	Mohammad Khatami	Who led the government that Masoud Pezeshkian joined in 1997?	Mohammad Khatami
fr	fr:049:ja_hyogo_gubernatorial_2025_ldp_presidential__candidate_background__009__neighbor__ja_hyogo_gubernatorial_2025_ldp_presidential_neighbor_neighbor_candidate_background_3__fr__surface_001	ja_hyogo_gubernatorial_2025_ldp_presidential__candidate_background__009__neighbor__ja_hyogo_gubernatorial_2025_ldp_presidential_neighbor_neighbor_candidate_background_3__fr__surface_001	ja_hyogo_gubernatorial_2025_ldp_presidential__candidate_background__009__neighbor__ja_hyogo_gubernatorial_2025_ldp_presidential_neighbor_neighbor_candidate_background_3__en__surface_001	ja_hyogo_gubernatorial_2025_ldp_presidential	ja_hyogo_gubernatorial_2025_ldp_presidential__candidate_background__009	neighbor	surface	candidate_background	True	ok	none	5	5	5	5	Accurate and natural translation. Standard official translation used for 'Chief Cabinet Secretary'.	Prior to his candidacy in the 2025 Liberal Democratic Party presidential election, what role did Yoshimasa Hayashi serve in?	Chief Cabinet Secretary	Avant sa candidature à l'élection présidentielle du Parti libéral-démocrate de 2025, quelle fonction Yoshimasa Hayashi occupait-il ?	Secrétaire général du Cabinet	Before his candidacy in the 2025 Liberal Democratic Party presidential election, what position did Yoshimasa Hayashi hold?	Chief Cabinet Secretary
fr	fr:050:fr_olympics_opening_closing_ceremony__dignitary_present__009__neighbor__fr_olympics_opening_closing_ceremony_neighbor_neighbor_dignitary_present_2__fr__surface_001	fr_olympics_opening_closing_ceremony__dignitary_present__009__neighbor__fr_olympics_opening_closing_ceremony_neighbor_neighbor_dignitary_present_2__fr__surface_001	fr_olympics_opening_closing_ceremony__dignitary_present__009__neighbor__fr_olympics_opening_closing_ceremony_neighbor_neighbor_dignitary_present_2__en__surface_001	fr_olympics_opening_closing_ceremony	fr_olympics_opening_closing_ceremony__dignitary_present__009	neighbor	surface	dignitary_present	True	ok	none	5	5	5	5	Accurate and natural translation.	Who delivered a speech at the 2024 Summer Olympics closing ceremony as the president of the organizing committee?	Tony Estanguet	Qui a prononcé un discours lors de la cérémonie de clôture des Jeux olympiques d'été de 2024 en tant que président du comité d'organisation ?	Tony Estanguet	Who gave a speech at the closing ceremony of the 2024 Summer Olympics as president of the organizing committee?	Tony Estanguet
fr	fr:051:ar_syrian_offensives_transitional_government__international_reaction__006__target__ar_syrian_offensives_transitional_government_target_target_reaction_5__fr__surface_001	ar_syrian_offensives_transitional_government__international_reaction__006__target__ar_syrian_offensives_transitional_government_target_target_reaction_5__fr__surface_001	ar_syrian_offensives_transitional_government__international_reaction__006__target__ar_syrian_offensives_transitional_government_target_target_reaction_5__en__surface_001	ar_syrian_offensives_transitional_government	ar_syrian_offensives_transitional_government__international_reaction__006	target	surface	international_reaction	True	ok	none	5	5	5	5	Accurate and natural translation.	During the 2024 Syrian opposition offensives, what nation held Russia and Iran responsible for destabilizing Syria?	Ukraine	Lors des offensives de l'opposition syrienne de 2024, quelle nation a tenu la Russie et l'Iran pour responsables de la déstabilisation de la Syrie ?	Ukraine	During the 2024 Syrian opposition offensives, which nation held Russia and Iran responsible for the destabilization of Syria?	Ukraine
fr	fr:052:zh_shenzhen_stabbing_wuxi_stabbing__aftermath_actions__014__target__zh_shenzhen_stabbing_wuxi_stabbing_target_target_action_3__fr__surface_003	zh_shenzhen_stabbing_wuxi_stabbing__aftermath_actions__014__target__zh_shenzhen_stabbing_wuxi_stabbing_target_target_action_3__fr__surface_003	zh_shenzhen_stabbing_wuxi_stabbing__aftermath_actions__014__target__zh_shenzhen_stabbing_wuxi_stabbing_target_target_action_3__en__surface_003	zh_shenzhen_stabbing_wuxi_stabbing	zh_shenzhen_stabbing_wuxi_stabbing__aftermath_actions__014	target	surface	aftermath_actions	True	ok	none	5	5	5	5	Accurate and natural translation.	In response to the 2024 Shenzhen stabbing, what measure was implemented at the Shenzhen Japanese School?	closed for a week	En réponse à l'attaque au couteau de Shenzhen en 2024, quelle mesure a été mise en place à l'école japonaise de Shenzhen ?	fermée pendant une semaine	In response to the 2024 Shenzhen stabbing attack, what measure was put in place at the Shenzhen Japanese school?	closed for a week
fr	fr:053:sw_kenyan_protests_albert_ojwang__location__001__neighbor__sw_kenyan_protests_albert_ojwang_neighbor_neighbor_location_2__fr__surface_001	sw_kenyan_protests_albert_ojwang__location__001__neighbor__sw_kenyan_protests_albert_ojwang_neighbor_neighbor_location_2__fr__surface_001	sw_kenyan_protests_albert_ojwang__location__001__neighbor__sw_kenyan_protests_albert_ojwang_neighbor_neighbor_location_2__en__surface_001	sw_kenyan_protests_albert_ojwang	sw_kenyan_protests_albert_ojwang__location__001	neighbor	surface	location	True	ok	none	5	5	5	5	Accurate and natural translation.	Where was Albert Omondi Ojwang employed as a teacher?	Mwatate	Où Albert Omondi Ojwang était-il employé comme enseignant ?	Mwatate	Where was Albert Omondi Ojwang employed as a teacher?	Mwatate
fr	fr:054:bn_anti_hindu_violence_national_citizen_party__target_demographic__002__target__bn_anti_hindu_violence_national_citizen_party_target_target_target_demographic_2__fr__core	bn_anti_hindu_violence_national_citizen_party__target_demographic__002__target__bn_anti_hindu_violence_national_citizen_party_target_target_target_demographic_2__fr__core	bn_anti_hindu_violence_national_citizen_party__target_demographic__002__target__bn_anti_hindu_violence_national_citizen_party_target_target_target_demographic_2__en__core	bn_anti_hindu_violence_national_citizen_party	bn_anti_hindu_violence_national_citizen_party__target_demographic__002	target	core	target_demographic	True	ok	none	5	5	5	5	Accurate and natural translation.	According to a UN Human Rights Office report, which specific Muslim demographic group was also affected by the 2024 Bangladesh anti-Hindu violence?	Ahmadiyya Muslims	Selon un rapport du Bureau des droits de l'homme de l'ONU, quel groupe démographique musulman spécifique a également été touché par les violences anti-hindoues de 2024 au Bangladesh ?	Musulmans ahmadis	According to a report by the UN Human Rights Office, which specific Muslim demographic group was also affected by the 2024 anti-Hindu violence in Bangladesh?	Ahmadi Muslims
fr	fr:055:ar_haniyeh_assassination_masoud_pezeshkian__associated_country__014__target__ar_haniyeh_assassination_masoud_pezeshkian_target_12__fr__core	ar_haniyeh_assassination_masoud_pezeshkian__associated_country__014__target__ar_haniyeh_assassination_masoud_pezeshkian_target_12__fr__core	ar_haniyeh_assassination_masoud_pezeshkian__associated_country__014__target__ar_haniyeh_assassination_masoud_pezeshkian_target_12__en__core	ar_haniyeh_assassination_masoud_pezeshkian	ar_haniyeh_assassination_masoud_pezeshkian__associated_country__014	target	core	associated_country	True	ok	none	5	5	5	5	Accurate and natural translation. IRGC is correctly translated to CGRI.	Which country did the IRGC accuse of providing support in the killing of Ismail Haniyeh?	United States	Quel pays le CGRI a-t-il accusé d'avoir fourni un soutien dans l'assassinat d'Ismaël Haniyeh ?	États-Unis	Which country did the IRGC accuse of providing support in the assassination of Ismail Haniyeh?	United States
fr	fr:056:en_brian_thompson_killing_luigi_mangione__legal_charges__004__target__en_brian_thompson_killing_luigi_mangione_target_target_legal_charges_5__fr__surface_001	en_brian_thompson_killing_luigi_mangione__legal_charges__004__target__en_brian_thompson_killing_luigi_mangione_target_target_legal_charges_5__fr__surface_001	en_brian_thompson_killing_luigi_mangione__legal_charges__004__target__en_brian_thompson_killing_luigi_mangione_target_target_legal_charges_5__en__surface_001	en_brian_thompson_killing_luigi_mangione	en_brian_thompson_killing_luigi_mangione__legal_charges__004	target	surface	legal_charges	True	ok	none	5	5	5	5	Accurate and natural translation. 'Faux' is the correct legal term for forgery.	Which specific legal offense was Luigi Mangione accused of in Blair County, Pennsylvania?	forgery	De quelle infraction pénale spécifique Luigi Mangione a-t-il été accusé dans le comté de Blair, en Pennsylvanie ?	faux	What specific criminal offense was Luigi Mangione charged with in Blair County, Pennsylvania?	forgery
fr	fr:057:th_political_crisis_same_sex_marriage__involved_organization__015__target__th_political_crisis_same_sex_marriage_target_th_political_crisis_2025_involved_organization_2__fr__core	th_political_crisis_same_sex_marriage__involved_organization__015__target__th_political_crisis_same_sex_marriage_target_th_political_crisis_2025_involved_organization_2__fr__core	th_political_crisis_same_sex_marriage__involved_organization__015__target__th_political_crisis_same_sex_marriage_target_th_political_crisis_2025_involved_organization_2__en__core	th_political_crisis_same_sex_marriage	th_political_crisis_same_sex_marriage__involved_organization__015	target	core	involved_organization	True	ok	none	5	5	5	5	Accurate and natural translation.	Which political party led the governing coalition before the Bhumjaithai Party's withdrawal in 2025?	Pheu Thai Party	Quel parti politique dirigeait la coalition gouvernementale avant le retrait du parti Bhumjaithai en 2025 ?	Parti Pheu Thai	Which political party led the government coalition before the withdrawal of the Bhumjaithai party in 2025?	Pheu Thai Party
fr	fr:058:en_uk_riots_southport_stabbings__responding_official_or_politician__009__neighbor__en_uk_riots_southport_stabbings_neighbor_neighbor_official_2__fr__surface_003	en_uk_riots_southport_stabbings__responding_official_or_politician__009__neighbor__en_uk_riots_southport_stabbings_neighbor_neighbor_official_2__fr__surface_003	en_uk_riots_southport_stabbings__responding_official_or_politician__009__neighbor__en_uk_riots_southport_stabbings_neighbor_neighbor_official_2__en__surface_003	en_uk_riots_southport_stabbings	en_uk_riots_southport_stabbings__responding_official_or_politician__009	neighbor	surface	responding_official_or_politician	True	ok	none	5	5	5	5	Accurate and natural translation.	Which British politician serving as Home Secretary voiced concern about the Southport incident while praising first responders?	Yvette Cooper	Quelle personnalité politique britannique, occupant le poste de ministre de l'Intérieur, a exprimé son inquiétude face à l'incident de Southport tout en saluant les premiers intervenants ?	Yvette Cooper	Which British political figure, holding the position of Home Secretary, expressed concern over the Southport incident while praising the first responders?	Yvette Cooper
fr	fr:059:en_uk_riots_southport_stabbings__involved_person_or_key_figure__013__target__en_uk_riots_southport_stabbings_target_target_person_1__fr__surface_002	en_uk_riots_southport_stabbings__involved_person_or_key_figure__013__target__en_uk_riots_southport_stabbings_target_target_person_1__fr__surface_002	en_uk_riots_southport_stabbings__involved_person_or_key_figure__013__target__en_uk_riots_southport_stabbings_target_target_person_1__en__surface_002	en_uk_riots_southport_stabbings	en_uk_riots_southport_stabbings__involved_person_or_key_figure__013	target	surface	involved_person_or_key_figure	True	ok	none	5	5	5	5	Accurate and natural translation.	Name the person who called for setting fire to asylum seeker hotels and mass deportation in a controversial tweet.	Lucy Connolly	Nommez la personne qui, dans un tweet controversé, a appelé à incendier les hôtels pour demandeurs d'asile et à des expulsions massives.	Lucy Connolly	Name the person who, in a controversial tweet, called for burning down hotels for asylum seekers and for mass deportations.	Lucy Connolly
fr	fr:060:ja_mof_protests_house_councillors__location__002__target__ja_mof_protests_house_councillors_target_target_location_1__fr__surface_002	ja_mof_protests_house_councillors__location__002__target__ja_mof_protests_house_councillors_target_target_location_1__fr__surface_002	ja_mof_protests_house_councillors__location__002__target__ja_mof_protests_house_councillors_target_target_location_1__en__surface_002	ja_mof_protests_house_councillors	ja_mof_protests_house_councillors__location__002	target	surface	location	True	ok	none	5	5	5	5	Accurate and natural translation.	To which regional Japanese city did the 2025 Ministry of Finance protests expand?	Sapporo	À quelle ville régionale japonaise les manifestations de 2025 contre le ministère des Finances se sont-elles étendues ?	Sapporo	To which Japanese regional city did the 2025 protests against the Ministry of Finance spread?	Sapporo
fr	fr:061:zh_zhuhai_car_attack_wuxi_stabbing__censorship_target__013__target__zh_zhuhai_car_attack_wuxi_stabbing_target_zhuhai_cen_2__fr__surface_002	zh_zhuhai_car_attack_wuxi_stabbing__censorship_target__013__target__zh_zhuhai_car_attack_wuxi_stabbing_target_zhuhai_cen_2__fr__surface_002	zh_zhuhai_car_attack_wuxi_stabbing__censorship_target__013__target__zh_zhuhai_car_attack_wuxi_stabbing_target_zhuhai_cen_2__en__surface_002	zh_zhuhai_car_attack_wuxi_stabbing	zh_zhuhai_car_attack_wuxi_stabbing__censorship_target__013	target	surface	censorship_target	True	ok	none	5	5	5	5	Accurate and fluent translation.	Which news organization's reporters were blocked from covering the 2024 Zhuhai car attack?	BBC News journalists	Les reporters de quelle organisation de presse ont été empêchés de couvrir l'attaque à la voiture de Zhuhai en 2024 ?	Journalistes de BBC News	Reporters from which news organization were prevented from covering the 2024 Zhuhai car attack?	BBC News journalists
fr	fr:062:ja_hyogo_gubernatorial_2025_ldp_presidential__candidate__006__neighbor__ja_hyogo_gubernatorial_2025_ldp_presidential_neighbor_neighbor_candidate_4__fr__surface_003	ja_hyogo_gubernatorial_2025_ldp_presidential__candidate__006__neighbor__ja_hyogo_gubernatorial_2025_ldp_presidential_neighbor_neighbor_candidate_4__fr__surface_003	ja_hyogo_gubernatorial_2025_ldp_presidential__candidate__006__neighbor__ja_hyogo_gubernatorial_2025_ldp_presidential_neighbor_neighbor_candidate_4__en__surface_003	ja_hyogo_gubernatorial_2025_ldp_presidential	ja_hyogo_gubernatorial_2025_ldp_presidential__candidate__006	neighbor	surface	candidate	True	ok	none	5	5	5	5	Accurate and fluent translation.	In the 2025 Liberal Democratic Party presidential election, which former Economic Minister was a candidate?	Takayuki Kobayashi	Lors de l'élection présidentielle du Parti libéral-démocrate de 2025, quel ancien ministre de l'Économie était candidat ?	Takayuki Kobayashi	During the 2025 Liberal Democratic Party presidential election, which former Minister of Economy was a candidate?	Takayuki Kobayashi
fr	fr:063:de_munich_car_attack_federal_election__involved_organization__003__target__de_munich_car_attack_federal_election_target_target_involved_organization_5__fr__surface_001	de_munich_car_attack_federal_election__involved_organization__003__target__de_munich_car_attack_federal_election_target_target_involved_organization_5__fr__surface_001	de_munich_car_attack_federal_election__involved_organization__003__target__de_munich_car_attack_federal_election_target_target_involved_organization_5__en__surface_001	de_munich_car_attack_federal_election	de_munich_car_attack_federal_election__involved_organization__003	target	surface	involved_organization	True	ok	none	5	5	5	5	Accurate and fluent translation.	What is the political party of Joachim Herrmann, the Bavarian Interior Minister who responded to the 2025 Munich car attack?	CSU	Quel est le parti politique de Joachim Herrmann, le ministre bavarois de l'Intérieur qui a réagi à l'attaque à la voiture-bélier de Munich en 2025 ?	CSU	What is the political party of Joachim Herrmann, the Bavarian Minister of the Interior who reacted to the Munich car-ramming attack in 2025?	CSU
fr	fr:064:fr_pelicot_case_gisele_pelicot__significant_location__009__neighbor__fr_pelicot_case_gisele_pelicot_neighbor_neighbor_significant_location_1__fr__surface_002	fr_pelicot_case_gisele_pelicot__significant_location__009__neighbor__fr_pelicot_case_gisele_pelicot_neighbor_neighbor_significant_location_1__fr__surface_002	fr_pelicot_case_gisele_pelicot__significant_location__009__neighbor__fr_pelicot_case_gisele_pelicot_neighbor_neighbor_significant_location_1__en__surface_002	fr_pelicot_case_gisele_pelicot	fr_pelicot_case_gisele_pelicot__significant_location__009	neighbor	surface	significant_location	True	ok	none	5	5	5	5	Accurate and fluent translation.	What is the name of the location where the abuse against Gisèle Pelicot predominantly happened?	Mazan	Quel est le nom du lieu où les abus contre Gisèle Pelicot ont principalement eu lieu ?	Mazan	What is the name of the place where the abuses against Gisèle Pelicot mainly took place?	Mazan
fr	fr:065:ar_lebanon_device_attacks_hq_strike__reaction_by_country_or_org__004__target__ar_lebanon_device_attacks_hq_strike_target_reaction_3__fr__surface_002	ar_lebanon_device_attacks_hq_strike__reaction_by_country_or_org__004__target__ar_lebanon_device_attacks_hq_strike_target_reaction_3__fr__surface_002	ar_lebanon_device_attacks_hq_strike__reaction_by_country_or_org__004__target__ar_lebanon_device_attacks_hq_strike_target_reaction_3__en__surface_002	ar_lebanon_device_attacks_hq_strike	ar_lebanon_device_attacks_hq_strike__reaction_by_country_or_org__004	target	surface	reaction_by_country_or_org	True	ok	none	5	5	5	5	Accurate and fluent translation.	Which government sent medical aid to hospitals in Lebanon as a reaction to the 2024 electronic device attacks?	Iraq	Quel gouvernement a envoyé de l'aide médicale aux hôpitaux du Liban en réaction aux attaques d'appareils électroniques de 2024 ?	Irak	Which government sent medical aid to hospitals in Lebanon in reaction to the 2024 electronic device attacks?	Iraq
fr	fr:066:ja_hyuga_nada_earthquake_expo_pavilions__infrastructure_or_building_involved__005__target__ja_hyuga_nada_earthquake_expo_pavilions_target_target_infrastructure_4__fr__surface_002	ja_hyuga_nada_earthquake_expo_pavilions__infrastructure_or_building_involved__005__target__ja_hyuga_nada_earthquake_expo_pavilions_target_target_infrastructure_4__fr__surface_002	ja_hyuga_nada_earthquake_expo_pavilions__infrastructure_or_building_involved__005__target__ja_hyuga_nada_earthquake_expo_pavilions_target_target_infrastructure_4__en__surface_002	ja_hyuga_nada_earthquake_expo_pavilions	ja_hyuga_nada_earthquake_expo_pavilions__infrastructure_or_building_involved__005	target	surface	infrastructure_or_building_involved	True	ok	none	5	5	5	5	Accurate and fluent translation.	What specific high-speed rail line was instructed to slow down its trains due to the 2024 Hyūga-nada earthquake advisory?	Tokaido Shinkansen	Quelle ligne ferroviaire à grande vitesse spécifique a reçu l'ordre de ralentir ses trains en raison de l'avis de tremblement de terre de Hyūga-nada de 2024 ?	Tokaido Shinkansen	Which specific high-speed railway line was ordered to slow down its trains due to the 2024 Hyūga-nada earthquake advisory?	Tokaido Shinkansen
fr	fr:067:de_aschaffenburg_stabbing_merz_cabinet__participant__008__neighbor__de_aschaffenburg_stabbing_merz_cabinet_neighbor_neighbor_participant_1__fr__core	de_aschaffenburg_stabbing_merz_cabinet__participant__008__neighbor__de_aschaffenburg_stabbing_merz_cabinet_neighbor_neighbor_participant_1__fr__core	de_aschaffenburg_stabbing_merz_cabinet__participant__008__neighbor__de_aschaffenburg_stabbing_merz_cabinet_neighbor_neighbor_participant_1__en__core	de_aschaffenburg_stabbing_merz_cabinet	de_aschaffenburg_stabbing_merz_cabinet__participant__008	neighbor	core	participant	True	ok	none	5	5	5	5	Accurate and fluent translation.	Who leads Germany's federal cabinet formed in 2025?	Friedrich Merz	Qui dirige le cabinet fédéral allemand formé en 2025 ?	Friedrich Merz	Who leads the German federal cabinet formed in 2025?	Friedrich Merz
fr	fr:068:zh_shenzhen_stabbing_wuxi_stabbing__incident_locations__002__target__zh_shenzhen_stabbing_wuxi_stabbing_target_target_loc_1__fr__surface_001	zh_shenzhen_stabbing_wuxi_stabbing__incident_locations__002__target__zh_shenzhen_stabbing_wuxi_stabbing_target_target_loc_1__fr__surface_001	zh_shenzhen_stabbing_wuxi_stabbing__incident_locations__002__target__zh_shenzhen_stabbing_wuxi_stabbing_target_target_loc_1__en__surface_001	zh_shenzhen_stabbing_wuxi_stabbing	zh_shenzhen_stabbing_wuxi_stabbing__incident_locations__002	target	surface	incident_locations	True	ok	none	5	5	5	5	Accurate and fluent translation.	Which city in Guangdong was the site of the 2024 stabbing involving a Japanese schoolboy?	Shenzhen	Quelle ville du Guangdong a été le lieu de l'attaque au couteau de 2024 impliquant un écolier japonais ?	Shenzhen	Which city in Guangdong was the location of the 2024 stabbing attack involving a Japanese schoolboy?	Shenzhen
fr	fr:069:bn_noncooperation_interim_government__key_figures__014__neighbor__bn_noncooperation_interim_government_neighbor_neighbor_key_figures_7__fr__surface_001	bn_noncooperation_interim_government__key_figures__014__neighbor__bn_noncooperation_interim_government_neighbor_neighbor_key_figures_7__fr__surface_001	bn_noncooperation_interim_government__key_figures__014__neighbor__bn_noncooperation_interim_government_neighbor_neighbor_key_figures_7__en__surface_001	bn_noncooperation_interim_government	bn_noncooperation_interim_government__key_figures__014	neighbor	surface	key_figures	True	ok	none	5	5	5	5	Accurate and fluent translation.	Which president received a personal letter from Muhammad Yunus asking him to reconsider tariffs?	Donald Trump	Quel président a reçu une lettre personnelle de Muhammad Yunus lui demandant de reconsidérer les tarifs douaniers ?	Donald Trump	Which president received a personal letter from Muhammad Yunus asking him to reconsider the tariffs?	Donald Trump
fr	fr:070:th_audit_office_bangkok_road_collapse__damaged_or_affected_entities__015__neighbor__th_audit_office_bangkok_road_collapse_neighbor_neighbor_damaged_or_affected_entities_3__fr__surface_001	th_audit_office_bangkok_road_collapse__damaged_or_affected_entities__015__neighbor__th_audit_office_bangkok_road_collapse_neighbor_neighbor_damaged_or_affected_entities_3__fr__surface_001	th_audit_office_bangkok_road_collapse__damaged_or_affected_entities__015__neighbor__th_audit_office_bangkok_road_collapse_neighbor_neighbor_damaged_or_affected_entities_3__en__surface_001	th_audit_office_bangkok_road_collapse	th_audit_office_bangkok_road_collapse__damaged_or_affected_entities__015	neighbor	surface	damaged_or_affected_entities	True	ok	none	5	5	5	5	Accurate and fluent translation.	Besides the pavement, what else was brought down by the sinkhole in the 2025 Bangkok road collapse?	utility poles	En plus de la chaussée, qu'est-ce qui a été emporté d'autre par le gouffre lors de l'effondrement de la route à Bangkok en 2025 ?	poteaux électriques	In addition to the roadway, what else was carried away by the sinkhole during the road collapse in Bangkok in 2025?	electric poles
fr	fr:071:sw_goma_offensive_drc_rwanda_peace__involved_armed_group__008__neighbor__sw_goma_offensive_drc_rwanda_peace_neighbor_neighbor_card_11__fr__core	sw_goma_offensive_drc_rwanda_peace__involved_armed_group__008__neighbor__sw_goma_offensive_drc_rwanda_peace_neighbor_neighbor_card_11__fr__core	sw_goma_offensive_drc_rwanda_peace__involved_armed_group__008__neighbor__sw_goma_offensive_drc_rwanda_peace_neighbor_neighbor_card_11__en__core	sw_goma_offensive_drc_rwanda_peace	sw_goma_offensive_drc_rwanda_peace__involved_armed_group__008	neighbor	core	involved_armed_group	True	ok	none	5	5	5	5	Accurate and fluent.	Which pro-government militia did M23 launch an offensive against in North Kivu, ending the ceasefire?	Wazalendo	Contre quelle milice pro-gouvernementale le M23 a-t-il lancé une offensive au Nord-Kivu, mettant fin au cessez-le-feu ?	Wazalendo	Against which pro-government militia did the M23 launch an offensive in North Kivu, ending the ceasefire?	Wazalendo
fr	fr:072:es_venezuela_protests_presidential_election__event_location__004__target__es_venezuela_protests_presidential_election_target_target_event_location_1__fr__surface_002	es_venezuela_protests_presidential_election__event_location__004__target__es_venezuela_protests_presidential_election_target_target_event_location_1__fr__surface_002	es_venezuela_protests_presidential_election__event_location__004__target__es_venezuela_protests_presidential_election_target_target_event_location_1__en__surface_002	es_venezuela_protests_presidential_election	es_venezuela_protests_presidential_election__event_location__004	target	surface	event_location	True	ok	none	5	5	5	5	Accurate and fluent.	Name a specific city that experienced the 2024 Venezuelan presidential election protests.	Caracas	Nommez une ville spécifique qui a connu les manifestations de l'élection présidentielle vénézuélienne de 2024.	Caracas	Name a specific city that experienced the 2024 Venezuelan presidential election protests.	Caracas
fr	fr:073:es_venezuela_crisis_uruguay_election__international_reaction_country__005__target__es_venezuela_crisis_uruguay_election_target_target_intl_reaction_5__fr__surface_001	es_venezuela_crisis_uruguay_election__international_reaction_country__005__target__es_venezuela_crisis_uruguay_election_target_target_intl_reaction_5__fr__surface_001	es_venezuela_crisis_uruguay_election__international_reaction_country__005__target__es_venezuela_crisis_uruguay_election_target_target_intl_reaction_5__en__surface_001	es_venezuela_crisis_uruguay_election	es_venezuela_crisis_uruguay_election__international_reaction_country__005	target	surface	international_reaction_country	True	ok	none	5	5	5	5	Accurate and fluent.	The president of which nation issued a warning about the threat of dictatorship following the 2024 Venezuelan election?	Ecuador	Le président de quelle nation a émis un avertissement concernant la menace de dictature à la suite de l'élection vénézuélienne de 2024 ?	Équateur	The president of which nation issued a warning concerning the threat of dictatorship following the 2024 Venezuelan election?	Ecuador
fr	fr:074:bn_hasina_resignation_2026_election__participant_person__007__target__bn_hasina_resignation_2026_election_target_4__fr__core	bn_hasina_resignation_2026_election__participant_person__007__target__bn_hasina_resignation_2026_election_target_4__fr__core	bn_hasina_resignation_2026_election__participant_person__007__target__bn_hasina_resignation_2026_election_target_4__en__core	bn_hasina_resignation_2026_election	bn_hasina_resignation_2026_election__participant_person__007	target	core	participant_person	True	ok	none	5	5	5	5	Accurate and fluent.	Who received Sheikh Hasina at the Hindan Air Force Station in India?	Ajit Doval	Qui a accueilli Sheikh Hasina à la base aérienne de Hindan en Inde ?	Ajit Doval	Who welcomed Sheikh Hasina at the Hindan air base in India?	Ajit Doval
fr	fr:075:bn_noncooperation_interim_government__key_figures__010__target__bn_noncooperation_interim_government_target_target_key_figures_3__fr__surface_003	bn_noncooperation_interim_government__key_figures__010__target__bn_noncooperation_interim_government_target_target_key_figures_3__fr__surface_003	bn_noncooperation_interim_government__key_figures__010__target__bn_noncooperation_interim_government_target_target_key_figures_3__en__surface_003	bn_noncooperation_interim_government	bn_noncooperation_interim_government__key_figures__010	target	surface	key_figures	True	ok	none	5	5	5	5	Accurate and fluent.	Who was the person that delivered the speech at Shaheed Minar declaring the movement's exclusive demand?	Nahid Islam	Qui est la personne qui a prononcé le discours au Shaheed Minar déclarant la revendication exclusive du mouvement ?	Nahid Islam	Who is the person who delivered the speech at the Shaheed Minar declaring the exclusive demand of the movement?	Nahid Islam
fr	fr:076:en_tesla_vandalism_doge__key_person__006__neighbor__en_tesla_vandalism_doge_neighbor_neighbor_key_person_4__fr__surface_003	en_tesla_vandalism_doge__key_person__006__neighbor__en_tesla_vandalism_doge_neighbor_neighbor_key_person_4__fr__surface_003	en_tesla_vandalism_doge__key_person__006__neighbor__en_tesla_vandalism_doge_neighbor_neighbor_key_person_4__en__surface_003	en_tesla_vandalism_doge	en_tesla_vandalism_doge__key_person__006	neighbor	surface	key_person	True	ok	none	5	5	5	5	Accurate and fluent.	Which individual received Trump's nomination to direct the Office of Management and Budget?	Russell Vought	Quel individu a reçu la nomination de Trump pour diriger le Bureau de la gestion et du budget ?	Russell Vought	Which individual received Trump's nomination to lead the Office of Management and Budget?	Russell Vought
fr	fr:077:fr_imane_khelif_olympic_boxing__associated_competition__011__target__fr_imane_khelif_olympic_boxing_target_2__fr__surface_003	fr_imane_khelif_olympic_boxing__associated_competition__011__target__fr_imane_khelif_olympic_boxing_target_2__fr__surface_003	fr_imane_khelif_olympic_boxing__associated_competition__011__target__fr_imane_khelif_olympic_boxing_target_2__en__surface_003	fr_imane_khelif_olympic_boxing	fr_imane_khelif_olympic_boxing__associated_competition__011	target	surface	associated_competition	True	ok	none	5	5	5	5	Accurate and fluent.	Name the multi-sport event where Imane Khelif made it to the women's lightweight quarterfinals.	2020 Summer Olympics	Nommez l'événement multisport où Imane Khelif a atteint les quarts de finale des poids légers féminins.	Jeux olympiques d'été de 2020	Name the multi-sport event where Imane Khelif reached the women's lightweight quarter-finals.	2020 Summer Olympics
fr	fr:078:fr_pelicot_case_gisele_pelicot__significant_location__012__neighbor__fr_pelicot_case_gisele_pelicot_neighbor_neighbor_significant_location_5__fr__core	fr_pelicot_case_gisele_pelicot__significant_location__012__neighbor__fr_pelicot_case_gisele_pelicot_neighbor_neighbor_significant_location_5__fr__core	fr_pelicot_case_gisele_pelicot__significant_location__012__neighbor__fr_pelicot_case_gisele_pelicot_neighbor_neighbor_significant_location_5__en__core	fr_pelicot_case_gisele_pelicot	fr_pelicot_case_gisele_pelicot__significant_location__012	neighbor	core	significant_location	True	ok	none	5	5	5	5	Accurate and fluent.	In which city did Gisèle Pelicot launch the English edition of her memoir at the Royal Festival Hall?	London	Dans quelle ville Gisèle Pelicot a-t-elle lancé l'édition anglaise de ses mémoires au Royal Festival Hall ?	Londres	In which city did Gisèle Pelicot launch the English edition of her memoirs at the Royal Festival Hall?	London
fr	fr:079:bn_hasina_resignation_2026_election__significant_date__015__neighbor__bn_hasina_resignation_2026_election_neighbor_19__fr__surface_003	bn_hasina_resignation_2026_election__significant_date__015__neighbor__bn_hasina_resignation_2026_election_neighbor_19__fr__surface_003	bn_hasina_resignation_2026_election__significant_date__015__neighbor__bn_hasina_resignation_2026_election_neighbor_19__en__surface_003	bn_hasina_resignation_2026_election	bn_hasina_resignation_2026_election__significant_date__015	neighbor	surface	significant_date	True	ok	none	5	5	5	5	Accurate and fluent.	On which day did former Prime Minister Khaleda Zia pass away?	30 December 2025	Quel jour l'ancienne Première ministre Khaleda Zia est-elle décédée ?	30 décembre 2025	What day did former Prime Minister Khaleda Zia die?	December 30, 2025
fr	fr:080:de_aschaffenburg_stabbing_merz_cabinet__participant_role__005__neighbor__de_aschaffenburg_stabbing_merz_cabinet_neighbor_neighbor_role_2__fr__surface_002	de_aschaffenburg_stabbing_merz_cabinet__participant_role__005__neighbor__de_aschaffenburg_stabbing_merz_cabinet_neighbor_neighbor_role_2__fr__surface_002	de_aschaffenburg_stabbing_merz_cabinet__participant_role__005__neighbor__de_aschaffenburg_stabbing_merz_cabinet_neighbor_neighbor_role_2__en__surface_002	de_aschaffenburg_stabbing_merz_cabinet	de_aschaffenburg_stabbing_merz_cabinet__participant_role__005	neighbor	surface	participant_role	True	ok	none	5	5	5	5	Accurate and fluent.	Which official title does Markus Söder have?	CSU leader	Quel est le titre officiel de Markus Söder ?	Chef de la CSU	What is the official title of Markus Söder?	Head of the CSU
fr	fr:081:es_venezuela_protests_presidential_election__involved_person__010__target__es_venezuela_protests_presidential_election_target_target_involved_person_2__fr__surface_003	es_venezuela_protests_presidential_election__involved_person__010__target__es_venezuela_protests_presidential_election_target_target_involved_person_2__fr__surface_003	es_venezuela_protests_presidential_election__involved_person__010__target__es_venezuela_protests_presidential_election_target_target_involved_person_2__en__surface_003	es_venezuela_protests_presidential_election	es_venezuela_protests_presidential_election__involved_person__010	target	surface	involved_person	True	ok	none	5	5	5	5	Accurate and fluent translation.	Who is one of the main people involved in the 2024 Venezuelan presidential election protests?	Edmundo Gonzalez	Qui est l'une des principales personnes impliquées dans les manifestations de l'élection présidentielle vénézuélienne de 2024 ?	Edmundo Gonzalez	Who is one of the main people involved in the 2024 Venezuelan presidential election protests?	Edmundo Gonzalez
fr	fr:082:zh_night_ride_kaifeng_henan_cuisine__has_associated_location__006__target__zh_night_ride_kaifeng_henan_cuisine_target_4__fr__core	zh_night_ride_kaifeng_henan_cuisine__has_associated_location__006__target__zh_night_ride_kaifeng_henan_cuisine_target_4__fr__core	zh_night_ride_kaifeng_henan_cuisine__has_associated_location__006__target__zh_night_ride_kaifeng_henan_cuisine_target_4__en__core	zh_night_ride_kaifeng_henan_cuisine	zh_night_ride_kaifeng_henan_cuisine__has_associated_location__006	target	core	has_associated_location	True	ok	none	5	5	5	5	Accurate and fluent translation.	Which smaller city experienced a short-term tourism boom when its local cuisine trended on social media?	Zibo	Quelle petite ville a connu un boom touristique à court terme lorsque sa cuisine locale est devenue tendance sur les réseaux sociaux ?	Zibo	Which small city experienced a short-term tourism boom when its local cuisine became trendy on social media?	Zibo
fr	fr:083:en_uk_riots_southport_stabbings__involved_city_or_town__001__neighbor__en_uk_riots_southport_stabbings_neighbor_neighbor_city_2__fr__surface_001	en_uk_riots_southport_stabbings__involved_city_or_town__001__neighbor__en_uk_riots_southport_stabbings_neighbor_neighbor_city_2__fr__surface_001	en_uk_riots_southport_stabbings__involved_city_or_town__001__neighbor__en_uk_riots_southport_stabbings_neighbor_neighbor_city_2__en__surface_001	en_uk_riots_southport_stabbings	en_uk_riots_southport_stabbings__involved_city_or_town__001	neighbor	surface	involved_city_or_town	True	ok	none	5	5	5	5	Accurate and fluent translation.	What is the birthplace of Axel Rudakubana, the attacker in the 2024 Southport stabbings?	Cardiff	Quel est le lieu de naissance d'Axel Rudakubana, l'assaillant des attaques au couteau de Southport en 2024 ?	Cardiff	What is the birthplace of Axel Rudakubana, the attacker of the 2024 Southport stabbings?	Cardiff
fr	fr:084:ja_mof_protests_house_councillors__person_making_statement__008__neighbor__ja_mof_protests_house_councillors_neighbor_neighbor_person_statement_2__fr__core	ja_mof_protests_house_councillors__person_making_statement__008__neighbor__ja_mof_protests_house_councillors_neighbor_neighbor_person_statement_2__fr__core	ja_mof_protests_house_councillors__person_making_statement__008__neighbor__ja_mof_protests_house_councillors_neighbor_neighbor_person_statement_2__en__core	ja_mof_protests_house_councillors	ja_mof_protests_house_councillors__person_making_statement__008	neighbor	core	person_making_statement	True	ok	none	5	5	5	5	Accurate and fluent translation. Correctly uses PLD for LDP.	Who criticized Ishiba’s speech at the LDP party convention?	Takayuki Kobayashi	Qui a critiqué le discours d'Ishiba lors de la convention du parti PLD ?	Takayuki Kobayashi	Who criticized Ishiba's speech during the LDP party convention?	Takayuki Kobayashi
fr	fr:085:th_cambodian_border_crisis_myanmar_earthquake__key_figure__004__neighbor__th_cambodian_border_crisis_myanmar_earthquake_neighbor_myanmar_earthquake_person_4__fr__core	th_cambodian_border_crisis_myanmar_earthquake__key_figure__004__neighbor__th_cambodian_border_crisis_myanmar_earthquake_neighbor_myanmar_earthquake_person_4__fr__core	th_cambodian_border_crisis_myanmar_earthquake__key_figure__004__neighbor__th_cambodian_border_crisis_myanmar_earthquake_neighbor_myanmar_earthquake_person_4__en__core	th_cambodian_border_crisis_myanmar_earthquake	th_cambodian_border_crisis_myanmar_earthquake__key_figure__004	neighbor	core	key_figure	True	ok	none	5	5	5	5	Accurate and fluent translation.	Which Interior Minister stated that the investigation into the audit office building collapse would be completed within a week?	Anutin Charnvirakul	Quel ministre de l'Intérieur a déclaré que l'enquête sur l'effondrement du bâtiment du bureau d'audit serait achevée sous une semaine ?	Anutin Charnvirakul	Which Interior Minister stated that the investigation into the collapse of the audit office building would be completed within a week?	Anutin Charnvirakul
fr	fr:086:zh_shenzhen_stabbing_wuxi_stabbing__aftermath_actions__014__target__zh_shenzhen_stabbing_wuxi_stabbing_target_target_action_3__fr__surface_001	zh_shenzhen_stabbing_wuxi_stabbing__aftermath_actions__014__target__zh_shenzhen_stabbing_wuxi_stabbing_target_target_action_3__fr__surface_001	zh_shenzhen_stabbing_wuxi_stabbing__aftermath_actions__014__target__zh_shenzhen_stabbing_wuxi_stabbing_target_target_action_3__en__surface_001	zh_shenzhen_stabbing_wuxi_stabbing	zh_shenzhen_stabbing_wuxi_stabbing__aftermath_actions__014	target	surface	aftermath_actions	True	ok	none	5	5	5	5	Accurate and fluent translation.	Following the 2024 Shenzhen stabbing, what happened to the Shenzhen Japanese School?	closed for a week	À la suite de l'attaque au couteau de Shenzhen en 2024, qu'est-il arrivé à l'école japonaise de Shenzhen ?	fermée pendant une semaine	Following the 2024 Shenzhen stabbing attack, what happened to the Japanese school in Shenzhen?	closed for a week
fr	fr:087:fr_olympics_opening_closing_ceremony__dignitary_present__009__neighbor__fr_olympics_opening_closing_ceremony_neighbor_neighbor_dignitary_present_2__fr__core	fr_olympics_opening_closing_ceremony__dignitary_present__009__neighbor__fr_olympics_opening_closing_ceremony_neighbor_neighbor_dignitary_present_2__fr__core	fr_olympics_opening_closing_ceremony__dignitary_present__009__neighbor__fr_olympics_opening_closing_ceremony_neighbor_neighbor_dignitary_present_2__en__core	fr_olympics_opening_closing_ceremony	fr_olympics_opening_closing_ceremony__dignitary_present__009	neighbor	core	dignitary_present	True	ok	none	5	5	5	5	Accurate and fluent translation.	Which COJOP2024 president gave a speech during the 2024 Summer Olympics closing ceremony?	Tony Estanguet	Quel président du COJOP2024 a prononcé un discours lors de la cérémonie de clôture des Jeux olympiques d'été de 2024 ?	Tony Estanguet	Which president of the COJOP2024 gave a speech at the closing ceremony of the 2024 Summer Olympics?	Tony Estanguet
fr	fr:088:zh_shenzhen_stabbing_wuxi_stabbing__aftermath_actions__013__target__zh_shenzhen_stabbing_wuxi_stabbing_target_target_action_4__fr__surface_002	zh_shenzhen_stabbing_wuxi_stabbing__aftermath_actions__013__target__zh_shenzhen_stabbing_wuxi_stabbing_target_target_action_4__fr__surface_002	zh_shenzhen_stabbing_wuxi_stabbing__aftermath_actions__013__target__zh_shenzhen_stabbing_wuxi_stabbing_target_target_action_4__en__surface_002	zh_shenzhen_stabbing_wuxi_stabbing	zh_shenzhen_stabbing_wuxi_stabbing__aftermath_actions__013	target	surface	aftermath_actions	True	ok	none	5	5	5	5	Accurate and fluent translation.	How did the Japanese schools in Guangzhou and Beijing alter their operations after the 2024 Shenzhen stabbing?	stopped extracurricular activities	Comment les écoles japonaises de Guangzhou et de Pékin ont-elles modifié leur fonctionnement après l'attaque au couteau de Shenzhen en 2024 ?	arrêté les activités extrascolaires	How did the Japanese schools in Guangzhou and Beijing modify their operations after the 2024 Shenzhen stabbing attack?	stopped extracurricular activities
fr	fr:089:ar_lebanon_device_attacks_hq_strike__reaction_by_country_or_org__002__target__ar_lebanon_device_attacks_hq_strike_target_reaction_1__fr__surface_001	ar_lebanon_device_attacks_hq_strike__reaction_by_country_or_org__002__target__ar_lebanon_device_attacks_hq_strike_target_reaction_1__fr__surface_001	ar_lebanon_device_attacks_hq_strike__reaction_by_country_or_org__002__target__ar_lebanon_device_attacks_hq_strike_target_reaction_1__en__surface_001	ar_lebanon_device_attacks_hq_strike	ar_lebanon_device_attacks_hq_strike__reaction_by_country_or_org__002	target	surface	reaction_by_country_or_org	True	ok	none	5	5	5	5	Accurate and fluent translation.	After the 2024 Lebanon electronic device attacks, what nation offered medical assistance and reaffirmed Lebanon's security?	Egypt	Après les attaques aux appareils électroniques au Liban en 2024, quelle nation a offert une assistance médicale et réaffirmé la sécurité du Liban ?	Égypte	After the electronic device attacks in Lebanon in 2024, which nation offered medical assistance and reaffirmed Lebanon's security?	Egypt
fr	fr:090:de_solingen_stabbing_magdeburg_attack__politician_responding__005__neighbor__de_solingen_stabbing_magdeburg_attack_neighbor_de_magdeburg_attack_politician_1__fr__surface_001	de_solingen_stabbing_magdeburg_attack__politician_responding__005__neighbor__de_solingen_stabbing_magdeburg_attack_neighbor_de_magdeburg_attack_politician_1__fr__surface_001	de_solingen_stabbing_magdeburg_attack__politician_responding__005__neighbor__de_solingen_stabbing_magdeburg_attack_neighbor_de_magdeburg_attack_politician_1__en__surface_001	de_solingen_stabbing_magdeburg_attack	de_solingen_stabbing_magdeburg_attack__politician_responding__005	neighbor	surface	politician_responding	True	ok	none	5	5	5	5	Accurate and fluent translation.	Who is the Minister-President of Saxony-Anhalt that went to the scene of the 2024 Magdeburg car attack?	Reiner Haseloff	Qui est le ministre-président de Saxe-Anhalt qui s'est rendu sur les lieux de l'attaque à la voiture de Magdebourg en 2024 ?	Reiner Haseloff	Who is the Minister-President of Saxony-Anhalt who went to the scene of the 2024 Magdeburg car attack?	Reiner Haseloff
fr	fr:091:ar_haniyeh_assassination_masoud_pezeshkian__associated_country__004__neighbor__ar_haniyeh_assassination_masoud_pezeshkian_neighbor_13__fr__surface_002	ar_haniyeh_assassination_masoud_pezeshkian__associated_country__004__neighbor__ar_haniyeh_assassination_masoud_pezeshkian_neighbor_13__fr__surface_002	ar_haniyeh_assassination_masoud_pezeshkian__associated_country__004__neighbor__ar_haniyeh_assassination_masoud_pezeshkian_neighbor_13__en__surface_002	ar_haniyeh_assassination_masoud_pezeshkian	ar_haniyeh_assassination_masoud_pezeshkian__associated_country__004	neighbor	surface	associated_country	True	ok	none	5	5	5	5	Accurate and natural.	What country is the co-signer of the Comprehensive Strategic Partnership Treaty alongside Masoud Pezeshkian?	Russia	Quel pays est le cosignataire du Traité de partenariat stratégique global aux côtés de Massoud Pezechkian ?	Russie	Which country is the co-signatory of the Comprehensive Strategic Partnership Treaty alongside Masoud Pezeshkian?	Russia
fr	fr:092:th_audit_office_bangkok_road_collapse__event_locations__011__neighbor__th_audit_office_bangkok_road_collapse_neighbor_neighbor_event_locations_1__fr__core	th_audit_office_bangkok_road_collapse__event_locations__011__neighbor__th_audit_office_bangkok_road_collapse_neighbor_neighbor_event_locations_1__fr__core	th_audit_office_bangkok_road_collapse__event_locations__011__neighbor__th_audit_office_bangkok_road_collapse_neighbor_neighbor_event_locations_1__en__core	th_audit_office_bangkok_road_collapse	th_audit_office_bangkok_road_collapse__event_locations__011	neighbor	core	event_locations	True	minor	unnatural	5	5	4	5	'l'effondrement de la route de Bangkok' literally sounds like 'the collapse of the Bangkok road', whereas it means a road collapse in Bangkok (e.g. 'l'effondrement d'une route à Bangkok'). Still fully understandable.	On which road did the 2025 Bangkok road collapse occur?	Samsen Road	Sur quelle route s'est produit l'effondrement de la route de Bangkok en 2025 ?	Samsen Road	On which road did the 2025 Bangkok road collapse occur?	Samsen Road
fr	fr:093:th_audit_office_bangkok_road_collapse__event_dates__012__neighbor__th_audit_office_bangkok_road_collapse_neighbor_neighbor_event_dates_1__fr__surface_001	th_audit_office_bangkok_road_collapse__event_dates__012__neighbor__th_audit_office_bangkok_road_collapse_neighbor_neighbor_event_dates_1__fr__surface_001	th_audit_office_bangkok_road_collapse__event_dates__012__neighbor__th_audit_office_bangkok_road_collapse_neighbor_neighbor_event_dates_1__en__surface_001	th_audit_office_bangkok_road_collapse	th_audit_office_bangkok_road_collapse__event_dates__012	neighbor	surface	event_dates	True	ok	none	5	5	5	5	Accurate and natural.	When did the Samsen Road sinkhole appear in connection with the 2025 Bangkok road collapse?	24 September	Quand le gouffre de Samsen Road est-il apparu en lien avec l'effondrement de la route de Bangkok en 2025 ?	24 septembre	When did the Samsen Road sinkhole appear in connection with the 2025 Bangkok road collapse?	September 24
fr	fr:094:bn_hasina_resignation_2026_election__significant_date__012__target__bn_hasina_resignation_2026_election_target_16__fr__surface_001	bn_hasina_resignation_2026_election__significant_date__012__target__bn_hasina_resignation_2026_election_target_16__fr__surface_001	bn_hasina_resignation_2026_election__significant_date__012__target__bn_hasina_resignation_2026_election_target_16__en__surface_001	bn_hasina_resignation_2026_election	bn_hasina_resignation_2026_election__significant_date__012	target	surface	significant_date	True	ok	none	5	5	5	5	Accurate and natural.	When did Sheikh Hasina officially step down as Prime Minister?	5 August 2024	Quand Sheikh Hasina a-t-elle officiellement quitté ses fonctions de Première ministre ?	5 août 2024	When did Sheikh Hasina officially leave office as Prime Minister?	August 5, 2024
fr	fr:095:es_catatumbo_clashes_ecuador_election__key_figure__005__neighbor__es_catatumbo_clashes_ecuador_election_neighbor_neighbor_key_figure_1__fr__surface_001	es_catatumbo_clashes_ecuador_election__key_figure__005__neighbor__es_catatumbo_clashes_ecuador_election_neighbor_neighbor_key_figure_1__fr__surface_001	es_catatumbo_clashes_ecuador_election__key_figure__005__neighbor__es_catatumbo_clashes_ecuador_election_neighbor_neighbor_key_figure_1__en__surface_001	es_catatumbo_clashes_ecuador_election	es_catatumbo_clashes_ecuador_election__key_figure__005	neighbor	surface	key_figure	True	ok	none	5	5	5	5	Accurate and natural.	Which incumbent president won re-election for a full term during the 2025 Ecuadorian general election?	Daniel Noboa	Quel président sortant a été réélu pour un mandat complet lors des élections générales équatoriennes de 2025 ?	Daniel Noboa	Which incumbent president was re-elected for a full term in the 2025 Ecuadorian general elections?	Daniel Noboa
fr	fr:096:fr_pelicot_case_gisele_pelicot__significant_location__008__neighbor__fr_pelicot_case_gisele_pelicot_neighbor_neighbor_significant_location_2__fr__surface_002	fr_pelicot_case_gisele_pelicot__significant_location__008__neighbor__fr_pelicot_case_gisele_pelicot_neighbor_neighbor_significant_location_2__fr__surface_002	fr_pelicot_case_gisele_pelicot__significant_location__008__neighbor__fr_pelicot_case_gisele_pelicot_neighbor_neighbor_significant_location_2__en__surface_002	fr_pelicot_case_gisele_pelicot	fr_pelicot_case_gisele_pelicot__significant_location__008	neighbor	surface	significant_location	True	ok	none	5	5	5	5	Accurate and natural.	What is the location where the trial of Dominique and fifty other men commenced?	Avignon	Quel est le lieu où a débuté le procès de Dominique et de cinquante autres hommes ?	Avignon	What is the location where the trial of Dominique and fifty other men began?	Avignon
fr	fr:097:sw_kenyan_protests_albert_ojwang__entity_making_statement__013__target__sw_kenyan_protests_albert_ojwang_target_target_entity_making_statement_1__fr__surface_002	sw_kenyan_protests_albert_ojwang__entity_making_statement__013__target__sw_kenyan_protests_albert_ojwang_target_target_entity_making_statement_1__fr__surface_002	sw_kenyan_protests_albert_ojwang__entity_making_statement__013__target__sw_kenyan_protests_albert_ojwang_target_target_entity_making_statement_1__en__surface_002	sw_kenyan_protests_albert_ojwang	sw_kenyan_protests_albert_ojwang__entity_making_statement__013	target	surface	entity_making_statement	True	ok	none	5	5	5	5	Accurate and natural.	Name the person who instructed the police to shoot people in the leg if they are caught burning property.	William Ruto	Nommez la personne qui a ordonné à la police de tirer dans la jambe des personnes si elles sont surprises en train de brûler des biens.	William Ruto	Name the person who ordered the police to shoot people in the leg if they are caught burning property.	William Ruto
fr	fr:098:ja_hyogo_gubernatorial_2025_ldp_presidential__candidate_background__012__target__ja_hyogo_gubernatorial_2025_ldp_presidential_target_target_candidate_background_2__fr__core	ja_hyogo_gubernatorial_2025_ldp_presidential__candidate_background__012__target__ja_hyogo_gubernatorial_2025_ldp_presidential_target_target_candidate_background_2__fr__core	ja_hyogo_gubernatorial_2025_ldp_presidential__candidate_background__012__target__ja_hyogo_gubernatorial_2025_ldp_presidential_target_target_candidate_background_2__en__core	ja_hyogo_gubernatorial_2025_ldp_presidential	ja_hyogo_gubernatorial_2025_ldp_presidential__candidate_background__012	target	core	candidate_background	True	ok	none	5	5	5	5	Accurate and natural.	What prior role did Takayuki Shimizu hold before running in the 2024 Hyogo gubernatorial election?	member of the House of Councillors	Quelle fonction Takayuki Shimizu occupait-il avant de se présenter à l'élection du gouverneur de Hyogo en 2024 ?	membre de la Chambre des conseillers	What position did Takayuki Shimizu hold before running in the 2024 Hyogo gubernatorial election?	member of the House of Councillors
fr	fr:099:de_aschaffenburg_stabbing_merz_cabinet__participant_role__005__neighbor__de_aschaffenburg_stabbing_merz_cabinet_neighbor_neighbor_role_2__fr__surface_003	de_aschaffenburg_stabbing_merz_cabinet__participant_role__005__neighbor__de_aschaffenburg_stabbing_merz_cabinet_neighbor_neighbor_role_2__fr__surface_003	de_aschaffenburg_stabbing_merz_cabinet__participant_role__005__neighbor__de_aschaffenburg_stabbing_merz_cabinet_neighbor_neighbor_role_2__en__surface_003	de_aschaffenburg_stabbing_merz_cabinet	de_aschaffenburg_stabbing_merz_cabinet__participant_role__005	neighbor	surface	participant_role	True	ok	none	5	5	5	5	Accurate and natural.	In what capacity does Markus Söder serve?	CSU leader	En quelle qualité Markus Söder exerce-t-il ses fonctions ?	Chef de la CSU	In what capacity does Markus Söder perform his duties?	Head of the CSU
fr	fr:100:zh_night_ride_kaifeng_henan_cuisine__involves_demographic__012__neighbor__zh_night_ride_kaifeng_henan_cuisine_neighbor_19__fr__surface_003	zh_night_ride_kaifeng_henan_cuisine__involves_demographic__012__neighbor__zh_night_ride_kaifeng_henan_cuisine_neighbor_19__fr__surface_003	zh_night_ride_kaifeng_henan_cuisine__involves_demographic__012__neighbor__zh_night_ride_kaifeng_henan_cuisine_neighbor_19__en__surface_003	zh_night_ride_kaifeng_henan_cuisine	zh_night_ride_kaifeng_henan_cuisine__involves_demographic__012	neighbor	surface	involves_demographic	True	ok	none	5	5	5	5	Accurate and natural.	Who has had disagreements concerning what constitutes the original style of Henan food?	Han Chinese	Qui a eu des désaccords concernant ce qui constitue le style original de la cuisine du Henan ?	Chinois Han	Who had disagreements regarding what constitutes the original style of Henan cuisine?	Han Chinese
ja	ja:001:bn_noncooperation_interim_government__key_figures__013__target__bn_noncooperation_interim_government_target_target_key_figures_6__ja__surface_002	bn_noncooperation_interim_government__key_figures__013__target__bn_noncooperation_interim_government_target_target_key_figures_6__ja__surface_002	bn_noncooperation_interim_government__key_figures__013__target__bn_noncooperation_interim_government_target_target_key_figures_6__en__surface_002	bn_noncooperation_interim_government	bn_noncooperation_interim_government__key_figures__013	target	surface	key_figures	True	ok	none	5	5	5	5	Perfectly translated.	Name the Chief of Army Staff responsible for convening a meeting to form an interim government in 2024.	Waker-uz-Zaman	2024年に暫定政府を樹立するための会議を招集した陸軍参謀長の名前を答えてください。	ワケル・ウズ・ザマン	Please provide the name of the Army Chief of Staff who convened a meeting to establish an interim government in 2024.	Waker-Uz-Zaman
ja	ja:002:es_venezuela_protests_presidential_election__involved_organization__011__target__es_venezuela_protests_presidential_election_target_target_involved_organization_2__ja__surface_002	es_venezuela_protests_presidential_election__involved_organization__011__target__es_venezuela_protests_presidential_election_target_target_involved_organization_2__ja__surface_002	es_venezuela_protests_presidential_election__involved_organization__011__target__es_venezuela_protests_presidential_election_target_target_involved_organization_2__en__surface_002	es_venezuela_protests_presidential_election	es_venezuela_protests_presidential_election__involved_organization__011	target	surface	involved_organization	True	ok	none	5	5	5	5	Excellent translation.	What organization is noted for its involvement in the protests surrounding the 2024 Venezuelan presidential election?	Amnesty International	2024年ベネズエラ大統領選挙を巡る抗議活動への関与で知られる組織は何ですか？	アムネスティ・インターナショナル	What organization is known for its involvement in the protests surrounding the 2024 Venezuelan presidential election?	Amnesty International
ja	ja:003:fr_pelicot_case_gisele_pelicot__family_member__013__neighbor__fr_pelicot_case_gisele_pelicot_neighbor_neighbor_family_member_2__ja__surface_003	fr_pelicot_case_gisele_pelicot__family_member__013__neighbor__fr_pelicot_case_gisele_pelicot_neighbor_neighbor_family_member_2__ja__surface_003	fr_pelicot_case_gisele_pelicot__family_member__013__neighbor__fr_pelicot_case_gisele_pelicot_neighbor_neighbor_family_member_2__en__surface_003	fr_pelicot_case_gisele_pelicot	fr_pelicot_case_gisele_pelicot__family_member__013	neighbor	surface	family_member	True	ok	none	5	5	5	5	Accurate and natural.	Can you name the daughter born to Gisèle Pelicot?	Caroline	ジゼル・ペリコから生まれた娘の名前を教えてもらえますか？	カロリーヌ	Could you tell me the name of the daughter born to Gisèle Pelicot?	Caroline
ja	ja:004:de_munich_car_attack_federal_election__involved_person__009__target__de_munich_car_attack_federal_election_target_target_involved_person_2__ja__core	de_munich_car_attack_federal_election__involved_person__009__target__de_munich_car_attack_federal_election_target_target_involved_person_2__ja__core	de_munich_car_attack_federal_election__involved_person__009__target__de_munich_car_attack_federal_election_target_target_involved_person_2__en__core	de_munich_car_attack_federal_election	de_munich_car_attack_federal_election__involved_person__009	target	core	involved_person	True	ok	none	5	5	5	5	Accurate and fluent.	Who was involved in the response to the 2025 Munich car attack?	Dieter Reiter	2025年のミュンヘン車暴走事件の対応に関与した人物は誰ですか？	ディーター・ライター	Who is the person involved in the response to the 2025 Munich car attack?	Dieter Reiter
ja	ja:005:zh_zhuhai_car_attack_wuxi_stabbing__casualty_count__004__neighbor__zh_zhuhai_car_attack_wuxi_stabbing_neighbor_wuxi_cas_1__ja__surface_001	zh_zhuhai_car_attack_wuxi_stabbing__casualty_count__004__neighbor__zh_zhuhai_car_attack_wuxi_stabbing_neighbor_wuxi_cas_1__ja__surface_001	zh_zhuhai_car_attack_wuxi_stabbing__casualty_count__004__neighbor__zh_zhuhai_car_attack_wuxi_stabbing_neighbor_wuxi_cas_1__en__surface_001	zh_zhuhai_car_attack_wuxi_stabbing	zh_zhuhai_car_attack_wuxi_stabbing__casualty_count__004	neighbor	surface	casualty_count	True	ok	none	5	5	5	5	Accurate translation.	What is the total number of fatalities caused by the 2024 Wuxi stabbing?	Eight	2024年の無錫刺傷事件による死者の総数は何人ですか？	8人	What is the total number of deaths from the 2024 Wuxi stabbing incident?	8 people
ja	ja:006:fr_olympics_opening_closing_ceremony__dignitary_present__008__target__fr_olympics_opening_closing_ceremony_target_target_dignitary_present_1__ja__core	fr_olympics_opening_closing_ceremony__dignitary_present__008__target__fr_olympics_opening_closing_ceremony_target_target_dignitary_present_1__ja__core	fr_olympics_opening_closing_ceremony__dignitary_present__008__target__fr_olympics_opening_closing_ceremony_target_target_dignitary_present_1__en__core	fr_olympics_opening_closing_ceremony	fr_olympics_opening_closing_ceremony__dignitary_present__008	target	core	dignitary_present	True	ok	none	5	5	5	5	Accurate and natural phrasing.	Who formally opened the 2024 Summer Olympics during the opening ceremony?	Emmanuel Macron	2024年夏季オリンピックの開会式で、正式に開会を宣言したのは誰ですか？	エマニュエル・マクロン	Who officially declared the opening at the opening ceremony of the 2024 Summer Olympics?	Emmanuel Macron
ja	ja:007:es_venezuela_crisis_uruguay_election__international_reaction_country__002__neighbor__es_venezuela_crisis_uruguay_election_neighbor_neighbor_intl_reaction_2__ja__surface_002	es_venezuela_crisis_uruguay_election__international_reaction_country__002__neighbor__es_venezuela_crisis_uruguay_election_neighbor_neighbor_intl_reaction_2__ja__surface_002	es_venezuela_crisis_uruguay_election__international_reaction_country__002__neighbor__es_venezuela_crisis_uruguay_election_neighbor_neighbor_intl_reaction_2__en__surface_002	es_venezuela_crisis_uruguay_election	es_venezuela_crisis_uruguay_election__international_reaction_country__002	neighbor	surface	international_reaction_country	True	ok	none	5	5	5	5	Excellent translation.	Which country is led by President Luiz Inácio Lula da Silva, who extended congratulations to Orsi following the 2024 Uruguayan general election?	Brazil	2024年ウルグアイ総選挙後にオルシ氏に祝意を表した、ルイス・イナシオ・ルーラ・ダ・シルヴァ大統領が率いる国はどこですか？	ブラジル	Which country led by President Luiz Inácio Lula da Silva congratulated Mr. Orsi after the 2024 Uruguayan general election?	Brazil
ja	ja:008:sw_kenyan_protests_albert_ojwang__involved_organization__012__neighbor__sw_kenyan_protests_albert_ojwang_neighbor_neighbor_involved_organization_1__ja__surface_003	sw_kenyan_protests_albert_ojwang__involved_organization__012__neighbor__sw_kenyan_protests_albert_ojwang_neighbor_neighbor_involved_organization_1__ja__surface_003	sw_kenyan_protests_albert_ojwang__involved_organization__012__neighbor__sw_kenyan_protests_albert_ojwang_neighbor_neighbor_involved_organization_1__en__surface_003	sw_kenyan_protests_albert_ojwang	sw_kenyan_protests_albert_ojwang__involved_organization__012	neighbor	surface	involved_organization	True	ok	none	5	5	5	5	Faithful and clear.	Name the organization that requested a clear and open investigation into the death of Albert Ojwang.	U.S. Embassy	アルバート・オジュワンの死について、明確で開かれた調査を求めた組織の名前を挙げてください。	アメリカ大使館	Name the organization that requested a clear and open investigation regarding the death of Albert Ojwang.	American Embassy
ja	ja:009:ar_syrian_offensives_transitional_government__key_event_date__014__neighbor__ar_syrian_offensives_transitional_government_neighbor_neighbor_date_2__ja__core	ar_syrian_offensives_transitional_government__key_event_date__014__neighbor__ar_syrian_offensives_transitional_government_neighbor_neighbor_date_2__ja__core	ar_syrian_offensives_transitional_government__key_event_date__014__neighbor__ar_syrian_offensives_transitional_government_neighbor_neighbor_date_2__en__core	ar_syrian_offensives_transitional_government	ar_syrian_offensives_transitional_government__key_event_date__014	neighbor	core	key_event_date	True	ok	none	5	5	5	5	Accurate translation.	On what date was the Constitutional Declaration of the Syrian Arab Republic ratified by al-Sharaa?	13 March 2025	シリア・アラブ共和国憲法宣言がアル・シャラーによって批准されたのは何年何月何日ですか？	2025年3月13日	On what year, month, and day was the Syrian Arab Republic Constitutional Declaration ratified by Al-Sharaa?	March 13, 2025
ja	ja:010:th_cambodian_border_crisis_myanmar_earthquake__international_response_entity__005__target__th_cambodian_border_crisis_myanmar_earthquake_target_th_cambodian_border_crisis_org_2__ja__surface_002	th_cambodian_border_crisis_myanmar_earthquake__international_response_entity__005__target__th_cambodian_border_crisis_myanmar_earthquake_target_th_cambodian_border_crisis_org_2__ja__surface_002	th_cambodian_border_crisis_myanmar_earthquake__international_response_entity__005__target__th_cambodian_border_crisis_myanmar_earthquake_target_th_cambodian_border_crisis_org_2__en__surface_002	th_cambodian_border_crisis_myanmar_earthquake	th_cambodian_border_crisis_myanmar_earthquake__international_response_entity__005	target	surface	international_response_entity	True	ok	none	5	5	5	5	Flawless translation.	What country called on both sides to reduce tensions regarding the 2025 Cambodian–Thai border crisis?	United States	2025年のカンボジア・タイ国境危機に関して、双方に緊張を緩和するよう呼びかけた国はどこですか？	アメリカ合衆国	Regarding the 2025 Cambodian-Thai border crisis, which country called on both sides to ease tensions?	United States of America
ja	ja:011:en_brian_thompson_killing_luigi_mangione__key_locations__013__neighbor__en_brian_thompson_killing_luigi_mangione_neighbor_neighbor_key_locations_3__ja__core	en_brian_thompson_killing_luigi_mangione__key_locations__013__neighbor__en_brian_thompson_killing_luigi_mangione_neighbor_neighbor_key_locations_3__ja__core	en_brian_thompson_killing_luigi_mangione__key_locations__013__neighbor__en_brian_thompson_killing_luigi_mangione_neighbor_neighbor_key_locations_3__en__core	en_brian_thompson_killing_luigi_mangione	en_brian_thompson_killing_luigi_mangione__key_locations__013	neighbor	core	key_locations	True	ok	none	5	5	5	5	Accurate and natural translation.	In what city did Luigi Mangione reside at a co-living space?	Honolulu	ルイージ・マンジオーネがコリビングスペースに住んでいたのはどの都市ですか？	ホノルル	In which city did Luigi Mangione live in a co-living space?	Honolulu
ja	ja:012:zh_night_ride_kaifeng_henan_cuisine__utilizes_key_element__002__target__zh_night_ride_kaifeng_henan_cuisine_target_12__ja__surface_001	zh_night_ride_kaifeng_henan_cuisine__utilizes_key_element__002__target__zh_night_ride_kaifeng_henan_cuisine_target_12__ja__surface_001	zh_night_ride_kaifeng_henan_cuisine__utilizes_key_element__002__target__zh_night_ride_kaifeng_henan_cuisine_target_12__en__surface_001	zh_night_ride_kaifeng_henan_cuisine	zh_night_ride_kaifeng_henan_cuisine__utilizes_key_element__002	target	surface	utilizes_key_element	True	ok	none	5	5	5	5	Accurate and natural translation.	During the night ride to Kaifeng, what equipment did the traffic police utilize to tell cyclists to turn around?	megaphones	開封への夜間走行中、交通警察はサイクリストに引き返すよう指示するためにどのような機器を使用しましたか？	拡声器	During the night ride to Kaifeng, what kind of equipment did the traffic police use to instruct cyclists to turn back?	Loudspeaker
ja	ja:013:bn_noncooperation_interim_government__key_figures__008__neighbor__bn_noncooperation_interim_government_neighbor_neighbor_key_figures_1__ja__surface_001	bn_noncooperation_interim_government__key_figures__008__neighbor__bn_noncooperation_interim_government_neighbor_neighbor_key_figures_1__ja__surface_001	bn_noncooperation_interim_government__key_figures__008__neighbor__bn_noncooperation_interim_government_neighbor_neighbor_key_figures_1__en__surface_001	bn_noncooperation_interim_government	bn_noncooperation_interim_government__key_figures__008	neighbor	surface	key_figures	True	ok	none	5	5	5	5	Accurate and natural translation.	Which key figure took the oath to become the Chief Adviser of Bangladesh?	Muhammad Yunus	バングラデシュの首席顧問になるための宣誓を行った主要人物は誰ですか？	ムハンマド・ユヌス	Who is the key figure who took the oath to become the Chief Adviser of Bangladesh?	Muhammad Yunus
ja	ja:014:sw_tanzania_protests_general_election__casualty_report__007__target__sw_tanzania_protests_general_election_target_target_casualty_4__ja__surface_003	sw_tanzania_protests_general_election__casualty_report__007__target__sw_tanzania_protests_general_election_target_target_casualty_4__ja__surface_003	sw_tanzania_protests_general_election__casualty_report__007__target__sw_tanzania_protests_general_election_target_target_casualty_4__en__surface_003	sw_tanzania_protests_general_election	sw_tanzania_protests_general_election__casualty_report__007	target	surface	casualty_report	True	ok	none	5	5	5	5	Accurate and natural translation.	The April 2026 government commission report recorded how many deaths resulting from the 2025 Tanzanian election protests?	518	2026年4月の政府委員会報告書は、2025年のタンザニア選挙抗議デモによる死者数を何人と記録していますか？	518	How many deaths did the April 2026 government committee report record from the 2025 Tanzania election protests?	518
ja	ja:015:fr_olympics_opening_closing_ceremony__athlete_participant__013__target__fr_olympics_opening_closing_ceremony_target_target_athlete_participant_2__ja__core	fr_olympics_opening_closing_ceremony__athlete_participant__013__target__fr_olympics_opening_closing_ceremony_target_target_athlete_participant_2__ja__core	fr_olympics_opening_closing_ceremony__athlete_participant__013__target__fr_olympics_opening_closing_ceremony_target_target_athlete_participant_2__en__core	fr_olympics_opening_closing_ceremony	fr_olympics_opening_closing_ceremony__athlete_participant__013	target	core	athlete_participant	True	ok	none	5	5	5	5	Accurate and natural translation.	Who carried the Olympic flame during the 2024 Summer Olympics opening ceremony?	Rafael Nadal	2024年夏季オリンピックの開会式でオリンピック聖火を運んだのは誰ですか？	ラファエル・ナダル	Who carried the Olympic flame at the opening ceremony of the 2024 Summer Olympics?	Rafael Nadal
ja	ja:016:sw_goma_offensive_drc_rwanda_peace__key_figure__011__neighbor__sw_goma_offensive_drc_rwanda_peace_neighbor_neighbor_card_14__ja__surface_003	sw_goma_offensive_drc_rwanda_peace__key_figure__011__neighbor__sw_goma_offensive_drc_rwanda_peace_neighbor_neighbor_card_14__ja__surface_003	sw_goma_offensive_drc_rwanda_peace__key_figure__011__neighbor__sw_goma_offensive_drc_rwanda_peace_neighbor_neighbor_card_14__en__surface_003	sw_goma_offensive_drc_rwanda_peace	sw_goma_offensive_drc_rwanda_peace__key_figure__011	neighbor	surface	key_figure	True	ok	none	5	5	5	5	Accurate and natural translation.	The Washington Peace Accords were signed by which foreign minister of Rwanda?	Olivier Nduhungirehe	ワシントン和平合意は、ルワンダのどの外務大臣によって署名されましたか？	オリヴィエ・ンドゥフンギレヘ	By which Minister of Foreign Affairs of Rwanda was the Washington Peace Agreement signed?	Olivier Nduhungirehe
ja	ja:017:ja_hyogo_gubernatorial_2025_ldp_presidential__candidate__003__target__ja_hyogo_gubernatorial_2025_ldp_presidential_target_target_candidate_1__ja__surface_001	ja_hyogo_gubernatorial_2025_ldp_presidential__candidate__003__target__ja_hyogo_gubernatorial_2025_ldp_presidential_target_target_candidate_1__ja__surface_001	ja_hyogo_gubernatorial_2025_ldp_presidential__candidate__003__target__ja_hyogo_gubernatorial_2025_ldp_presidential_target_target_candidate_1__en__surface_001	ja_hyogo_gubernatorial_2025_ldp_presidential	ja_hyogo_gubernatorial_2025_ldp_presidential__candidate__003	target	surface	candidate	True	ok	none	5	5	5	5	Accurate and natural translation.	Which politician ran for office in the 2024 Hyogo gubernatorial election?	Motohiko Saitō	2024年の兵庫県知事選挙に立候補した政治家は誰ですか？	斎藤元彦	Who is the politician that ran in the 2024 Hyogo gubernatorial election?	Motohiko Saito
ja	ja:018:th_political_crisis_same_sex_marriage__involved_organization__015__target__th_political_crisis_same_sex_marriage_target_th_political_crisis_2025_involved_organization_2__ja__surface_001	th_political_crisis_same_sex_marriage__involved_organization__015__target__th_political_crisis_same_sex_marriage_target_th_political_crisis_2025_involved_organization_2__ja__surface_001	th_political_crisis_same_sex_marriage__involved_organization__015__target__th_political_crisis_same_sex_marriage_target_th_political_crisis_2025_involved_organization_2__en__surface_001	th_political_crisis_same_sex_marriage	th_political_crisis_same_sex_marriage__involved_organization__015	target	surface	involved_organization	True	ok	none	5	5	5	5	Accurate and natural translation. Good use of accepted Japanese names for Thai political parties.	Prior to the Bhumjaithai Party withdrawing in 2025, what organization was at the head of the governing coalition?	Pheu Thai Party	2025年にタイ誇り党が離脱する前、連立政権のトップに立っていた組織は何ですか？	タイ貢献党	What organization headed the coalition government before the Bhumjaithai Party withdrew in 2025?	Pheu Thai Party
ja	ja:019:ar_syrian_offensives_transitional_government__leadership_role__007__target__ar_syrian_offensives_transitional_government_target_target_leadership_3__ja__core	ar_syrian_offensives_transitional_government__leadership_role__007__target__ar_syrian_offensives_transitional_government_target_target_leadership_3__ja__core	ar_syrian_offensives_transitional_government__leadership_role__007__target__ar_syrian_offensives_transitional_government_target_target_leadership_3__en__core	ar_syrian_offensives_transitional_government	ar_syrian_offensives_transitional_government__leadership_role__007	target	core	leadership_role	True	ok	none	5	5	5	5	Accurate and natural translation.	Who fled Damascus and was granted asylum by the Russian government during the 2024 Syrian opposition offensives?	Bashar al-Assad	2024年のシリア反体制派による攻勢の際、ダマスカスから逃亡し、ロシア政府に亡命を許可されたのは誰ですか？	バッシャール・アル＝アサド	Who fled from Damascus and was granted asylum by the Russian government during the 2024 Syrian rebel offensive?	Bashar al-Assad
ja	ja:020:ar_lebanon_device_attacks_hq_strike__location_of_event__010__target__ar_lebanon_device_attacks_hq_strike_target_location_2__ja__core	ar_lebanon_device_attacks_hq_strike__location_of_event__010__target__ar_lebanon_device_attacks_hq_strike_target_location_2__ja__core	ar_lebanon_device_attacks_hq_strike__location_of_event__010__target__ar_lebanon_device_attacks_hq_strike_target_location_2__en__core	ar_lebanon_device_attacks_hq_strike	ar_lebanon_device_attacks_hq_strike__location_of_event__010	target	core	location_of_event	True	ok	none	5	5	5	5	Accurate and natural translation.	In which country, besides Lebanon, did the 2024 Lebanon electronic device attacks cause explosions?	Syria	2024年のレバノン電子機器爆発事件において、レバノン以外で爆発が発生した国はどこですか？	シリア	In the 2024 Lebanon electronic device explosions, in which country other than Lebanon did explosions occur?	Syria
ja	ja:021:en_uk_riots_southport_stabbings__involved_city_or_town__001__target__en_uk_riots_southport_stabbings_target_target_city_1__ja__core	en_uk_riots_southport_stabbings__involved_city_or_town__001__target__en_uk_riots_southport_stabbings_target_target_city_1__ja__core	en_uk_riots_southport_stabbings__involved_city_or_town__001__target__en_uk_riots_southport_stabbings_target_target_city_1__en__core	en_uk_riots_southport_stabbings	en_uk_riots_southport_stabbings__involved_city_or_town__001	target	core	involved_city_or_town	True	ok	none	5	5	5	5	Accurate and natural translation.	In which town did the 2024 United Kingdom race riots begin?	Southport	2024年のイギリスの人種暴動はどの町で始まりましたか？	サウスポート	In which town did the 2024 UK race riots start?	Southport
ja	ja:022:bn_anti_hindu_violence_national_citizen_party__associated_event__004__neighbor__bn_anti_hindu_violence_national_citizen_party_neighbor_neighbor_associated_event_1__ja__surface_001	bn_anti_hindu_violence_national_citizen_party__associated_event__004__neighbor__bn_anti_hindu_violence_national_citizen_party_neighbor_neighbor_associated_event_1__ja__surface_001	bn_anti_hindu_violence_national_citizen_party__associated_event__004__neighbor__bn_anti_hindu_violence_national_citizen_party_neighbor_neighbor_associated_event_1__en__surface_001	bn_anti_hindu_violence_national_citizen_party	bn_anti_hindu_violence_national_citizen_party__associated_event__004	neighbor	surface	associated_event	True	ok	none	5	5	5	5	Accurate and natural translation.	The National Citizen Party was established following which major event?	July Uprising	国民市民党は、どの主要な出来事の後に設立されましたか？	7月蜂起	After which major event was the National Citizen Party established?	July Uprising
ja	ja:023:fr_imane_khelif_olympic_boxing__event_year__006__neighbor__fr_imane_khelif_olympic_boxing_neighbor_15__ja__core	fr_imane_khelif_olympic_boxing__event_year__006__neighbor__fr_imane_khelif_olympic_boxing_neighbor_15__ja__core	fr_imane_khelif_olympic_boxing__event_year__006__neighbor__fr_imane_khelif_olympic_boxing_neighbor_15__en__core	fr_imane_khelif_olympic_boxing	fr_imane_khelif_olympic_boxing__event_year__006	neighbor	core	event_year	True	ok	none	5	5	5	5	Accurate and natural translation.	In what year was the previous edition of the Summer Olympics referenced for quota comparisons held?	2020	出場枠の比較のために参照された前回の夏季オリンピックは、何年に開催されましたか？	2020	In what year was the previous Summer Olympics held, which was referenced for the comparison of participation quotas?	2020
ja	ja:024:bn_noncooperation_interim_government__countries_or_international_organizations_involved__004__neighbor__bn_noncooperation_interim_government_neighbor_neighbor_countries_2__ja__surface_001	bn_noncooperation_interim_government__countries_or_international_organizations_involved__004__neighbor__bn_noncooperation_interim_government_neighbor_neighbor_countries_2__ja__surface_001	bn_noncooperation_interim_government__countries_or_international_organizations_involved__004__neighbor__bn_noncooperation_interim_government_neighbor_neighbor_countries_2__en__surface_001	bn_noncooperation_interim_government	bn_noncooperation_interim_government__countries_or_international_organizations_involved__004	neighbor	surface	countries_or_international_organizations_involved	True	ok	none	5	5	5	5	Accurate and natural translation.	During his interim government, Muhammad Yunus held a meeting in Dhaka with the High Commissioner of which nation?	Malaysia	ムハマド・ユヌスは自身の暫定政権下で、ダッカにてどの国の高等弁務官と会談を行いましたか？	マレーシア	Which country's High Commissioner did Muhammad Yunus hold a meeting with in Dhaka under his interim government?	Malaysia
ja	ja:025:zh_zhuhai_car_attack_wuxi_stabbing__aftermath_response__015__neighbor__zh_zhuhai_car_attack_wuxi_stabbing_neighbor_wuxi_aft_2__ja__surface_002	zh_zhuhai_car_attack_wuxi_stabbing__aftermath_response__015__neighbor__zh_zhuhai_car_attack_wuxi_stabbing_neighbor_wuxi_aft_2__ja__surface_002	zh_zhuhai_car_attack_wuxi_stabbing__aftermath_response__015__neighbor__zh_zhuhai_car_attack_wuxi_stabbing_neighbor_wuxi_aft_2__en__surface_002	zh_zhuhai_car_attack_wuxi_stabbing	zh_zhuhai_car_attack_wuxi_stabbing__aftermath_response__015	neighbor	surface	aftermath_response	True	ok	none	5	5	5	5	Accurate and natural translation. The slight voice mismatch between the question and the expected answer mirrors the English source perfectly.	Following the 2024 Wuxi stabbing, what did security personnel do with the floral tributes at the college?	removed by security	2024年の無錫刺傷事件の後、警備員は大学の献花をどうしましたか？	警備員によって撤去された	After the 2024 Wuxi stabbing incident, what did the security guards do with the floral tributes at the university?	Removed by security guards
ja	ja:026:es_venezuela_protests_presidential_election__event_location__006__neighbor__es_venezuela_protests_presidential_election_neighbor_neighbor_event_location_3__ja__surface_001	es_venezuela_protests_presidential_election__event_location__006__neighbor__es_venezuela_protests_presidential_election_neighbor_neighbor_event_location_3__ja__surface_001	es_venezuela_protests_presidential_election__event_location__006__neighbor__es_venezuela_protests_presidential_election_neighbor_neighbor_event_location_3__en__surface_001	es_venezuela_protests_presidential_election	es_venezuela_protests_presidential_election__event_location__006	neighbor	surface	event_location	True	ok	none	5	5	5	5	Accurate and natural translation.	Name a city connected to the 2024 Venezuelan presidential election.	Cumaná	2024年ベネズエラ大統領選挙に関連する都市を1つ挙げてください。	クマナ	Please name one city related to the 2024 Venezuelan presidential election.	Cumana
ja	ja:027:es_venezuela_crisis_uruguay_election__international_reaction_country__007__target__es_venezuela_crisis_uruguay_election_target_target_intl_reaction_7__ja__surface_003	es_venezuela_crisis_uruguay_election__international_reaction_country__007__target__es_venezuela_crisis_uruguay_election_target_target_intl_reaction_7__ja__surface_003	es_venezuela_crisis_uruguay_election__international_reaction_country__007__target__es_venezuela_crisis_uruguay_election_target_target_intl_reaction_7__en__surface_003	es_venezuela_crisis_uruguay_election	es_venezuela_crisis_uruguay_election__international_reaction_country__007	target	surface	international_reaction_country	True	ok	none	5	5	5	5	Accurate and natural translation.	What country's government insisted on counting every vote and releasing the comprehensive vote tally amidst the 2024 Venezuelan political crisis?	Brazil	2024年のベネズエラ政治危機の最中、すべての票を集計し、包括的な集計結果を公表するよう強く求めたのはどの国の政府ですか？	ブラジル	During the 2024 Venezuelan political crisis, which country's government strongly requested to count all votes and publish comprehensive tally results?	Brazil
ja	ja:028:ar_lebanon_device_attacks_hq_strike__statement_by_key_figure__013__neighbor__ar_lebanon_device_attacks_hq_strike_neighbor_statement_1__ja__surface_003	ar_lebanon_device_attacks_hq_strike__statement_by_key_figure__013__neighbor__ar_lebanon_device_attacks_hq_strike_neighbor_statement_1__ja__surface_003	ar_lebanon_device_attacks_hq_strike__statement_by_key_figure__013__neighbor__ar_lebanon_device_attacks_hq_strike_neighbor_statement_1__en__surface_003	ar_lebanon_device_attacks_hq_strike	ar_lebanon_device_attacks_hq_strike__statement_by_key_figure__013	neighbor	surface	statement_by_key_figure	True	ok	none	5	5	5	5	Accurate and natural translation.	Who gave a speech to the United Nations claiming Israel's dedication to peace right before the 2024 Hezbollah headquarters strike?	Benjamin Netanyahu	2024年のヒズボラ本部攻撃の直前に、イスラエルの平和への献身を主張して国連で演説を行ったのは誰ですか？	ベンヤミン・ネタニヤフ	Who gave a speech at the United Nations asserting Israel's dedication to peace just before the 2024 Hezbollah headquarters attack?	Benjamin Netanyahu
ja	ja:029:en_uk_riots_southport_stabbings__responding_official_or_politician__009__neighbor__en_uk_riots_southport_stabbings_neighbor_neighbor_official_2__ja__core	en_uk_riots_southport_stabbings__responding_official_or_politician__009__neighbor__en_uk_riots_southport_stabbings_neighbor_neighbor_official_2__ja__core	en_uk_riots_southport_stabbings__responding_official_or_politician__009__neighbor__en_uk_riots_southport_stabbings_neighbor_neighbor_official_2__en__core	en_uk_riots_southport_stabbings	en_uk_riots_southport_stabbings__responding_official_or_politician__009	neighbor	core	responding_official_or_politician	True	ok	none	5	5	5	5	Accurate and natural translation.	Which Home Secretary stated she was concerned by the Southport incident and praised the courageous response of the emergency services?	Yvette Cooper	どの内務大臣が、サウスポートの事件を懸念していると述べ、緊急サービスの勇敢な対応を称賛しましたか？	イヴェット・クーパー	Which Home Secretary stated that they were concerned about the Southport incident and praised the brave response of the emergency services?	Yvette Cooper
ja	ja:030:fr_pelicot_case_gisele_pelicot__family_member__013__target__fr_pelicot_case_gisele_pelicot_target_target_family_member_1__ja__surface_003	fr_pelicot_case_gisele_pelicot__family_member__013__target__fr_pelicot_case_gisele_pelicot_target_target_family_member_1__ja__surface_003	fr_pelicot_case_gisele_pelicot__family_member__013__target__fr_pelicot_case_gisele_pelicot_target_target_family_member_1__en__surface_003	fr_pelicot_case_gisele_pelicot	fr_pelicot_case_gisele_pelicot__family_member__013	target	surface	family_member	True	ok	none	5	5	5	5	Accurate and natural translation.	Can you name the son born into the Pelicot family?	David	ペリコ家に生まれた息子の名前を教えてもらえますか？	ダビッド	Could you tell me the name of the son born into the Pelicot family?	David
ja	ja:031:en_brian_thompson_killing_luigi_mangione__involved_legal_figures__015__target__en_brian_thompson_killing_luigi_mangione_target_target_involved_legal_figures_2__ja__surface_001	en_brian_thompson_killing_luigi_mangione__involved_legal_figures__015__target__en_brian_thompson_killing_luigi_mangione_target_target_involved_legal_figures_2__ja__surface_001	en_brian_thompson_killing_luigi_mangione__involved_legal_figures__015__target__en_brian_thompson_killing_luigi_mangione_target_target_involved_legal_figures_2__en__surface_001	en_brian_thompson_killing_luigi_mangione	en_brian_thompson_killing_luigi_mangione__involved_legal_figures__015	target	surface	involved_legal_figures	True	ok	none	5	5	5	5	Accurate and natural translation.	Which lawyer represented Luigi Mangione as his defense attorney?	Thomas Dickey	どの弁護士が弁護人としてルイジ・マンジオーネの代理人を務めましたか？	トーマス・ディッキー	Which lawyer represented Luigi Mangione as defense counsel?	Thomas Dickey
ja	ja:032:sw_goma_offensive_drc_rwanda_peace__key_date__015__target__sw_goma_offensive_drc_rwanda_peace_target_target_card_25__ja__surface_002	sw_goma_offensive_drc_rwanda_peace__key_date__015__target__sw_goma_offensive_drc_rwanda_peace_target_target_card_25__ja__surface_002	sw_goma_offensive_drc_rwanda_peace__key_date__015__target__sw_goma_offensive_drc_rwanda_peace_target_target_card_25__en__surface_002	sw_goma_offensive_drc_rwanda_peace	sw_goma_offensive_drc_rwanda_peace__key_date__015	target	surface	key_date	True	ok	none	5	5	5	5	Accurate and natural translation.	What was the exact date of Sake's capture by M23 during the 2025 Goma offensive?	January 23	2025年のゴマ攻勢において、M23がサケを制圧した正確な日付はいつですか？	1月23日	What is the exact date when M23 captured Sake in the 2025 Goma offensive?	January 23
ja	ja:033:de_aschaffenburg_stabbing_merz_cabinet__participant__009__target__de_aschaffenburg_stabbing_merz_cabinet_target_target_participant_2__ja__core	de_aschaffenburg_stabbing_merz_cabinet__participant__009__target__de_aschaffenburg_stabbing_merz_cabinet_target_target_participant_2__ja__core	de_aschaffenburg_stabbing_merz_cabinet__participant__009__target__de_aschaffenburg_stabbing_merz_cabinet_target_target_participant_2__en__core	de_aschaffenburg_stabbing_merz_cabinet	de_aschaffenburg_stabbing_merz_cabinet__participant__009	target	core	participant	True	ok	none	5	5	5	5	Accurate and natural translation.	Which Chancellor's government increased deportations following the 2025 Aschaffenburg stabbing attack?	Friedrich Merz	2025年のアシャッフェンブルク刺傷事件の後、強制送還を増やしたのはどの首相の政権ですか？	フリードリヒ・メルツ	Which chancellor's administration increased deportations after the 2025 Aschaffenburg stabbing incident?	Friedrich Merz
ja	ja:034:sw_kenyan_protests_albert_ojwang__location__002__neighbor__sw_kenyan_protests_albert_ojwang_neighbor_neighbor_location_1__ja__surface_001	sw_kenyan_protests_albert_ojwang__location__002__neighbor__sw_kenyan_protests_albert_ojwang_neighbor_neighbor_location_1__ja__surface_001	sw_kenyan_protests_albert_ojwang__location__002__neighbor__sw_kenyan_protests_albert_ojwang_neighbor_neighbor_location_1__en__surface_001	sw_kenyan_protests_albert_ojwang	sw_kenyan_protests_albert_ojwang__location__002	neighbor	surface	location	True	ok	none	5	5	5	5	Accurate and natural translation.	Where was the police detention facility located where Albert Omondi Ojwang passed away?	Nairobi	アルバート・オモンディ・オジュワングが亡くなった警察の拘置施設はどこにありましたか？	ナイロビ	Where was the police detention facility located where Albert Omondi Ojwang died?	Nairobi
ja	ja:035:bn_hasina_resignation_2026_election__significant_date__014__target__bn_hasina_resignation_2026_election_target_18__ja__core	bn_hasina_resignation_2026_election__significant_date__014__target__bn_hasina_resignation_2026_election_target_18__ja__core	bn_hasina_resignation_2026_election__significant_date__014__target__bn_hasina_resignation_2026_election_target_18__en__core	bn_hasina_resignation_2026_election	bn_hasina_resignation_2026_election__significant_date__014	target	core	significant_date	True	ok	none	5	5	5	5	Accurate and natural translation.	On what date did Students Against Discrimination declare a one-point demand for the resignation of Sheikh Hasina?	3 August 2024	差別反対学生運動がシェイク・ハシナの辞任を求める1項目の要求を宣言したのは何年何月何日ですか？	2024年8月3日	On what date did the Anti-Discrimination Student Movement declare a one-point demand demanding the resignation of Sheikh Hasina?	August 3, 2024
ja	ja:036:ja_hyuga_nada_earthquake_expo_pavilions__organization_involved__012__target__ja_hyuga_nada_earthquake_expo_pavilions_target_target_organization_2__ja__surface_001	ja_hyuga_nada_earthquake_expo_pavilions__organization_involved__012__target__ja_hyuga_nada_earthquake_expo_pavilions_target_target_organization_2__ja__surface_001	ja_hyuga_nada_earthquake_expo_pavilions__organization_involved__012__target__ja_hyuga_nada_earthquake_expo_pavilions_target_target_organization_2__en__surface_001	ja_hyuga_nada_earthquake_expo_pavilions	ja_hyuga_nada_earthquake_expo_pavilions__organization_involved__012	target	surface	organization_involved	True	ok	none	5	5	5	5	Correctly uses official terminology.	Following the 2024 Hyūga-nada earthquake, what agency released the 'Nankai Trough Earthquake Extra Information' advisory?	Japan Meteorological Agency	2024年の日向灘地震の後、「南海トラフ地震臨時情報」を発表した機関はどこですか？	気象庁	"After the 2024 Hyuga-nada earthquake, which organization announced the ""Nankai Trough Earthquake Extra Information""?"	Japan Meteorological Agency
ja	ja:037:sw_tanzania_protests_general_election__involved_organization__013__target__sw_tanzania_protests_general_election_target_target_org_1__ja__surface_002	sw_tanzania_protests_general_election__involved_organization__013__target__sw_tanzania_protests_general_election_target_target_org_1__ja__surface_002	sw_tanzania_protests_general_election__involved_organization__013__target__sw_tanzania_protests_general_election_target_target_org_1__en__surface_002	sw_tanzania_protests_general_election	sw_tanzania_protests_general_election__involved_organization__013	target	surface	involved_organization	True	ok	none	5	5	5	5	Accurate and natural translation.	The claim that between 1,000 and 2,000 people died in the 2025 Tanzanian election protests was made by which political party?	Chadema	2025年のタンザニア選挙抗議デモで1,000人から2,000人が死亡したと主張した政党はどこですか？	チャデマ	Which political party claimed that 1,000 to 2,000 people died in the 2025 Tanzania election protests?	Chadema
ja	ja:038:ar_syrian_offensives_transitional_government__international_reaction__005__target__ar_syrian_offensives_transitional_government_target_target_reaction_4__ja__surface_003	ar_syrian_offensives_transitional_government__international_reaction__005__target__ar_syrian_offensives_transitional_government_target_target_reaction_4__ja__surface_003	ar_syrian_offensives_transitional_government__international_reaction__005__target__ar_syrian_offensives_transitional_government_target_target_reaction_4__en__surface_003	ar_syrian_offensives_transitional_government	ar_syrian_offensives_transitional_government__international_reaction__005	target	surface	international_reaction	True	ok	none	5	5	5	5	Accurate and natural translation.	The call to stop the airstrikes on Idlib during the 2024 Syrian opposition offensives was made by which country?	Turkey	2024年のシリア反体制派の攻勢において、イドリブへの空爆停止を要求したのはどの国ですか？	トルコ	Which country demanded a halt to airstrikes on Idlib during the 2024 Syrian rebel offensive?	Turkey
ja	ja:039:en_uk_riots_southport_stabbings__involved_person_or_key_figure__014__target__en_uk_riots_southport_stabbings_target_target_person_3__ja__core	en_uk_riots_southport_stabbings__involved_person_or_key_figure__014__target__en_uk_riots_southport_stabbings_target_target_person_3__ja__core	en_uk_riots_southport_stabbings__involved_person_or_key_figure__014__target__en_uk_riots_southport_stabbings_target_target_person_3__en__core	en_uk_riots_southport_stabbings	en_uk_riots_southport_stabbings__involved_person_or_key_figure__014	target	core	involved_person_or_key_figure	True	ok	none	5	5	5	5	Accurate and natural translation.	Who was filmed addressing a crowd at a counter-protest in Walthamstow, stating that fascists' throats should be cut?	Ricky Jones	ウォルサムストウでの対抗抗議活動で群衆に向かって演説し、ファシストの喉を切り裂くべきだと発言しているところを映像に撮られたのは誰ですか？	リッキー・ジョーンズ	Who was filmed addressing a crowd at a counter-protest in Walthamstow and saying that fascists' throats should be slit?	Ricky Jones
ja	ja:040:ar_lebanon_device_attacks_hq_strike__reaction_by_country_or_org__007__target__ar_lebanon_device_attacks_hq_strike_target_reaction_6__ja__surface_001	ar_lebanon_device_attacks_hq_strike__reaction_by_country_or_org__007__target__ar_lebanon_device_attacks_hq_strike_target_reaction_6__ja__surface_001	ar_lebanon_device_attacks_hq_strike__reaction_by_country_or_org__007__target__ar_lebanon_device_attacks_hq_strike_target_reaction_6__en__surface_001	ar_lebanon_device_attacks_hq_strike	ar_lebanon_device_attacks_hq_strike__reaction_by_country_or_org__007	target	surface	reaction_by_country_or_org	True	ok	none	5	5	5	5	Accurate and natural translation.	What nation expressed opposition to any act infringing on Lebanon's sovereignty in response to the 2024 Lebanon electronic device attacks?	China	2024年のレバノン電子機器攻撃を受けて、レバノンの主権を侵害するいかなる行為にも反対を表明した国はどこですか？	中国	Following the 2024 Lebanon electronic device attacks, which country expressed opposition to any acts that violate Lebanon's sovereignty?	China
ja	ja:041:th_audit_office_bangkok_road_collapse__event_measurements__008__target__th_audit_office_bangkok_road_collapse_target_target_event_measurements_2__ja__surface_002	th_audit_office_bangkok_road_collapse__event_measurements__008__target__th_audit_office_bangkok_road_collapse_target_target_event_measurements_2__ja__surface_002	th_audit_office_bangkok_road_collapse__event_measurements__008__target__th_audit_office_bangkok_road_collapse_target_target_event_measurements_2__en__surface_002	th_audit_office_bangkok_road_collapse	th_audit_office_bangkok_road_collapse__event_measurements__008	target	surface	event_measurements	True	ok	none	5	5	5	5	Perfectly accurate and natural translation.	In the collapse of the Thailand State Audit Office building, how many individuals sustained injuries?	9 injuries	タイ国家監査局ビルの倒壊で、何人が負傷しましたか？	負傷者9人	How many people were injured in the collapse of the Thai State Audit Office building?	9 injured people
ja	ja:042:bn_anti_hindu_violence_national_citizen_party__target_demographic__002__neighbor__bn_anti_hindu_violence_national_citizen_party_neighbor_neighbor_target_demographic_2__ja__surface_002	bn_anti_hindu_violence_national_citizen_party__target_demographic__002__neighbor__bn_anti_hindu_violence_national_citizen_party_neighbor_neighbor_target_demographic_2__ja__surface_002	bn_anti_hindu_violence_national_citizen_party__target_demographic__002__neighbor__bn_anti_hindu_violence_national_citizen_party_neighbor_neighbor_target_demographic_2__en__surface_002	bn_anti_hindu_violence_national_citizen_party	bn_anti_hindu_violence_national_citizen_party__target_demographic__002	neighbor	surface	target_demographic	True	ok	none	5	5	5	5	Accurate and natural translation.	What demographic group makes up the protest leaders who are key figures in the National Citizen Party?	Gen Z	国民市民党の主要人物である抗議活動のリーダーを構成しているのは、どの人口集団ですか？	Z世代	Which demographic group makes up the protest leaders who are key figures of the National Citizen Party?	Generation Z
ja	ja:043:en_tesla_vandalism_doge__employed_tactic__007__target__en_tesla_vandalism_doge_target_target_employed_tactic_1__ja__surface_002	en_tesla_vandalism_doge__employed_tactic__007__target__en_tesla_vandalism_doge_target_target_employed_tactic_1__ja__surface_002	en_tesla_vandalism_doge__employed_tactic__007__target__en_tesla_vandalism_doge_target_target_employed_tactic_1__en__surface_002	en_tesla_vandalism_doge	en_tesla_vandalism_doge__employed_tactic__007	target	surface	employed_tactic	True	ok	none	5	5	5	5	Accurate and well-translated.	What method of defacement led to a woman's arrest at a Tesla dealership in Buffalo Grove?	spray-painting	バッファロー・グローブのテスラ販売店で女性が逮捕される原因となった汚損行為の方法は何ですか？	スプレーペイント	What was the method of vandalism that caused a woman to be arrested at the Tesla dealership in Buffalo Grove?	Spray paint
ja	ja:044:ar_haniyeh_assassination_masoud_pezeshkian__associated_person__007__neighbor__ar_haniyeh_assassination_masoud_pezeshkian_neighbor_1__ja__surface_002	ar_haniyeh_assassination_masoud_pezeshkian__associated_person__007__neighbor__ar_haniyeh_assassination_masoud_pezeshkian_neighbor_1__ja__surface_002	ar_haniyeh_assassination_masoud_pezeshkian__associated_person__007__neighbor__ar_haniyeh_assassination_masoud_pezeshkian_neighbor_1__en__surface_002	ar_haniyeh_assassination_masoud_pezeshkian	ar_haniyeh_assassination_masoud_pezeshkian__associated_person__007	neighbor	surface	associated_person	True	ok	none	5	5	5	5	Excellent translation, accurately conveying the original meaning.	In 1997, Masoud Pezeshkian entered the administration of which leader?	Mohammad Khatami	1997年、マスウド・ペゼシュキアンはどの指導者の政権に加わりましたか？	モハンマド・ハータミー	In 1997, which leader's administration did Masoud Pezeshkian join?	Mohammad Khatami
ja	ja:045:de_aschaffenburg_stabbing_merz_cabinet__participant__010__neighbor__de_aschaffenburg_stabbing_merz_cabinet_neighbor_neighbor_participant_3__ja__surface_001	de_aschaffenburg_stabbing_merz_cabinet__participant__010__neighbor__de_aschaffenburg_stabbing_merz_cabinet_neighbor_neighbor_participant_3__ja__surface_001	de_aschaffenburg_stabbing_merz_cabinet__participant__010__neighbor__de_aschaffenburg_stabbing_merz_cabinet_neighbor_neighbor_participant_3__en__surface_001	de_aschaffenburg_stabbing_merz_cabinet	de_aschaffenburg_stabbing_merz_cabinet__participant__010	neighbor	surface	participant	True	ok	none	5	5	5	5	Accurate and natural.	Which person headed Germany's fourth cabinet serving from 2018 to 2021?	Angela Merkel	2018年から2021年まで在任したドイツの第4次内閣を率いた人物は誰ですか？	アンゲラ・メルケル	Who led the fourth cabinet of Germany that served from 2018 to 2021?	Angela Merkel
ja	ja:046:de_aschaffenburg_stabbing_merz_cabinet__participant_role__006__neighbor__de_aschaffenburg_stabbing_merz_cabinet_neighbor_neighbor_role_4__ja__surface_002	de_aschaffenburg_stabbing_merz_cabinet__participant_role__006__neighbor__de_aschaffenburg_stabbing_merz_cabinet_neighbor_neighbor_role_4__ja__surface_002	de_aschaffenburg_stabbing_merz_cabinet__participant_role__006__neighbor__de_aschaffenburg_stabbing_merz_cabinet_neighbor_neighbor_role_4__en__surface_002	de_aschaffenburg_stabbing_merz_cabinet	de_aschaffenburg_stabbing_merz_cabinet__participant_role__006	neighbor	surface	participant_role	True	ok	none	5	5	5	5	Accurate and idiomatic translation.	In the Merz cabinet, which ministerial title is held by Boris Pistorius?	Defence Minister	メルツ内閣において、ボリス・ピストリウスはどの大臣職に就いていますか？	国防大臣	In the Merz cabinet, which ministerial position does Boris Pistorius hold?	Minister of Defense
ja	ja:047:bn_hasina_resignation_2026_election__significant_date__013__target__bn_hasina_resignation_2026_election_target_17__ja__surface_002	bn_hasina_resignation_2026_election__significant_date__013__target__bn_hasina_resignation_2026_election_target_17__ja__surface_002	bn_hasina_resignation_2026_election__significant_date__013__target__bn_hasina_resignation_2026_election_target_17__en__surface_002	bn_hasina_resignation_2026_election	bn_hasina_resignation_2026_election__significant_date__013	target	surface	significant_date	True	ok	none	5	5	5	5	The translation is precise and natural.	What was the exact date Sheikh Hasina took office for her initial term as Bangladesh's Prime Minister?	23 June 1996	シェイク・ハシナがバングラデシュの首相として最初の任期に就任した正確な日付はいつですか？	1996年6月23日	What is the exact date when Sheikh Hasina took office for her first term as Prime Minister of Bangladesh?	June 23, 1996
ja	ja:048:sw_tanzania_protests_general_election__casualty_report__006__neighbor__sw_tanzania_protests_general_election_neighbor_neighbor_casualty_2__ja__core	sw_tanzania_protests_general_election__casualty_report__006__neighbor__sw_tanzania_protests_general_election_neighbor_neighbor_casualty_2__ja__core	sw_tanzania_protests_general_election__casualty_report__006__neighbor__sw_tanzania_protests_general_election_neighbor_neighbor_casualty_2__en__core	sw_tanzania_protests_general_election	sw_tanzania_protests_general_election__casualty_report__006	neighbor	core	casualty_report	True	ok	none	5	5	5	5	Meaning is fully preserved; completely natural.	How many people did opposition sources claim were killed nationwide during the 2025 Tanzanian general election?	700	2025年のタンザニア総選挙中、野党の情報筋は全国で何人が殺害されたと主張しましたか？	700	During the 2025 Tanzanian general election, how many people did opposition sources claim were killed nationwide?	700
ja	ja:049:th_audit_office_bangkok_road_collapse__event_dates__012__target__th_audit_office_bangkok_road_collapse_target_target_event_dates_2__ja__surface_003	th_audit_office_bangkok_road_collapse__event_dates__012__target__th_audit_office_bangkok_road_collapse_target_target_event_dates_2__ja__surface_003	th_audit_office_bangkok_road_collapse__event_dates__012__target__th_audit_office_bangkok_road_collapse_target_target_event_dates_2__en__surface_003	th_audit_office_bangkok_road_collapse	th_audit_office_bangkok_road_collapse__event_dates__012	target	surface	event_dates	True	ok	none	5	5	5	5	Accurate and natural.	What was the date of Thai Prime Minister Paetongtarn Shinawatra's follow-up visit to the collapsed Thailand State Audit Office building?	2 April	タイのペートンターン・シナワット首相による、崩落したタイ国家会計検査局の建物への再訪問の日付はいつですか？	4月2日	What is the date of Thai Prime Minister Paetongtarn Shinawatra's revisit to the collapsed State Audit Office of Thailand building?	April 2
ja	ja:050:zh_shenzhen_stabbing_wuxi_stabbing__aftermath_actions__013__target__zh_shenzhen_stabbing_wuxi_stabbing_target_target_action_4__ja__core	zh_shenzhen_stabbing_wuxi_stabbing__aftermath_actions__013__target__zh_shenzhen_stabbing_wuxi_stabbing_target_target_action_4__ja__core	zh_shenzhen_stabbing_wuxi_stabbing__aftermath_actions__013__target__zh_shenzhen_stabbing_wuxi_stabbing_target_target_action_4__en__core	zh_shenzhen_stabbing_wuxi_stabbing	zh_shenzhen_stabbing_wuxi_stabbing__aftermath_actions__013	target	core	aftermath_actions	True	ok	none	5	5	5	5	Good translation, both question and answer are natural and accurate.	What action did Japanese schools in Guangzhou and Beijing take following the 2024 Shenzhen stabbing?	stopped extracurricular activities	2024年の深圳での刺傷事件を受けて、広州と北京の日本人学校はどのような行動をとりましたか？	課外活動を中止した	In response to the 2024 stabbing incident in Shenzhen, what actions did the Japanese schools in Guangzhou and Beijing take?	Canceled extracurricular activities
ja	ja:051:es_venezuela_protests_presidential_election__event_location__005__target__es_venezuela_protests_presidential_election_target_target_event_location_4__ja__surface_001	es_venezuela_protests_presidential_election__event_location__005__target__es_venezuela_protests_presidential_election_target_target_event_location_4__ja__surface_001	es_venezuela_protests_presidential_election__event_location__005__target__es_venezuela_protests_presidential_election_target_target_event_location_4__en__surface_001	es_venezuela_protests_presidential_election	es_venezuela_protests_presidential_election__event_location__005	target	surface	event_location	True	ok	none	5	5	5	5	Accurate and natural translation.	Name a location where the 2024 Venezuelan presidential election protests took place.	Madrid	2024年ベネズエラ大統領選挙の抗議活動が行われた場所を1つ挙げてください。	マドリード	Please name one location where the 2024 Venezuelan presidential election protests took place.	Madrid
ja	ja:052:ar_haniyeh_assassination_masoud_pezeshkian__associated_person__010__target__ar_haniyeh_assassination_masoud_pezeshkian_target_4__ja__core	ar_haniyeh_assassination_masoud_pezeshkian__associated_person__010__target__ar_haniyeh_assassination_masoud_pezeshkian_target_4__ja__core	ar_haniyeh_assassination_masoud_pezeshkian__associated_person__010__target__ar_haniyeh_assassination_masoud_pezeshkian_target_4__en__core	ar_haniyeh_assassination_masoud_pezeshkian	ar_haniyeh_assassination_masoud_pezeshkian__associated_person__010	target	core	associated_person	True	ok	none	5	5	5	5	Accurate and natural translation.	Which Hamas deputy was assassinated in an airstrike in Beirut?	Saleh al-Arouri	ベイルートの空爆で暗殺されたハマスの副指導者は誰ですか？	サレフ・アルーリ	Who is the deputy leader of Hamas who was assassinated in an airstrike in Beirut?	Saleh al-Arouri
ja	ja:053:zh_shenzhen_stabbing_wuxi_stabbing__aftermath_actions__014__neighbor__zh_shenzhen_stabbing_wuxi_stabbing_neighbor_neighbor_action_5__ja__surface_001	zh_shenzhen_stabbing_wuxi_stabbing__aftermath_actions__014__neighbor__zh_shenzhen_stabbing_wuxi_stabbing_neighbor_neighbor_action_5__ja__surface_001	zh_shenzhen_stabbing_wuxi_stabbing__aftermath_actions__014__neighbor__zh_shenzhen_stabbing_wuxi_stabbing_neighbor_neighbor_action_5__en__surface_001	zh_shenzhen_stabbing_wuxi_stabbing	zh_shenzhen_stabbing_wuxi_stabbing__aftermath_actions__014	neighbor	surface	aftermath_actions	True	ok	none	5	5	5	5	Accurate and natural translation.	In the aftermath of the 2024 Wuxi stabbing, what did authorities do to mandate stronger surveillance?	issued a notice	2024年の無錫刺傷事件の後、監視強化を義務付けるために当局は何をしましたか？	通知を出した	After the 2024 Wuxi stabbing incident, what did the authorities do to mandate enhanced surveillance?	Issued a notice
ja	ja:054:de_solingen_stabbing_magdeburg_attack__politician_responding__006__neighbor__de_solingen_stabbing_magdeburg_attack_neighbor_de_magdeburg_attack_politician_2__ja__surface_002	de_solingen_stabbing_magdeburg_attack__politician_responding__006__neighbor__de_solingen_stabbing_magdeburg_attack_neighbor_de_magdeburg_attack_politician_2__ja__surface_002	de_solingen_stabbing_magdeburg_attack__politician_responding__006__neighbor__de_solingen_stabbing_magdeburg_attack_neighbor_de_magdeburg_attack_politician_2__en__surface_002	de_solingen_stabbing_magdeburg_attack	de_solingen_stabbing_magdeburg_attack__politician_responding__006	neighbor	surface	politician_responding	True	ok	none	5	5	5	5	Accurate and natural translation.	Name the Chancellor who publicly responded by visiting the site of the 2024 Magdeburg car attack.	Olaf Scholz	2024年のマグデブルク車両突入事件の現場を訪れて公に対応した首相の名前を挙げてください。	オラフ・ショルツ	Please name the prime minister who visited the scene of the 2024 Magdeburg vehicle ramming incident and responded publicly.	Olaf Scholz
ja	ja:055:ja_mof_protests_house_councillors__person_making_statement__009__neighbor__ja_mof_protests_house_councillors_neighbor_neighbor_person_statement_3__ja__core	ja_mof_protests_house_councillors__person_making_statement__009__neighbor__ja_mof_protests_house_councillors_neighbor_neighbor_person_statement_3__ja__core	ja_mof_protests_house_councillors__person_making_statement__009__neighbor__ja_mof_protests_house_councillors_neighbor_neighbor_person_statement_3__en__core	ja_mof_protests_house_councillors	ja_mof_protests_house_councillors__person_making_statement__009	neighbor	core	person_making_statement	True	ok	none	5	5	5	5	Accurate and natural translation.	Who was critical of Ishiba's speech at the party convention?	Sanae Takaichi	党大会での石破氏の演説に批判的だったのは誰ですか？	高市早苗	Who was critical of Mr. Ishiba's speech at the party convention?	Sanae Takaichi
ja	ja:056:zh_night_ride_kaifeng_henan_cuisine__involves_demographic__015__target__zh_night_ride_kaifeng_henan_cuisine_target_17__ja__core	zh_night_ride_kaifeng_henan_cuisine__involves_demographic__015__target__zh_night_ride_kaifeng_henan_cuisine_target_17__ja__core	zh_night_ride_kaifeng_henan_cuisine__involves_demographic__015__target__zh_night_ride_kaifeng_henan_cuisine_target_17__en__core	zh_night_ride_kaifeng_henan_cuisine	zh_night_ride_kaifeng_henan_cuisine__involves_demographic__015	target	core	involves_demographic	True	ok	none	5	5	5	5	Accurate and natural translation.	Which demographic group's participation in the Night ride to Kaifeng caused concern for the police and the Henan Provincial Department of Education?	working adults	開封への夜間サイクリングへのどの層の参加が、警察および河南省教育庁の懸念を引き起こしましたか？	社会人	Which demographic's participation in the night cycling to Kaifeng raised concerns for the police and the Henan Provincial Department of Education?	Working adults
ja	ja:057:ar_syrian_offensives_transitional_government__international_reaction__003__neighbor__ar_syrian_offensives_transitional_government_neighbor_neighbor_reaction_2__ja__surface_002	ar_syrian_offensives_transitional_government__international_reaction__003__neighbor__ar_syrian_offensives_transitional_government_neighbor_neighbor_reaction_2__ja__surface_002	ar_syrian_offensives_transitional_government__international_reaction__003__neighbor__ar_syrian_offensives_transitional_government_neighbor_neighbor_reaction_2__en__surface_002	ar_syrian_offensives_transitional_government	ar_syrian_offensives_transitional_government__international_reaction__003	neighbor	surface	international_reaction	True	ok	none	5	5	5	5	Accurate and natural translation.	Which state officially expressed approval for the newly announced Syrian transitional government?	Jordan	新たに発表されたシリア暫定政権に対し、公式に賛意を表明した国はどこですか？	ヨルダン	Which country officially expressed approval of the newly announced Syrian transitional government?	Jordan
ja	ja:058:ja_hyogo_gubernatorial_2025_ldp_presidential__candidate_background__009__neighbor__ja_hyogo_gubernatorial_2025_ldp_presidential_neighbor_neighbor_candidate_background_3__ja__core	ja_hyogo_gubernatorial_2025_ldp_presidential__candidate_background__009__neighbor__ja_hyogo_gubernatorial_2025_ldp_presidential_neighbor_neighbor_candidate_background_3__ja__core	ja_hyogo_gubernatorial_2025_ldp_presidential__candidate_background__009__neighbor__ja_hyogo_gubernatorial_2025_ldp_presidential_neighbor_neighbor_candidate_background_3__en__core	ja_hyogo_gubernatorial_2025_ldp_presidential	ja_hyogo_gubernatorial_2025_ldp_presidential__candidate_background__009	neighbor	core	candidate_background	True	ok	none	5	5	5	5	Accurate and natural translation.	What position did Yoshimasa Hayashi hold before running in the 2025 Liberal Democratic Party presidential election?	Chief Cabinet Secretary	2025年の自由民主党総裁選挙に出馬する前、林芳正はどのような役職に就いていましたか？	内閣官房長官	What position did Yoshimasa Hayashi hold before running in the 2025 Liberal Democratic Party presidential election?	Chief Cabinet Secretary
ja	ja:059:sw_tanzania_protests_general_election__event_location__004__neighbor__sw_tanzania_protests_general_election_neighbor_neighbor_loc_4__ja__surface_001	sw_tanzania_protests_general_election__event_location__004__neighbor__sw_tanzania_protests_general_election_neighbor_neighbor_loc_4__ja__surface_001	sw_tanzania_protests_general_election__event_location__004__neighbor__sw_tanzania_protests_general_election_neighbor_neighbor_loc_4__en__surface_001	sw_tanzania_protests_general_election	sw_tanzania_protests_general_election__event_location__004	neighbor	surface	event_location	True	ok	none	5	5	5	5	Accurate and natural translation.	Where was the rally located where Tundu Lissu demanded electoral reforms?	Mbinga	トゥンドゥ・リスが選挙制度改革を要求した集会はどこで行われましたか？	ムビンガ	Where was the rally held where Tundu Lissu demanded electoral reform?	Mbinga
ja	ja:060:zh_night_ride_kaifeng_henan_cuisine__has_associated_location__007__target__zh_night_ride_kaifeng_henan_cuisine_target_5__ja__core	zh_night_ride_kaifeng_henan_cuisine__has_associated_location__007__target__zh_night_ride_kaifeng_henan_cuisine_target_5__ja__core	zh_night_ride_kaifeng_henan_cuisine__has_associated_location__007__target__zh_night_ride_kaifeng_henan_cuisine_target_5__en__core	zh_night_ride_kaifeng_henan_cuisine	zh_night_ride_kaifeng_henan_cuisine__has_associated_location__007	target	core	has_associated_location	True	ok	none	5	5	5	5	Accurate and natural translation.	In which city did police break up Halloween gatherings in October 2024?	Shanghai	2024年10月、警察がハロウィーンの集会を解散させたのはどの都市ですか？	上海	In October 2024, in which city did the police disperse Halloween gatherings?	Shanghai
ja	ja:061:ja_hyogo_gubernatorial_2025_ldp_presidential__candidate__004__target__ja_hyogo_gubernatorial_2025_ldp_presidential_target_target_candidate_2__ja__core	ja_hyogo_gubernatorial_2025_ldp_presidential__candidate__004__target__ja_hyogo_gubernatorial_2025_ldp_presidential_target_target_candidate_2__ja__core	ja_hyogo_gubernatorial_2025_ldp_presidential__candidate__004__target__ja_hyogo_gubernatorial_2025_ldp_presidential_target_target_candidate_2__en__core	ja_hyogo_gubernatorial_2025_ldp_presidential	ja_hyogo_gubernatorial_2025_ldp_presidential__candidate__004	target	core	candidate	True	ok	none	5	5	5	5	Perfect translation.	Who was a candidate in the 2024 Hyogo gubernatorial election?	Takayuki Shimizu	2024年兵庫県知事選挙の候補者は誰でしたか？	清水貴之	Who was a candidate in the 2024 Hyogo gubernatorial election?	Takayuki Shimizu
ja	ja:062:fr_imane_khelif_olympic_boxing__associated_competition__012__neighbor__fr_imane_khelif_olympic_boxing_neighbor_2__ja__core	fr_imane_khelif_olympic_boxing__associated_competition__012__neighbor__fr_imane_khelif_olympic_boxing_neighbor_2__ja__core	fr_imane_khelif_olympic_boxing__associated_competition__012__neighbor__fr_imane_khelif_olympic_boxing_neighbor_2__en__core	fr_imane_khelif_olympic_boxing	fr_imane_khelif_olympic_boxing__associated_competition__012	neighbor	core	associated_competition	True	ok	none	5	5	5	5	Accurate and natural.	Through which competition could boxers obtain quota spots for the 2024 Olympics?	European Games	ボクサーはどの大会を通じて2024年オリンピックの出場枠を獲得できましたか？	ヨーロッパ競技大会	Through which competition were boxers able to earn a quota for the 2024 Olympics?	European Games
ja	ja:063:th_audit_office_bangkok_road_collapse__event_locations__011__target__th_audit_office_bangkok_road_collapse_target_target_event_locations_1__ja__surface_001	th_audit_office_bangkok_road_collapse__event_locations__011__target__th_audit_office_bangkok_road_collapse_target_target_event_locations_1__ja__surface_001	th_audit_office_bangkok_road_collapse__event_locations__011__target__th_audit_office_bangkok_road_collapse_target_target_event_locations_1__en__surface_001	th_audit_office_bangkok_road_collapse	th_audit_office_bangkok_road_collapse__event_locations__011	target	surface	event_locations	True	ok	none	5	5	5	5	Faithful and natural translation.	In which city did the collapse of the Thailand State Audit Office building take place?	Bangkok	タイ国家監査局の建物の崩壊はどの都市で発生しましたか？	バンコク	In which city did the building collapse of the National Audit Office of Thailand occur?	Bangkok
ja	ja:064:de_solingen_stabbing_magdeburg_attack__attack_location__002__target__de_solingen_stabbing_magdeburg_attack_target_de_solingen_stabbing_location_1__ja__surface_001	de_solingen_stabbing_magdeburg_attack__attack_location__002__target__de_solingen_stabbing_magdeburg_attack_target_de_solingen_stabbing_location_1__ja__surface_001	de_solingen_stabbing_magdeburg_attack__attack_location__002__target__de_solingen_stabbing_magdeburg_attack_target_de_solingen_stabbing_location_1__en__surface_001	de_solingen_stabbing_magdeburg_attack	de_solingen_stabbing_magdeburg_attack__attack_location__002	target	surface	attack_location	True	ok	none	5	5	5	5	Accurate and fluent translation.	Which city was the location of the 2024 mass stabbing?	Solingen	2024年の大量刺傷事件の現場となった都市はどこですか？	ゾーリンゲン	Which city was the scene of the 2024 mass stabbing incident?	Solingen
ja	ja:065:de_solingen_stabbing_magdeburg_attack__criminal_charge__014__neighbor__de_solingen_stabbing_magdeburg_attack_neighbor_de_magdeburg_attack_charge_1__ja__surface_003	de_solingen_stabbing_magdeburg_attack__criminal_charge__014__neighbor__de_solingen_stabbing_magdeburg_attack_neighbor_de_magdeburg_attack_charge_1__ja__surface_003	de_solingen_stabbing_magdeburg_attack__criminal_charge__014__neighbor__de_solingen_stabbing_magdeburg_attack_neighbor_de_magdeburg_attack_charge_1__en__surface_003	de_solingen_stabbing_magdeburg_attack	de_solingen_stabbing_magdeburg_attack__criminal_charge__014	neighbor	surface	criminal_charge	True	ok	none	5	5	5	5	Perfect translation with natural phrasing for criminal charges.	Which criminal charge did the driver face following the 2024 Magdeburg car attack?	murder	2024年のマクデブルク自動車襲撃事件の後、運転手は何の罪に問われましたか？	殺人	After the 2024 Magdeburg car attack, what crime was the driver charged with?	Murder
ja	ja:066:th_political_crisis_same_sex_marriage__key_figure__007__neighbor__th_political_crisis_same_sex_marriage_neighbor_th_same_sex_marriage_key_figure_4__ja__core	th_political_crisis_same_sex_marriage__key_figure__007__neighbor__th_political_crisis_same_sex_marriage_neighbor_th_same_sex_marriage_key_figure_4__ja__core	th_political_crisis_same_sex_marriage__key_figure__007__neighbor__th_political_crisis_same_sex_marriage_neighbor_th_same_sex_marriage_key_figure_4__en__core	th_political_crisis_same_sex_marriage	th_political_crisis_same_sex_marriage__key_figure__007	neighbor	core	key_figure	True	ok	none	5	5	5	5	Accurate and fully retains meaning.	Which Move Forward Party deputy introduced a bill to legalise same-sex marriage in June 2020?	Tunyawat Kamolwongwat	2020年6月に同性婚を合法化する法案を提出した前進党の議員は誰ですか？	タンヤワット・カモンウォンワット	Who is the Move Forward Party lawmaker who submitted a bill to legalize same-sex marriage in June 2020?	Tunyawaj Kamolwongwat
ja	ja:067:de_munich_car_attack_federal_election__involved_person__009__target__de_munich_car_attack_federal_election_target_target_involved_person_2__ja__surface_002	de_munich_car_attack_federal_election__involved_person__009__target__de_munich_car_attack_federal_election_target_target_involved_person_2__ja__surface_002	de_munich_car_attack_federal_election__involved_person__009__target__de_munich_car_attack_federal_election_target_target_involved_person_2__en__surface_002	de_munich_car_attack_federal_election	de_munich_car_attack_federal_election__involved_person__009	target	surface	involved_person	True	ok	none	5	5	5	5	Well translated, phrasing is highly natural.	Name a person who took part in the response efforts for the 2025 Munich car attack.	Dieter Reiter	2025年のミュンヘン車両突入事件の対応活動に参加した人物を1人挙げてください。	ディーター・ライター	Please name one person who participated in the response activities for the 2025 Munich car attack.	Dieter Reiter
ja	ja:068:bn_noncooperation_interim_government__locations_of_significant_events__002__neighbor__bn_noncooperation_interim_government_neighbor_neighbor_locations_3__ja__surface_002	bn_noncooperation_interim_government__locations_of_significant_events__002__neighbor__bn_noncooperation_interim_government_neighbor_neighbor_locations_3__ja__surface_002	bn_noncooperation_interim_government__locations_of_significant_events__002__neighbor__bn_noncooperation_interim_government_neighbor_neighbor_locations_3__en__surface_002	bn_noncooperation_interim_government	bn_noncooperation_interim_government__locations_of_significant_events__002	neighbor	surface	locations_of_significant_events	True	ok	none	5	5	5	5	Accurate transliteration and faithful translation.	Name the place where Muhammad Yunus visited the grave of Abu Sayed.	Rangpur	ムハマド・ユヌスがアブ・サイードの墓を訪れた場所の名前を答えてください。	ロンプール	Please answer the name of the place where Muhammad Yunus visited Abu Sayed's grave.	Rangpur
ja	ja:069:es_venezuela_crisis_uruguay_election__international_reaction_country__009__neighbor__es_venezuela_crisis_uruguay_election_neighbor_neighbor_intl_reaction_9__ja__surface_002	es_venezuela_crisis_uruguay_election__international_reaction_country__009__neighbor__es_venezuela_crisis_uruguay_election_neighbor_neighbor_intl_reaction_9__ja__surface_002	es_venezuela_crisis_uruguay_election__international_reaction_country__009__neighbor__es_venezuela_crisis_uruguay_election_neighbor_neighbor_intl_reaction_9__en__surface_002	es_venezuela_crisis_uruguay_election	es_venezuela_crisis_uruguay_election__international_reaction_country__009	neighbor	surface	international_reaction_country	True	ok	none	5	5	5	5	Perfect translation.	Following the 2024 Uruguayan general election, which country congratulated Orsi on his victory?	Spain	2024年のウルグアイ総選挙後、どの国がオルシの勝利を祝福しましたか？	スペイン	After the 2024 Uruguayan general election, which country congratulated Orsi's victory?	Spain
ja	ja:070:fr_pelicot_case_gisele_pelicot__significant_location__008__neighbor__fr_pelicot_case_gisele_pelicot_neighbor_neighbor_significant_location_2__ja__core	fr_pelicot_case_gisele_pelicot__significant_location__008__neighbor__fr_pelicot_case_gisele_pelicot_neighbor_neighbor_significant_location_2__ja__core	fr_pelicot_case_gisele_pelicot__significant_location__008__neighbor__fr_pelicot_case_gisele_pelicot_neighbor_neighbor_significant_location_2__en__core	fr_pelicot_case_gisele_pelicot	fr_pelicot_case_gisele_pelicot__significant_location__008	neighbor	core	significant_location	True	ok	none	5	5	5	5	Accurate and clear translation.	Where did the trial of Dominique and fifty other men begin?	Avignon	ドミニクと他50人の男たちの裁判はどこで始まりましたか？	アヴィニョン	Where did the trial of Dominique and 50 other men begin?	Avignon
ja	ja:071:ar_haniyeh_assassination_masoud_pezeshkian__associated_country__002__target__ar_haniyeh_assassination_masoud_pezeshkian_target_10__ja__surface_002	ar_haniyeh_assassination_masoud_pezeshkian__associated_country__002__target__ar_haniyeh_assassination_masoud_pezeshkian_target_10__ja__surface_002	ar_haniyeh_assassination_masoud_pezeshkian__associated_country__002__target__ar_haniyeh_assassination_masoud_pezeshkian_target_10__en__surface_002	ar_haniyeh_assassination_masoud_pezeshkian	ar_haniyeh_assassination_masoud_pezeshkian__associated_country__002	target	surface	associated_country	True	ok	none	5	5	5	5	Accurate and natural translation.	What country announced plans to go after Hamas leaders as a response to the October 7 attack?	Israel	10月7日の攻撃への対応として、ハマスの指導者を狙う計画を発表した国はどこですか？	イスラエル	Which country announced a plan to target Hamas leaders in response to the October 7 attack?	Israel
ja	ja:072:de_munich_car_attack_federal_election__involved_organization__014__neighbor__de_munich_car_attack_federal_election_neighbor_neighbor_involved_organization_5__ja__surface_002	de_munich_car_attack_federal_election__involved_organization__014__neighbor__de_munich_car_attack_federal_election_neighbor_neighbor_involved_organization_5__ja__surface_002	de_munich_car_attack_federal_election__involved_organization__014__neighbor__de_munich_car_attack_federal_election_neighbor_neighbor_involved_organization_5__en__surface_002	de_munich_car_attack_federal_election	de_munich_car_attack_federal_election__involved_organization__014	neighbor	surface	involved_organization	True	ok	none	5	5	5	5	Accurate and natural translation.	What organization was involved as a participant in the 2025 German federal election?	The Greens	2025年ドイツ連邦議会選挙に参加者として関与した組織は何ですか？	緑の党	What organization was involved as a participant in the 2025 German federal election?	Green Party
ja	ja:073:de_munich_car_attack_federal_election__involved_organization__002__target__de_munich_car_attack_federal_election_target_target_involved_organization_4__ja__surface_002	de_munich_car_attack_federal_election__involved_organization__002__target__de_munich_car_attack_federal_election_target_target_involved_organization_4__ja__surface_002	de_munich_car_attack_federal_election__involved_organization__002__target__de_munich_car_attack_federal_election_target_target_involved_organization_4__en__surface_002	de_munich_car_attack_federal_election	de_munich_car_attack_federal_election__involved_organization__002	target	surface	involved_organization	True	ok	none	5	5	5	5	Accurate and natural translation. Keeping the acronym BAMF is appropriate.	The asylum application of the 2025 Munich car attacker was processed by which organization?	BAMF	2025年のミュンヘン車突入事件の実行犯の難民申請は、どの機関によって処理されましたか？	BAMF	Which agency processed the asylum application of the perpetrator of the 2025 Munich car attack?	BAMF
ja	ja:074:es_catatumbo_clashes_ecuador_election__key_figure__006__target__es_catatumbo_clashes_ecuador_election_target_target_key_figure_5__ja__core	es_catatumbo_clashes_ecuador_election__key_figure__006__target__es_catatumbo_clashes_ecuador_election_target_target_key_figure_5__ja__core	es_catatumbo_clashes_ecuador_election__key_figure__006__target__es_catatumbo_clashes_ecuador_election_target_target_key_figure_5__en__core	es_catatumbo_clashes_ecuador_election	es_catatumbo_clashes_ecuador_election__key_figure__006	target	core	key_figure	True	ok	none	5	5	5	5	Accurate and natural translation.	Who accused Gustavo Petro of working with FARC-EP Dissidents during the 2025 Catatumbo clashes?	Antonio García	2025年のカタトゥンボ衝突の際、グスタボ・ペトロがFARC-EP反体制派と協力していると非難したのは誰ですか？	アントニオ・ガルシア	During the 2025 Catatumbo clashes, who accused Gustavo Petro of cooperating with FARC-EP dissidents?	Antonio Garcia
ja	ja:075:ja_hyuga_nada_earthquake_expo_pavilions__affected_or_involved_region__007__neighbor__ja_hyuga_nada_earthquake_expo_pavilions_neighbor_neighbor_affected_region_3__ja__surface_001	ja_hyuga_nada_earthquake_expo_pavilions__affected_or_involved_region__007__neighbor__ja_hyuga_nada_earthquake_expo_pavilions_neighbor_neighbor_affected_region_3__ja__surface_001	ja_hyuga_nada_earthquake_expo_pavilions__affected_or_involved_region__007__neighbor__ja_hyuga_nada_earthquake_expo_pavilions_neighbor_neighbor_affected_region_3__en__surface_001	ja_hyuga_nada_earthquake_expo_pavilions	ja_hyuga_nada_earthquake_expo_pavilions__affected_or_involved_region__007	neighbor	surface	affected_or_involved_region	True	ok	none	5	5	5	5	Accurate and natural translation.	What nation cancelled its plans to participate in Expo 2025?	Estonia	2025年万博への参加計画をキャンセルした国はどこですか？	エストニア	Which country canceled its plans to participate in the 2025 Expo?	Estonia
ja	ja:076:ja_mof_protests_house_councillors__key_issue_or_demand__013__target__ja_mof_protests_house_councillors_target_target_key_issue_2__ja__surface_003	ja_mof_protests_house_councillors__key_issue_or_demand__013__target__ja_mof_protests_house_councillors_target_target_key_issue_2__ja__surface_003	ja_mof_protests_house_councillors__key_issue_or_demand__013__target__ja_mof_protests_house_councillors_target_target_key_issue_2__en__surface_003	ja_mof_protests_house_councillors	ja_mof_protests_house_councillors__key_issue_or_demand__013	target	surface	key_issue_or_demand	True	ok	none	5	5	5	5	Accurate and natural translation.	What policy change regarding government levies was central to the 2025 Ministry of Finance protests?	reduction in tax	2025年の財務省抗議デモにおいて中心となった、政府の徴収金に関する政策変更は何ですか？	減税	What was the policy change regarding government levies that was central to the 2025 Ministry of Finance protests?	Tax reduction
ja	ja:077:zh_shenzhen_stabbing_wuxi_stabbing__aftermath_actions__011__neighbor__zh_shenzhen_stabbing_wuxi_stabbing_neighbor_neighbor_action_2__ja__surface_003	zh_shenzhen_stabbing_wuxi_stabbing__aftermath_actions__011__neighbor__zh_shenzhen_stabbing_wuxi_stabbing_neighbor_neighbor_action_2__ja__surface_003	zh_shenzhen_stabbing_wuxi_stabbing__aftermath_actions__011__neighbor__zh_shenzhen_stabbing_wuxi_stabbing_neighbor_neighbor_action_2__en__surface_003	zh_shenzhen_stabbing_wuxi_stabbing	zh_shenzhen_stabbing_wuxi_stabbing__aftermath_actions__011	neighbor	surface	aftermath_actions	True	ok	none	5	5	5	5	Accurate and natural translation.	What occurred regarding the memorial flowers placed for the victims of the 2024 Wuxi stabbing?	removed by security	2024年の無錫刺傷事件の犠牲者に供えられた追悼の花に関して、何が起きましたか？	警備員によって撤去された	What happened regarding the memorial flowers offered to the victims of the 2024 Wuxi stabbing incident?	Removed by security guards
ja	ja:078:bn_anti_hindu_violence_national_citizen_party__commentator_or_reactor__003__target__bn_anti_hindu_violence_national_citizen_party_target_target_commentator_or_reactor_1__ja__core	bn_anti_hindu_violence_national_citizen_party__commentator_or_reactor__003__target__bn_anti_hindu_violence_national_citizen_party_target_target_commentator_or_reactor_1__ja__core	bn_anti_hindu_violence_national_citizen_party__commentator_or_reactor__003__target__bn_anti_hindu_violence_national_citizen_party_target_target_commentator_or_reactor_1__en__core	bn_anti_hindu_violence_national_citizen_party	bn_anti_hindu_violence_national_citizen_party__commentator_or_reactor__003	target	core	commentator_or_reactor	True	ok	none	5	5	5	5	Accurate and natural translation.	Which former US President wrote a statement condemning the violence against religious minorities in Bangladesh?	Donald Trump	バングラデシュにおける宗教的少数派に対する暴力を非難する声明を書いたのは、どのアメリカの元大統領ですか？	ドナルド・トランプ	Which former US president wrote a statement condemning the violence against religious minorities in Bangladesh?	Donald Trump
ja	ja:079:fr_pelicot_case_gisele_pelicot__significant_location__009__target__fr_pelicot_case_gisele_pelicot_target_target_significant_location_2__ja__surface_003	fr_pelicot_case_gisele_pelicot__significant_location__009__target__fr_pelicot_case_gisele_pelicot_target_target_significant_location_2__ja__surface_003	fr_pelicot_case_gisele_pelicot__significant_location__009__target__fr_pelicot_case_gisele_pelicot_target_target_significant_location_2__en__surface_003	fr_pelicot_case_gisele_pelicot	fr_pelicot_case_gisele_pelicot__significant_location__009	target	surface	significant_location	True	ok	none	5	5	5	5	Accurate and natural translation.	The trial concerning the Pelicot rape case opened in which place?	Avignon	ペリコ強姦事件に関する裁判はどこで始まりましたか？	アヴィニョン	Where did the trial regarding the Pelicot rape case begin?	Avignon
ja	ja:080:en_tesla_vandalism_doge__key_person__004__neighbor__en_tesla_vandalism_doge_neighbor_neighbor_key_person_1__ja__surface_002	en_tesla_vandalism_doge__key_person__004__neighbor__en_tesla_vandalism_doge_neighbor_neighbor_key_person_1__ja__surface_002	en_tesla_vandalism_doge__key_person__004__neighbor__en_tesla_vandalism_doge_neighbor_neighbor_key_person_1__en__surface_002	en_tesla_vandalism_doge	en_tesla_vandalism_doge__key_person__004	neighbor	surface	key_person	True	ok	none	5	5	5	5	Accurate and natural translation.	The Department of Government Efficiency was an idea originally pitched to Trump in 2024 by whom?	Elon Musk	政府効率化省は、2024年に誰によってトランプに最初に提案されたアイデアですか？	イーロン・マスク	By whom was the idea of the Department of Government Efficiency first proposed to Trump in 2024?	Elon Musk
ja	ja:081:fr_imane_khelif_olympic_boxing__associated_competition__012__neighbor__fr_imane_khelif_olympic_boxing_neighbor_2__ja__surface_002	fr_imane_khelif_olympic_boxing__associated_competition__012__neighbor__fr_imane_khelif_olympic_boxing_neighbor_2__ja__surface_002	fr_imane_khelif_olympic_boxing__associated_competition__012__neighbor__fr_imane_khelif_olympic_boxing_neighbor_2__en__surface_002	fr_imane_khelif_olympic_boxing	fr_imane_khelif_olympic_boxing__associated_competition__012	neighbor	surface	associated_competition	True	ok	none	5	5	5	5	Accurate and natural translation.	Boxers aiming for the 2024 Olympics were able to earn their quota places by competing in which games?	European Games	2024年のオリンピックを目指すボクサーは、どの大会に出場することで出場枠を獲得できましたか？	ヨーロッパ競技大会	By participating in which competition could boxers aiming for the 2024 Olympics earn qualification spots?	European Games
ja	ja:082:es_catatumbo_clashes_ecuador_election__location__001__target__es_catatumbo_clashes_ecuador_election_target_target_location_3__ja__surface_002	es_catatumbo_clashes_ecuador_election__location__001__target__es_catatumbo_clashes_ecuador_election_target_target_location_3__ja__surface_002	es_catatumbo_clashes_ecuador_election__location__001__target__es_catatumbo_clashes_ecuador_election_target_target_location_3__en__surface_002	es_catatumbo_clashes_ecuador_election	es_catatumbo_clashes_ecuador_election__location__001	target	surface	location	True	ok	none	5	5	5	5	The translation faithfully conveys the constraints of the original question.	Name the municipality where FARC members surrendered rather than engage in combat.	Tibú	FARCのメンバーが戦闘を交えるのではなく投降した自治体名を答えよ。	ティブ	Name the municipality where FARC members surrendered instead of engaging in combat.	Tibu
ja	ja:083:zh_zhuhai_car_attack_wuxi_stabbing__casualty_count__005__neighbor__zh_zhuhai_car_attack_wuxi_stabbing_neighbor_wuxi_cas_2__ja__core	zh_zhuhai_car_attack_wuxi_stabbing__casualty_count__005__neighbor__zh_zhuhai_car_attack_wuxi_stabbing_neighbor_wuxi_cas_2__ja__core	zh_zhuhai_car_attack_wuxi_stabbing__casualty_count__005__neighbor__zh_zhuhai_car_attack_wuxi_stabbing_neighbor_wuxi_cas_2__en__core	zh_zhuhai_car_attack_wuxi_stabbing	zh_zhuhai_car_attack_wuxi_stabbing__casualty_count__005	neighbor	core	casualty_count	True	ok	none	5	5	5	5	Accurate and natural.	How many people were injured in the 2024 Wuxi stabbing?	17	2024年の無錫刺傷事件で何人が負傷しましたか？	17	How many people were injured in the 2024 Wuxi stabbing incident?	17
ja	ja:084:bn_hasina_resignation_2026_election__participant_organization__009__neighbor__bn_hasina_resignation_2026_election_neighbor_8__ja__surface_002	bn_hasina_resignation_2026_election__participant_organization__009__neighbor__bn_hasina_resignation_2026_election_neighbor_8__ja__surface_002	bn_hasina_resignation_2026_election__participant_organization__009__neighbor__bn_hasina_resignation_2026_election_neighbor_8__en__surface_002	bn_hasina_resignation_2026_election	bn_hasina_resignation_2026_election__participant_organization__009	neighbor	surface	participant_organization	True	ok	none	5	5	5	5	Excellent translation.	Name the political party that faced a ban preventing its participation in the 2026 Bangladeshi general election.	Awami League	2026年のバングラデシュ総選挙への参加を禁止された政党名を挙げてください。	アワミ連盟	Please name the political party banned from participating in the 2026 Bangladesh general election.	Awami League
ja	ja:085:fr_olympics_opening_closing_ceremony__athlete_participant__013__neighbor__fr_olympics_opening_closing_ceremony_neighbor_neighbor_athlete_participant_3__ja__surface_003	fr_olympics_opening_closing_ceremony__athlete_participant__013__neighbor__fr_olympics_opening_closing_ceremony_neighbor_neighbor_athlete_participant_3__ja__surface_003	fr_olympics_opening_closing_ceremony__athlete_participant__013__neighbor__fr_olympics_opening_closing_ceremony_neighbor_neighbor_athlete_participant_3__en__surface_003	fr_olympics_opening_closing_ceremony	fr_olympics_opening_closing_ceremony__athlete_participant__013	neighbor	surface	athlete_participant	True	ok	none	5	5	5	5	Perfectly clear and accurate.	During the 2024 Summer Olympics closing ceremony, who received the Olympic flag in the handover?	Simone Biles	2024年夏季オリンピックの閉会式の引き継ぎで、オリンピック旗を受け取ったのは誰ですか？	シモーヌ・バイルズ	Who received the Olympic flag during the handover at the closing ceremony of the 2024 Summer Olympics?	Simone Biles
ja	ja:086:zh_night_ride_kaifeng_henan_cuisine__involves_demographic__015__neighbor__zh_night_ride_kaifeng_henan_cuisine_neighbor_18__ja__core	zh_night_ride_kaifeng_henan_cuisine__involves_demographic__015__neighbor__zh_night_ride_kaifeng_henan_cuisine_neighbor_18__ja__core	zh_night_ride_kaifeng_henan_cuisine__involves_demographic__015__neighbor__zh_night_ride_kaifeng_henan_cuisine_neighbor_18__en__core	zh_night_ride_kaifeng_henan_cuisine	zh_night_ride_kaifeng_henan_cuisine__involves_demographic__015	neighbor	core	involves_demographic	True	ok	none	5	5	5	5	Well-translated; correctly interprets demographic context.	In the history of Henan cuisine, dishes for imperial courthouses were distinct from those found in the households of which demographic?	common folk households	河南料理の歴史において、宮廷向けの料理はどの層の人々の家庭で見られるものと異なっていましたか？	庶民の家庭	In the history of Henan cuisine, dishes intended for the imperial court differed from those seen in the households of which class of people?	Commoners' households
ja	ja:087:th_political_crisis_same_sex_marriage__involved_organization__011__target__th_political_crisis_same_sex_marriage_target_th_political_crisis_2025_involved_organization_4__ja__surface_001	th_political_crisis_same_sex_marriage__involved_organization__011__target__th_political_crisis_same_sex_marriage_target_th_political_crisis_2025_involved_organization_4__ja__surface_001	th_political_crisis_same_sex_marriage__involved_organization__011__target__th_political_crisis_same_sex_marriage_target_th_political_crisis_2025_involved_organization_4__en__surface_001	th_political_crisis_same_sex_marriage	th_political_crisis_same_sex_marriage__involved_organization__011	target	surface	involved_organization	True	ok	none	5	5	5	5	Accurate and natural.	What organization played the role of kingmaker in the 2025 political crisis in Thailand?	People's Party	2025年のタイ政治危機において、キングメーカーの役割を果たした組織は何ですか？	人民党	What organization played the role of kingmaker in the 2025 Thai political crisis?	People's Party
ja	ja:088:es_catatumbo_clashes_ecuador_election__location__003__neighbor__es_catatumbo_clashes_ecuador_election_neighbor_neighbor_location_3__ja__core	es_catatumbo_clashes_ecuador_election__location__003__neighbor__es_catatumbo_clashes_ecuador_election_neighbor_neighbor_location_3__ja__core	es_catatumbo_clashes_ecuador_election__location__003__neighbor__es_catatumbo_clashes_ecuador_election_neighbor_neighbor_location_3__en__core	es_catatumbo_clashes_ecuador_election	es_catatumbo_clashes_ecuador_election__location__003	neighbor	core	location	True	ok	none	5	5	5	5	Accurately matches the English source text.	From which province did Andrés Arauz contest the results of 700 polling station minutes?	Esmeraldas Province	アンドレス・アラウスは、どの県の700の投票所の議事録の結果に異議を唱えましたか？	エスメラルダス県	In which province did Andrés Arauz object to the results of the minutes of 700 polling stations?	Esmeraldas Province
ja	ja:089:en_brian_thompson_killing_luigi_mangione__key_locations__012__neighbor__en_brian_thompson_killing_luigi_mangione_neighbor_neighbor_key_locations_1__ja__core	en_brian_thompson_killing_luigi_mangione__key_locations__012__neighbor__en_brian_thompson_killing_luigi_mangione_neighbor_neighbor_key_locations_1__ja__core	en_brian_thompson_killing_luigi_mangione__key_locations__012__neighbor__en_brian_thompson_killing_luigi_mangione_neighbor_neighbor_key_locations_1__en__core	en_brian_thompson_killing_luigi_mangione	en_brian_thompson_killing_luigi_mangione__key_locations__012	neighbor	core	key_locations	True	ok	none	5	5	5	5	Perfect translation.	Where was Brian Thompson shot and killed?	Midtown Manhattan	ブライアン・トンプソンはどこで銃撃され殺害されましたか？	ミッドタウン・マンハッタン	Where was Brian Thompson shot and killed?	Midtown Manhattan
ja	ja:090:zh_night_ride_kaifeng_henan_cuisine__involves_demographic__012__neighbor__zh_night_ride_kaifeng_henan_cuisine_neighbor_19__ja__surface_001	zh_night_ride_kaifeng_henan_cuisine__involves_demographic__012__neighbor__zh_night_ride_kaifeng_henan_cuisine_neighbor_19__ja__surface_001	zh_night_ride_kaifeng_henan_cuisine__involves_demographic__012__neighbor__zh_night_ride_kaifeng_henan_cuisine_neighbor_19__en__surface_001	zh_night_ride_kaifeng_henan_cuisine	zh_night_ride_kaifeng_henan_cuisine__involves_demographic__012	neighbor	surface	involves_demographic	True	ok	none	5	5	5	5	Accurate and fully preserves the intended meaning.	Which ethnic group has experienced disagreements over the authentic style of Henan cuisine?	Han Chinese	河南料理の正統なスタイルをめぐって意見の相違を経験したのはどの民族ですか？	漢民族	Which ethnic group experienced a disagreement over the authentic style of Henan cuisine?	Han Chinese
ja	ja:091:de_munich_car_attack_federal_election__involved_person__010__neighbor__de_munich_car_attack_federal_election_neighbor_neighbor_involved_person_3__ja__surface_002	de_munich_car_attack_federal_election__involved_person__010__neighbor__de_munich_car_attack_federal_election_neighbor_neighbor_involved_person_3__ja__surface_002	de_munich_car_attack_federal_election__involved_person__010__neighbor__de_munich_car_attack_federal_election_neighbor_neighbor_involved_person_3__en__surface_002	de_munich_car_attack_federal_election	de_munich_car_attack_federal_election__involved_person__010	neighbor	surface	involved_person	True	ok	none	5	5	5	5	Accurate and natural translation.	Name a person who participated in the 2025 German federal election.	Christian Lindner	2025年ドイツ連邦議会選挙に参加した人物を1人挙げてください。	クリスティアン・リントナー	Please name one person who participated in the 2025 German federal election.	Christian Lindner
ja	ja:092:sw_goma_offensive_drc_rwanda_peace__involved_country__006__neighbor__sw_goma_offensive_drc_rwanda_peace_neighbor_neighbor_card_2__ja__surface_001	sw_goma_offensive_drc_rwanda_peace__involved_country__006__neighbor__sw_goma_offensive_drc_rwanda_peace_neighbor_neighbor_card_2__ja__surface_001	sw_goma_offensive_drc_rwanda_peace__involved_country__006__neighbor__sw_goma_offensive_drc_rwanda_peace_neighbor_neighbor_card_2__en__surface_001	sw_goma_offensive_drc_rwanda_peace	sw_goma_offensive_drc_rwanda_peace__involved_country__006	neighbor	surface	involved_country	True	ok	none	5	5	5	5	Accurate and natural translation.	What nation is the primary party alongside the DRC in their 2025 peace treaty?	Rwanda	2025年の平和条約において、コンゴ民主共和国（DRC）と並ぶ主要な当事国はどの国ですか？	ルワンダ	Which country is the main party alongside the Democratic Republic of the Congo (DRC) in the 2025 peace treaty?	Rwanda
ja	ja:093:ja_mof_protests_house_councillors__key_issue_or_demand__015__neighbor__ja_mof_protests_house_councillors_neighbor_neighbor_key_issue_1__ja__surface_002	ja_mof_protests_house_councillors__key_issue_or_demand__015__neighbor__ja_mof_protests_house_councillors_neighbor_neighbor_key_issue_1__ja__surface_002	ja_mof_protests_house_councillors__key_issue_or_demand__015__neighbor__ja_mof_protests_house_councillors_neighbor_neighbor_key_issue_1__en__surface_002	ja_mof_protests_house_councillors	ja_mof_protests_house_councillors__key_issue_or_demand__015	neighbor	surface	key_issue_or_demand	True	ok	none	5	5	5	5	Accurate and natural translation.	What financial burden on citizens was a central issue addressed by candidates in the 2025 Japanese House of Councillors election?	rising cost of living	2025年の参議院議員選挙において、候補者が取り上げた主要な争点となった国民の経済的負担は何ですか？	生活費の高騰	In the 2025 House of Councillors election, what was the economic burden on the public that became a major issue raised by candidates?	Rising cost of living
ja	ja:094:sw_kenyan_protests_albert_ojwang__involved_person__011__target__sw_kenyan_protests_albert_ojwang_target_target_involved_person_5__ja__surface_003	sw_kenyan_protests_albert_ojwang__involved_person__011__target__sw_kenyan_protests_albert_ojwang_target_target_involved_person_5__ja__surface_003	sw_kenyan_protests_albert_ojwang__involved_person__011__target__sw_kenyan_protests_albert_ojwang_target_target_involved_person_5__en__surface_003	sw_kenyan_protests_albert_ojwang	sw_kenyan_protests_albert_ojwang__involved_person__011	target	surface	involved_person	True	ok	none	5	5	5	5	Accurate and natural translation.	Identify the 12-year-old girl whose death during the 2025 Kenyan protests was caused by a stray bullet entering her home.	Bridgit Njoki	2025年のケニア抗議活動中に、自宅に入り込んだ流れ弾が原因で死亡した12歳の少女は誰ですか。	ブリジット・ンジョキ	Who is the 12-year-old girl who died from a stray bullet that entered her home during the 2025 Kenyan protests?	Bridget Njoki
ja	ja:095:ja_mof_protests_house_councillors__economic_policy_mentioned__011__target__ja_mof_protests_house_councillors_target_target_economic_policy_2__ja__core	ja_mof_protests_house_councillors__economic_policy_mentioned__011__target__ja_mof_protests_house_councillors_target_target_economic_policy_2__ja__core	ja_mof_protests_house_councillors__economic_policy_mentioned__011__target__ja_mof_protests_house_councillors_target_target_economic_policy_2__en__core	ja_mof_protests_house_councillors	ja_mof_protests_house_councillors__economic_policy_mentioned__011	target	core	economic_policy_mentioned	True	ok	none	5	5	5	5	Accurate handling of the DPFP acronym and Japanese taxation terminology.	During the 2025 Ministry of Finance protests, which tax did the DPFP demand a higher starting threshold for?	income tax	2025年の財務省抗議デモにおいて、国民民主党はどの税金の課税最低限の引き上げを要求しましたか？	所得税	In the 2025 Ministry of Finance protests, for which tax did the Democratic Party for the People demand raising the minimum taxable limit?	Income tax
ja	ja:096:th_cambodian_border_crisis_myanmar_earthquake__destroyed_or_damaged_infrastructure__007__neighbor__th_cambodian_border_crisis_myanmar_earthquake_neighbor_myanmar_earthquake_infra_2__ja__surface_003	th_cambodian_border_crisis_myanmar_earthquake__destroyed_or_damaged_infrastructure__007__neighbor__th_cambodian_border_crisis_myanmar_earthquake_neighbor_myanmar_earthquake_infra_2__ja__surface_003	th_cambodian_border_crisis_myanmar_earthquake__destroyed_or_damaged_infrastructure__007__neighbor__th_cambodian_border_crisis_myanmar_earthquake_neighbor_myanmar_earthquake_infra_2__en__surface_003	th_cambodian_border_crisis_myanmar_earthquake	th_cambodian_border_crisis_myanmar_earthquake__destroyed_or_damaged_infrastructure__007	neighbor	surface	destroyed_or_damaged_infrastructure	True	ok	none	5	5	5	5	Accurate and natural translation.	The 2025 Myanmar earthquake caused the collapse of which specific bridge crossing the Myitnge River?	Dokhtawaddy Bridge	2025年のミャンマー地震で崩落した、ミインゲ川に架かる特定の橋は何ですか？	ドクタワディ橋	What is the specific bridge over the Myitnge River that collapsed in the 2025 Myanmar earthquake?	Dokhtawady Bridge
ja	ja:097:en_tesla_vandalism_doge__affected_entity__012__target__en_tesla_vandalism_doge_target_target_affected_entity_2__ja__surface_003	en_tesla_vandalism_doge__affected_entity__012__target__en_tesla_vandalism_doge_target_target_affected_entity_2__ja__surface_003	en_tesla_vandalism_doge__affected_entity__012__target__en_tesla_vandalism_doge_target_target_affected_entity_2__en__surface_003	en_tesla_vandalism_doge	en_tesla_vandalism_doge__affected_entity__012	target	surface	affected_entity	True	ok	none	5	5	5	5	Accurate and natural translation.	Outside a Littleton shopping center, what objects were subjected to arson?	Tesla chargers	リトルトンのショッピングセンターの外で、何が放火されましたか？	テスラの充電器	What was set on fire outside the Littleton shopping center?	Tesla charger
ja	ja:098:th_cambodian_border_crisis_myanmar_earthquake__key_figure__002__target__th_cambodian_border_crisis_myanmar_earthquake_target_th_cambodian_border_crisis_person_1__ja__surface_003	th_cambodian_border_crisis_myanmar_earthquake__key_figure__002__target__th_cambodian_border_crisis_myanmar_earthquake_target_th_cambodian_border_crisis_person_1__ja__surface_003	th_cambodian_border_crisis_myanmar_earthquake__key_figure__002__target__th_cambodian_border_crisis_myanmar_earthquake_target_th_cambodian_border_crisis_person_1__en__surface_003	th_cambodian_border_crisis_myanmar_earthquake	th_cambodian_border_crisis_myanmar_earthquake__key_figure__002	target	surface	key_figure	True	ok	none	5	5	5	5	Accurate and natural translation.	During the 2025 Cambodian–Thai border crisis, which prime minister asked the International Court of Justice for a ruling?	Hun Manet	2025年のカンボジア・タイ国境紛争において、国際司法裁判所に裁定を求めた首相は誰ですか？	フン・マネット	In the 2025 Cambodia-Thailand border conflict, who was the prime minister that sought a ruling from the International Court of Justice?	Hun Manet
ja	ja:099:ja_hyuga_nada_earthquake_expo_pavilions__affected_or_involved_region__002__target__ja_hyuga_nada_earthquake_expo_pavilions_target_target_affected_region_2__ja__surface_002	ja_hyuga_nada_earthquake_expo_pavilions__affected_or_involved_region__002__target__ja_hyuga_nada_earthquake_expo_pavilions_target_target_affected_region_2__ja__surface_002	ja_hyuga_nada_earthquake_expo_pavilions__affected_or_involved_region__002__target__ja_hyuga_nada_earthquake_expo_pavilions_target_target_affected_region_2__en__surface_002	ja_hyuga_nada_earthquake_expo_pavilions	ja_hyuga_nada_earthquake_expo_pavilions__affected_or_involved_region__002	target	surface	affected_or_involved_region	True	ok	none	5	5	5	5	Accurate and natural translation.	Where were tsunami waves measuring 30 cm seen as a result of the 2024 Hyūga-nada earthquake?	Kōchi	2024年の日向灘地震によって、30cmの津波が観測されたのはどこですか？	高知	Where was a 30cm tsunami observed due to the 2024 Hyuga-nada earthquake?	Kochi
ja	ja:100:de_solingen_stabbing_magdeburg_attack__perpetrator_background_trait__011__neighbor__de_solingen_stabbing_magdeburg_attack_neighbor_de_magdeburg_attack_trait_1__ja__core	de_solingen_stabbing_magdeburg_attack__perpetrator_background_trait__011__neighbor__de_solingen_stabbing_magdeburg_attack_neighbor_de_magdeburg_attack_trait_1__ja__core	de_solingen_stabbing_magdeburg_attack__perpetrator_background_trait__011__neighbor__de_solingen_stabbing_magdeburg_attack_neighbor_de_magdeburg_attack_trait_1__en__core	de_solingen_stabbing_magdeburg_attack	de_solingen_stabbing_magdeburg_attack__perpetrator_background_trait__011	neighbor	core	perpetrator_background_trait	True	ok	none	5	5	5	5	Accurate and natural translation.	What was the ideological background of the perpetrator of the 2024 Magdeburg car attack?	anti-Islam activist	2024年のマクデブルク自動車襲撃事件の実行犯の思想的背景は何でしたか？	反イスラム活動家	What was the ideological background of the perpetrator of the 2024 Magdeburg car attack?	Anti-Islam activist
sw	sw:001:ja_mof_protests_house_councillors__economic_policy_mentioned__010__neighbor__ja_mof_protests_house_councillors_neighbor_neighbor_economic_policy_3__sw__surface_002	ja_mof_protests_house_councillors__economic_policy_mentioned__010__neighbor__ja_mof_protests_house_councillors_neighbor_neighbor_economic_policy_3__sw__surface_002	ja_mof_protests_house_councillors__economic_policy_mentioned__010__neighbor__ja_mof_protests_house_councillors_neighbor_neighbor_economic_policy_3__en__surface_002	ja_mof_protests_house_councillors	ja_mof_protests_house_councillors__economic_policy_mentioned__010	neighbor	surface	economic_policy_mentioned	True	ok	none	5	5	5	5	Accurate and fluent translation.	Which economic measure did Donald Trump apply to goods imported from Japan around the 2025 Japanese House of Councillors election?	tariffs	Ni hatua gani ya kiuchumi ambayo Donald Trump aliweka kwa bidhaa zinazoagizwa kutoka Japani karibu na uchaguzi wa Baraza la Washauri la Japani wa 2025?	ushuru	What economic measure did Donald Trump impose on goods imported from Japan around the 2025 Japanese House of Councillors election?	tariffs
sw	sw:002:fr_imane_khelif_olympic_boxing__event_year__006__target__fr_imane_khelif_olympic_boxing_target_14__sw__surface_003	fr_imane_khelif_olympic_boxing__event_year__006__target__fr_imane_khelif_olympic_boxing_target_14__sw__surface_003	fr_imane_khelif_olympic_boxing__event_year__006__target__fr_imane_khelif_olympic_boxing_target_14__en__surface_003	fr_imane_khelif_olympic_boxing	fr_imane_khelif_olympic_boxing__event_year__006	target	surface	event_year	True	ok	none	5	5	5	5	Accurate and fluent translation.	Imane Khelif claimed the women's welterweight gold at the Summer Olympics in what year?	2024	Imane Khelif alitwaa dhahabu ya uzani wa welter kwa wanawake katika Michezo ya Olimpiki ya Majira ya Joto mwaka gani?	2024	In what year did Imane Khelif win the women's welterweight gold at the Summer Olympics?	2024
sw	sw:003:sw_kenyan_protests_albert_ojwang__location__002__target__sw_kenyan_protests_albert_ojwang_target_target_location_3__sw__surface_003	sw_kenyan_protests_albert_ojwang__location__002__target__sw_kenyan_protests_albert_ojwang_target_target_location_3__sw__surface_003	sw_kenyan_protests_albert_ojwang__location__002__target__sw_kenyan_protests_albert_ojwang_target_target_location_3__en__surface_003	sw_kenyan_protests_albert_ojwang	sw_kenyan_protests_albert_ojwang__location__002	target	surface	location	True	ok	none	5	5	5	5	Perfect translation with good contextual phrasing.	Where did the storming occur as a result of the 2024 Kenya Finance Bill protests?	Parliament	Ni wapi uvamizi ulitokea kutokana na maandamano ya Mswada wa Fedha wa Kenya wa 2024?	Bunge	Where did the invasion occur due to the 2024 Kenya Finance Bill protests?	Parliament
sw	sw:004:en_uk_riots_southport_stabbings__involved_person_or_key_figure__014__target__en_uk_riots_southport_stabbings_target_target_person_3__sw__surface_003	en_uk_riots_southport_stabbings__involved_person_or_key_figure__014__target__en_uk_riots_southport_stabbings_target_target_person_3__sw__surface_003	en_uk_riots_southport_stabbings__involved_person_or_key_figure__014__target__en_uk_riots_southport_stabbings_target_target_person_3__en__surface_003	en_uk_riots_southport_stabbings	en_uk_riots_southport_stabbings__involved_person_or_key_figure__014	target	surface	involved_person_or_key_figure	True	ok	none	5	5	5	5	Accurate and natural Swahili.	At a counter-protest in Walthamstow, who was the speaker captured on film declaring that fascists' throats should be cut?	Ricky Jones	Katika maandamano ya kupinga huko Walthamstow, nani alikuwa mzungumzaji aliyerekodiwa kwenye video akitangaza kuwa mafashisti wanapaswa kukatwa koo?	Ricky Jones	At the counter-protest in Walthamstow, who was the speaker recorded on video declaring that fascists should have their throats cut?	Ricky Jones
sw	sw:005:th_political_crisis_same_sex_marriage__key_figure__005__target__th_political_crisis_same_sex_marriage_target_th_political_crisis_2025_key_figure_2__sw__surface_001	th_political_crisis_same_sex_marriage__key_figure__005__target__th_political_crisis_same_sex_marriage_target_th_political_crisis_2025_key_figure_2__sw__surface_001	th_political_crisis_same_sex_marriage__key_figure__005__target__th_political_crisis_same_sex_marriage_target_th_political_crisis_2025_key_figure_2__en__surface_001	th_political_crisis_same_sex_marriage	th_political_crisis_same_sex_marriage__key_figure__005	target	surface	key_figure	True	ok	none	5	5	5	5	Accurate and fluent translation.	Which Cambodian official's leaked phone call with the Thai Prime Minister triggered the 2025 Thai political crisis?	Hun Sen	Ni afisa yupi wa Kambodia ambaye mazungumzo yake ya simu yaliyovuja na Waziri Mkuu wa Thailand yalichochea mgogoro wa kisiasa wa Thailand wa 2025?	Hun Sen	Which Cambodian official's leaked phone conversation with the Prime Minister of Thailand sparked the 2025 Thai political crisis?	Hun Sen
sw	sw:006:th_cambodian_border_crisis_myanmar_earthquake__international_response_entity__005__target__th_cambodian_border_crisis_myanmar_earthquake_target_th_cambodian_border_crisis_org_2__sw__surface_002	th_cambodian_border_crisis_myanmar_earthquake__international_response_entity__005__target__th_cambodian_border_crisis_myanmar_earthquake_target_th_cambodian_border_crisis_org_2__sw__surface_002	th_cambodian_border_crisis_myanmar_earthquake__international_response_entity__005__target__th_cambodian_border_crisis_myanmar_earthquake_target_th_cambodian_border_crisis_org_2__en__surface_002	th_cambodian_border_crisis_myanmar_earthquake	th_cambodian_border_crisis_myanmar_earthquake__international_response_entity__005	target	surface	international_response_entity	True	ok	none	5	5	5	5	Accurate and natural.	What country called on both sides to reduce tensions regarding the 2025 Cambodian–Thai border crisis?	United States	Ni nchi gani iliyotoa wito kwa pande zote mbili kupunguza mvutano kuhusu mgogoro wa mpaka kati ya Kambodia na Thailand wa mwaka 2025?	Marekani	Which country called on both sides to reduce tension regarding the 2025 border crisis between Cambodia and Thailand?	United States
sw	sw:007:de_aschaffenburg_stabbing_merz_cabinet__participant__009__neighbor__de_aschaffenburg_stabbing_merz_cabinet_neighbor_neighbor_participant_2__sw__surface_003	de_aschaffenburg_stabbing_merz_cabinet__participant__009__neighbor__de_aschaffenburg_stabbing_merz_cabinet_neighbor_neighbor_participant_2__sw__surface_003	de_aschaffenburg_stabbing_merz_cabinet__participant__009__neighbor__de_aschaffenburg_stabbing_merz_cabinet_neighbor_neighbor_participant_2__en__surface_003	de_aschaffenburg_stabbing_merz_cabinet	de_aschaffenburg_stabbing_merz_cabinet__participant__009	neighbor	surface	participant	True	ok	none	5	5	5	5	The meaning is perfectly conveyed in Swahili.	Name the leader of the cabinet that the Merz cabinet replaced.	Olaf Scholz	Taja kiongozi wa baraza la mawaziri ambalo baraza la mawaziri la Merz lilichukua nafasi yake.	Olaf Scholz	Name the leader of the cabinet that the Merz cabinet replaced.	Olaf Scholz
sw	sw:008:zh_zhuhai_car_attack_wuxi_stabbing__casualty_count__004__neighbor__zh_zhuhai_car_attack_wuxi_stabbing_neighbor_wuxi_cas_1__sw__surface_002	zh_zhuhai_car_attack_wuxi_stabbing__casualty_count__004__neighbor__zh_zhuhai_car_attack_wuxi_stabbing_neighbor_wuxi_cas_1__sw__surface_002	zh_zhuhai_car_attack_wuxi_stabbing__casualty_count__004__neighbor__zh_zhuhai_car_attack_wuxi_stabbing_neighbor_wuxi_cas_1__en__surface_002	zh_zhuhai_car_attack_wuxi_stabbing	zh_zhuhai_car_attack_wuxi_stabbing__casualty_count__004	neighbor	surface	casualty_count	True	ok	none	5	5	5	5	Accurate and natural.	How many people were killed in the 2024 Wuxi stabbing?	Eight	Ni watu wangapi waliuawa katika shambulio la kisu la Wuxi la 2024?	Nane	How many people were killed in the 2024 Wuxi knife attack?	Eight
sw	sw:009:ar_lebanon_device_attacks_hq_strike__reaction_by_country_or_org__006__neighbor__ar_lebanon_device_attacks_hq_strike_neighbor_reaction_5__sw__core	ar_lebanon_device_attacks_hq_strike__reaction_by_country_or_org__006__neighbor__ar_lebanon_device_attacks_hq_strike_neighbor_reaction_5__sw__core	ar_lebanon_device_attacks_hq_strike__reaction_by_country_or_org__006__neighbor__ar_lebanon_device_attacks_hq_strike_neighbor_reaction_5__en__core	ar_lebanon_device_attacks_hq_strike	ar_lebanon_device_attacks_hq_strike__reaction_by_country_or_org__006	neighbor	core	reaction_by_country_or_org	True	ok	none	5	5	5	5	Excellent translation.	Which country reacted to the 2024 Hezbollah headquarters strike by declaring three days of mourning across the country?	Iraq	Ni nchi gani iliyojibu shambulio la makao makuu ya Hezbollah la mwaka 2024 kwa kutangaza siku tatu za maombolezo kote nchini?	Iraki	Which country responded to the 2024 Hezbollah headquarters attack by declaring three days of mourning nationwide?	Iraq
sw	sw:010:ja_mof_protests_house_councillors__person_making_statement__007__neighbor__ja_mof_protests_house_councillors_neighbor_neighbor_person_statement_1__sw__surface_002	ja_mof_protests_house_councillors__person_making_statement__007__neighbor__ja_mof_protests_house_councillors_neighbor_neighbor_person_statement_1__sw__surface_002	ja_mof_protests_house_councillors__person_making_statement__007__neighbor__ja_mof_protests_house_councillors_neighbor_neighbor_person_statement_1__en__surface_002	ja_mof_protests_house_councillors	ja_mof_protests_house_councillors__person_making_statement__007	neighbor	surface	person_making_statement	True	ok	none	5	5	5	5	Accurate and clear phrasing.	Name the person who stated that the LDP was facing an emergency regarding the election situation.	Tarō Asō	Taja mtu aliyesema kwamba LDP ilikuwa inakabiliwa na hali ya dharura kuhusu hali ya uchaguzi.	Tarō Asō	Name the person who said that the LDP was facing an emergency situation regarding the election situation.	Tarō Asō
sw	sw:011:th_cambodian_border_crisis_myanmar_earthquake__key_figure__003__neighbor__th_cambodian_border_crisis_myanmar_earthquake_neighbor_myanmar_earthquake_person_3__sw__surface_003	th_cambodian_border_crisis_myanmar_earthquake__key_figure__003__neighbor__th_cambodian_border_crisis_myanmar_earthquake_neighbor_myanmar_earthquake_person_3__sw__surface_003	th_cambodian_border_crisis_myanmar_earthquake__key_figure__003__neighbor__th_cambodian_border_crisis_myanmar_earthquake_neighbor_myanmar_earthquake_person_3__en__surface_003	th_cambodian_border_crisis_myanmar_earthquake	th_cambodian_border_crisis_myanmar_earthquake__key_figure__003	neighbor	surface	key_figure	True	ok	none	5	5	5	5	Accurate and natural translation.	A level 2 disaster area was declared for Bangkok by which governor?	Chadchart Sittipunt	Eneo la maafa la kiwango cha 2 lilitangazwa kwa Bangkok na gavana yupi?	Chadchart Sittipunt	A level 2 disaster zone was declared for Bangkok by which governor?	Chadchart Sittipunt
sw	sw:012:ar_haniyeh_assassination_masoud_pezeshkian__associated_country__014__neighbor__ar_haniyeh_assassination_masoud_pezeshkian_neighbor_14__sw__surface_002	ar_haniyeh_assassination_masoud_pezeshkian__associated_country__014__neighbor__ar_haniyeh_assassination_masoud_pezeshkian_neighbor_14__sw__surface_002	ar_haniyeh_assassination_masoud_pezeshkian__associated_country__014__neighbor__ar_haniyeh_assassination_masoud_pezeshkian_neighbor_14__en__surface_002	ar_haniyeh_assassination_masoud_pezeshkian	ar_haniyeh_assassination_masoud_pezeshkian__associated_country__014	neighbor	surface	associated_country	True	ok	none	5	5	5	5	Accurate and natural translation.	With what country did Masoud Pezeshkian work to improve diplomatic ties?	Saudi Arabia	Ni nchi gani ambayo Masoud Pezeshkian alifanya kazi nayo kuboresha uhusiano wa kidiplomasia?	Saudi Arabia	Which country did Masoud Pezeshkian work with to improve diplomatic relations?	Saudi Arabia
sw	sw:013:es_venezuela_protests_presidential_election__event_location__007__target__es_venezuela_protests_presidential_election_target_target_event_location_6__sw__surface_003	es_venezuela_protests_presidential_election__event_location__007__target__es_venezuela_protests_presidential_election_target_target_event_location_6__sw__surface_003	es_venezuela_protests_presidential_election__event_location__007__target__es_venezuela_protests_presidential_election_target_target_event_location_6__en__surface_003	es_venezuela_protests_presidential_election	es_venezuela_protests_presidential_election__event_location__007	target	surface	event_location	True	ok	none	5	5	5	5	Accurate and natural translation.	Which Venezuelan city had its 2024 election protests dispersed by tear gas early in the day?	Maracay	Ni jiji gani la Venezuela ambapo maandamano ya uchaguzi wa 2024 yalitawanywa kwa mabomu ya machozi mapema siku hiyo?	Maracay	In which Venezuelan city were the 2024 election protests dispersed with tear gas earlier that day?	Maracay
sw	sw:014:ja_hyogo_gubernatorial_2025_ldp_presidential__candidate__004__neighbor__ja_hyogo_gubernatorial_2025_ldp_presidential_neighbor_neighbor_candidate_2__sw__surface_003	ja_hyogo_gubernatorial_2025_ldp_presidential__candidate__004__neighbor__ja_hyogo_gubernatorial_2025_ldp_presidential_neighbor_neighbor_candidate_2__sw__surface_003	ja_hyogo_gubernatorial_2025_ldp_presidential__candidate__004__neighbor__ja_hyogo_gubernatorial_2025_ldp_presidential_neighbor_neighbor_candidate_2__en__surface_003	ja_hyogo_gubernatorial_2025_ldp_presidential	ja_hyogo_gubernatorial_2025_ldp_presidential__candidate__004	neighbor	surface	candidate	True	ok	none	5	5	5	5	Accurate and natural translation.	Who campaigned for the leadership role in the 2025 Liberal Democratic Party presidential election?	Shinjirō Koizumi	Ni nani aliyefanya kampeni kwa ajili ya nafasi ya uongozi katika uchaguzi wa rais wa Chama cha Kidemokrasia cha Kiliberali wa mwaka 2025?	Shinjirō Koizumi	Who campaigned for a leadership position in the 2025 Liberal Democratic Party presidential election?	Shinjirō Koizumi
sw	sw:015:sw_goma_offensive_drc_rwanda_peace__key_date__015__neighbor__sw_goma_offensive_drc_rwanda_peace_neighbor_neighbor_card_28__sw__surface_002	sw_goma_offensive_drc_rwanda_peace__key_date__015__neighbor__sw_goma_offensive_drc_rwanda_peace_neighbor_neighbor_card_28__sw__surface_002	sw_goma_offensive_drc_rwanda_peace__key_date__015__neighbor__sw_goma_offensive_drc_rwanda_peace_neighbor_neighbor_card_28__en__surface_002	sw_goma_offensive_drc_rwanda_peace	sw_goma_offensive_drc_rwanda_peace__key_date__015	neighbor	surface	key_date	True	ok	none	5	5	5	5	Accurate and natural translation.	What date marks the signing of the Regional Economic Integration Framework between the DRC and Rwanda?	November 7	Ni tarehe gani inayoashiria kutiwa saini kwa Mfumo wa Mtangamano wa Kiuchumi wa Kikanda kati ya DRC na Rwanda?	Novemba 7	What date marks the signing of the Regional Economic Integration Framework between DRC and Rwanda?	November 7
sw	sw:016:es_catatumbo_clashes_ecuador_election__location__003__target__es_catatumbo_clashes_ecuador_election_target_target_location_1__sw__surface_003	es_catatumbo_clashes_ecuador_election__location__003__target__es_catatumbo_clashes_ecuador_election_target_target_location_1__sw__surface_003	es_catatumbo_clashes_ecuador_election__location__003__target__es_catatumbo_clashes_ecuador_election_target_target_location_1__en__surface_003	es_catatumbo_clashes_ecuador_election	es_catatumbo_clashes_ecuador_election__location__003	target	surface	location	True	ok	none	5	5	5	5	Accurate and natural translation.	What region was the site of the 2025 clashes between the ELN and FARC dissidents?	Catatumbo region	Mapigano ya mwaka 2025 kati ya ELN na waasi wa FARC yalifanyika katika eneo gani?	Eneo la Catatumbo	In which region did the 2025 clashes between the ELN and FARC rebels take place?	Catatumbo region
sw	sw:017:ja_hyuga_nada_earthquake_expo_pavilions__infrastructure_or_building_involved__015__neighbor__ja_hyuga_nada_earthquake_expo_pavilions_neighbor_neighbor_infrastructure_4__sw__core	ja_hyuga_nada_earthquake_expo_pavilions__infrastructure_or_building_involved__015__neighbor__ja_hyuga_nada_earthquake_expo_pavilions_neighbor_neighbor_infrastructure_4__sw__core	ja_hyuga_nada_earthquake_expo_pavilions__infrastructure_or_building_involved__015__neighbor__ja_hyuga_nada_earthquake_expo_pavilions_neighbor_neighbor_infrastructure_4__en__core	ja_hyuga_nada_earthquake_expo_pavilions	ja_hyuga_nada_earthquake_expo_pavilions__infrastructure_or_building_involved__015	neighbor	core	infrastructure_or_building_involved	True	ok	none	5	5	5	5	Accurate and natural translation.	What structure did Sou Fujimoto design for Expo 2025?	Grand Ring	Sou Fujimoto alibuni muundo gani kwa ajili ya Expo 2025?	Grand Ring	What structure did Sou Fujimoto design for Expo 2025?	Grand Ring
sw	sw:018:de_solingen_stabbing_magdeburg_attack__attack_location__003__neighbor__de_solingen_stabbing_magdeburg_attack_neighbor_de_magdeburg_attack_location_3__sw__core	de_solingen_stabbing_magdeburg_attack__attack_location__003__neighbor__de_solingen_stabbing_magdeburg_attack_neighbor_de_magdeburg_attack_location_3__sw__core	de_solingen_stabbing_magdeburg_attack__attack_location__003__neighbor__de_solingen_stabbing_magdeburg_attack_neighbor_de_magdeburg_attack_location_3__en__core	de_solingen_stabbing_magdeburg_attack	de_solingen_stabbing_magdeburg_attack__attack_location__003	neighbor	core	attack_location	True	ok	none	5	5	5	5	Accurate and natural translation.	In which German state did the 2024 Magdeburg car attack occur?	Saxony-Anhalt	Shambulio la gari la Magdeburg la 2024 lilitokea katika jimbo gani la Ujerumani?	Saksonia-Anhalt	In which German state did the 2024 Magdeburg car attack occur?	Saxony-Anhalt
sw	sw:019:ar_syrian_offensives_transitional_government__international_reaction__004__target__ar_syrian_offensives_transitional_government_target_target_reaction_3__sw__core	ar_syrian_offensives_transitional_government__international_reaction__004__target__ar_syrian_offensives_transitional_government_target_target_reaction_3__sw__core	ar_syrian_offensives_transitional_government__international_reaction__004__target__ar_syrian_offensives_transitional_government_target_target_reaction_3__en__core	ar_syrian_offensives_transitional_government	ar_syrian_offensives_transitional_government__international_reaction__004	target	core	international_reaction	True	ok	none	5	5	5	5	Accurate and natural translation.	Which country called the 2024 Syrian opposition offensives a violation of Syria's sovereignty?	Russia	Ni nchi gani ilitaja mashambulizi ya upinzani wa Syria ya mwaka 2024 kama ukiukaji wa mamlaka ya Syria?	Urusi	Which country described the 2024 Syrian opposition attacks as a violation of Syria's sovereignty?	Russia
sw	sw:020:bn_noncooperation_interim_government__key_figures__014__neighbor__bn_noncooperation_interim_government_neighbor_neighbor_key_figures_7__sw__surface_003	bn_noncooperation_interim_government__key_figures__014__neighbor__bn_noncooperation_interim_government_neighbor_neighbor_key_figures_7__sw__surface_003	bn_noncooperation_interim_government__key_figures__014__neighbor__bn_noncooperation_interim_government_neighbor_neighbor_key_figures_7__en__surface_003	bn_noncooperation_interim_government	bn_noncooperation_interim_government__key_figures__014	neighbor	surface	key_figures	True	ok	none	5	5	5	5	Accurate and natural translation.	Muhammad Yunus sent a personal letter urging the reconsideration of tariffs to which individual?	Donald Trump	Muhammad Yunus alimtumia nani barua binafsi akihimiza kufikiriwa upya kwa ushuru?	Donald Trump	To whom did Muhammad Yunus send a personal letter urging the reconsideration of taxes?	Donald Trump
sw	sw:021:en_tesla_vandalism_doge__affected_entity__011__target__en_tesla_vandalism_doge_target_target_affected_entity_1__sw__surface_001	en_tesla_vandalism_doge__affected_entity__011__target__en_tesla_vandalism_doge_target_target_affected_entity_1__sw__surface_001	en_tesla_vandalism_doge__affected_entity__011__target__en_tesla_vandalism_doge_target_target_affected_entity_1__en__surface_001	en_tesla_vandalism_doge	en_tesla_vandalism_doge__affected_entity__011	target	surface	affected_entity	True	ok	none	5	5	5	5	Accurate and natural translation.	Which specific type of vehicles were targeted by arson at a Kansas City dealership?	Cybertrucks	Ni aina gani maalum ya magari iliyolengwa kwa uchomaji moto katika duka la magari la Kansas City?	Cybertrucks	What specific type of vehicles was targeted for arson at the Kansas City car dealership?	Cybertrucks
sw	sw:022:bn_hasina_resignation_2026_election__significant_date__014__neighbor__bn_hasina_resignation_2026_election_neighbor_18__sw__surface_002	bn_hasina_resignation_2026_election__significant_date__014__neighbor__bn_hasina_resignation_2026_election_neighbor_18__sw__surface_002	bn_hasina_resignation_2026_election__significant_date__014__neighbor__bn_hasina_resignation_2026_election_neighbor_18__en__surface_002	bn_hasina_resignation_2026_election	bn_hasina_resignation_2026_election__significant_date__014	neighbor	surface	significant_date	True	ok	none	5	5	5	5	Accurate and natural translation.	What is the date of the International Crimes Tribunal's ruling that convicted Sheikh Hasina of war crimes?	17 November 2025	Ni tarehe gani ya hukumu ya Mahakama ya Kimataifa ya Uhalifu iliyomtia hatiani Sheikh Hasina kwa uhalifu wa kivita?	17 Novemba 2025	What is the date of the International Criminal Court judgment that convicted Sheikh Hasina for war crimes?	17 November 2025
sw	sw:023:ar_lebanon_device_attacks_hq_strike__reaction_by_country_or_org__006__target__ar_lebanon_device_attacks_hq_strike_target_reaction_5__sw__surface_001	ar_lebanon_device_attacks_hq_strike__reaction_by_country_or_org__006__target__ar_lebanon_device_attacks_hq_strike_target_reaction_5__sw__surface_001	ar_lebanon_device_attacks_hq_strike__reaction_by_country_or_org__006__target__ar_lebanon_device_attacks_hq_strike_target_reaction_5__en__surface_001	ar_lebanon_device_attacks_hq_strike	ar_lebanon_device_attacks_hq_strike__reaction_by_country_or_org__006	target	surface	reaction_by_country_or_org	True	ok	none	5	5	5	5	Accurate and natural translation.	The president of which nation criticized Israel in response to the 2024 Lebanon electronic device attacks?	Turkey	Rais wa nchi gani aliikosoa Israel kujibu mashambulizi ya vifaa vya kielektroniki ya Lebanon ya mwaka 2024?	Uturuki	The president of which country criticized Israel in response to the 2024 Lebanon electronic device attacks?	Turkey
sw	sw:024:fr_pelicot_case_gisele_pelicot__family_member__014__neighbor__fr_pelicot_case_gisele_pelicot_neighbor_neighbor_family_member_1__sw__surface_002	fr_pelicot_case_gisele_pelicot__family_member__014__neighbor__fr_pelicot_case_gisele_pelicot_neighbor_neighbor_family_member_1__sw__surface_002	fr_pelicot_case_gisele_pelicot__family_member__014__neighbor__fr_pelicot_case_gisele_pelicot_neighbor_neighbor_family_member_1__en__surface_002	fr_pelicot_case_gisele_pelicot	fr_pelicot_case_gisele_pelicot__family_member__014	neighbor	surface	family_member	True	ok	none	5	5	5	5	Accurate and natural translation.	Which male family member is Gisèle Pelicot's son?	David	Ni mwanafamilia yupi wa kiume ambaye ni mtoto wa kiume wa Gisèle Pelicot?	David	Which male family member is the son of Gisèle Pelicot?	David
sw	sw:025:sw_goma_offensive_drc_rwanda_peace__key_date__015__neighbor__sw_goma_offensive_drc_rwanda_peace_neighbor_neighbor_card_28__sw__surface_003	sw_goma_offensive_drc_rwanda_peace__key_date__015__neighbor__sw_goma_offensive_drc_rwanda_peace_neighbor_neighbor_card_28__sw__surface_003	sw_goma_offensive_drc_rwanda_peace__key_date__015__neighbor__sw_goma_offensive_drc_rwanda_peace_neighbor_neighbor_card_28__en__surface_003	sw_goma_offensive_drc_rwanda_peace	sw_goma_offensive_drc_rwanda_peace__key_date__015	neighbor	surface	key_date	True	ok	none	5	5	5	5	Accurate and natural translation.	On which day did Rwanda and the DRC officially agree to the Regional Economic Integration Framework?	November 7	Ni tarehe gani Rwanda na DRC zilikubaliana rasmi kuhusu Mfumo wa Mtangamano wa Kiuchumi wa Kikanda?	Novemba 7	On what date did Rwanda and DRC officially agree on the Regional Economic Integration Framework?	November 7
sw	sw:026:en_tesla_vandalism_doge__associated_legal_issue__009__neighbor__en_tesla_vandalism_doge_neighbor_neighbor_associated_legal_issue_2__sw__core	en_tesla_vandalism_doge__associated_legal_issue__009__neighbor__en_tesla_vandalism_doge_neighbor_neighbor_associated_legal_issue_2__sw__core	en_tesla_vandalism_doge__associated_legal_issue__009__neighbor__en_tesla_vandalism_doge_neighbor_neighbor_associated_legal_issue_2__en__core	en_tesla_vandalism_doge	en_tesla_vandalism_doge__associated_legal_issue__009	neighbor	core	associated_legal_issue	True	ok	none	5	5	5	5	Accurate and natural translation.	What serious legal concern is raised by the scope of the Department of Government Efficiency's access to government information?	conflict‑of‑interest	Ni wasiwasi gani mzito wa kisheria unaoibuliwa na upeo wa ufikiaji wa taarifa za serikali na Idara ya Ufanisi wa Serikali?	mgongano wa maslahi	What serious legal concern is raised by the scope of access to government information by the Department of Government Efficiency?	conflict of interest
sw	sw:027:ar_syrian_offensives_transitional_government__key_event_date__013__target__ar_syrian_offensives_transitional_government_target_target_date_2__sw__surface_001	ar_syrian_offensives_transitional_government__key_event_date__013__target__ar_syrian_offensives_transitional_government_target_target_date_2__sw__surface_001	ar_syrian_offensives_transitional_government__key_event_date__013__target__ar_syrian_offensives_transitional_government_target_target_date_2__en__surface_001	ar_syrian_offensives_transitional_government	ar_syrian_offensives_transitional_government__key_event_date__013	target	surface	key_event_date	True	ok	none	5	5	5	5	Accurate and natural translation.	On what date did HTS forces make their entry into Aleppo?	29 November 2024	Ni tarehe gani vikosi vya HTS viliingia Aleppo?	29 Novemba 2024	On what date did HTS forces enter Aleppo?	29 November 2024
sw	sw:028:en_brian_thompson_killing_luigi_mangione__key_locations__012__target__en_brian_thompson_killing_luigi_mangione_target_target_key_locations_2__sw__surface_003	en_brian_thompson_killing_luigi_mangione__key_locations__012__target__en_brian_thompson_killing_luigi_mangione_target_target_key_locations_2__sw__surface_003	en_brian_thompson_killing_luigi_mangione__key_locations__012__target__en_brian_thompson_killing_luigi_mangione_target_target_key_locations_2__en__surface_003	en_brian_thompson_killing_luigi_mangione	en_brian_thompson_killing_luigi_mangione__key_locations__012	target	surface	key_locations	True	ok	none	5	5	5	5	Accurate and natural translation.	Luigi Mangione was taken into custody by authorities in which specific place?	Altoona, Pennsylvania	Luigi Mangione aliwekwa kizuizini na mamlaka katika eneo gani mahususi?	Altoona, Pennsylvania	In what specific location was Luigi Mangione detained by authorities?	Altoona, Pennsylvania
sw	sw:029:zh_shenzhen_stabbing_wuxi_stabbing__aftermath_actions__011__target__zh_shenzhen_stabbing_wuxi_stabbing_target_target_action_1__sw__core	zh_shenzhen_stabbing_wuxi_stabbing__aftermath_actions__011__target__zh_shenzhen_stabbing_wuxi_stabbing_target_target_action_1__sw__core	zh_shenzhen_stabbing_wuxi_stabbing__aftermath_actions__011__target__zh_shenzhen_stabbing_wuxi_stabbing_target_target_action_1__en__core	zh_shenzhen_stabbing_wuxi_stabbing	zh_shenzhen_stabbing_wuxi_stabbing__aftermath_actions__011	target	core	aftermath_actions	True	ok	none	5	5	5	5	Accurate and natural translation.	What did residents do at the school following the 2024 Shenzhen stabbing?	placed flowers	Wakazi walifanya nini shuleni baada ya shambulio la kisu la Shenzhen la 2024?	waliweka maua	What did residents do at the school after the 2024 Shenzhen knife attack?	they laid flowers
sw	sw:030:fr_olympics_opening_closing_ceremony__athlete_participant__013__neighbor__fr_olympics_opening_closing_ceremony_neighbor_neighbor_athlete_participant_3__sw__surface_003	fr_olympics_opening_closing_ceremony__athlete_participant__013__neighbor__fr_olympics_opening_closing_ceremony_neighbor_neighbor_athlete_participant_3__sw__surface_003	fr_olympics_opening_closing_ceremony__athlete_participant__013__neighbor__fr_olympics_opening_closing_ceremony_neighbor_neighbor_athlete_participant_3__en__surface_003	fr_olympics_opening_closing_ceremony	fr_olympics_opening_closing_ceremony__athlete_participant__013	neighbor	surface	athlete_participant	True	ok	none	5	5	5	5	Accurate and natural translation.	During the 2024 Summer Olympics closing ceremony, who received the Olympic flag in the handover?	Simone Biles	Wakati wa sherehe za ufungaji wa Michezo ya Olimpiki ya Majira ya Joto ya 2024, ni nani aliyepokea bendera ya Olimpiki wakati wa makabidhiano?	Simone Biles	During the closing ceremony of the 2024 Summer Olympic Games, who received the Olympic flag during the handover?	Simone Biles
sw	sw:031:zh_shenzhen_stabbing_wuxi_stabbing__aftermath_actions__011__target__zh_shenzhen_stabbing_wuxi_stabbing_target_target_action_1__sw__surface_001	zh_shenzhen_stabbing_wuxi_stabbing__aftermath_actions__011__target__zh_shenzhen_stabbing_wuxi_stabbing_target_target_action_1__sw__surface_001	zh_shenzhen_stabbing_wuxi_stabbing__aftermath_actions__011__target__zh_shenzhen_stabbing_wuxi_stabbing_target_target_action_1__en__surface_001	zh_shenzhen_stabbing_wuxi_stabbing	zh_shenzhen_stabbing_wuxi_stabbing__aftermath_actions__011	target	surface	aftermath_actions	True	ok	none	5	5	5	5	Accurate and natural translation.	In the aftermath of the 2024 Shenzhen stabbing, what action was taken by residents at the school?	placed flowers	Baada ya shambulio la kisu la Shenzhen la 2024, ni hatua gani ilichukuliwa na wakazi shuleni?	kuweka maua	After the 2024 Shenzhen stabbing attack, what action was taken by residents at the school?	laying flowers
sw	sw:032:fr_olympics_opening_closing_ceremony__dignitary_present__010__neighbor__fr_olympics_opening_closing_ceremony_neighbor_neighbor_dignitary_present_4__sw__core	fr_olympics_opening_closing_ceremony__dignitary_present__010__neighbor__fr_olympics_opening_closing_ceremony_neighbor_neighbor_dignitary_present_4__sw__core	fr_olympics_opening_closing_ceremony__dignitary_present__010__neighbor__fr_olympics_opening_closing_ceremony_neighbor_neighbor_dignitary_present_4__en__core	fr_olympics_opening_closing_ceremony	fr_olympics_opening_closing_ceremony__dignitary_present__010	neighbor	core	dignitary_present	True	ok	none	5	5	5	5	Accurate and natural translation.	Which Los Angeles mayor received the Olympic flag at the 2024 Summer Olympics closing ceremony?	Karen Bass	Ni meya yupi wa Los Angeles aliyepokea bendera ya Olimpiki kwenye sherehe za kufunga Michezo ya Olimpiki ya Majira ya Joto ya 2024?	Karen Bass	Which mayor of Los Angeles received the Olympic flag at the closing ceremony of the 2024 Summer Olympics?	Karen Bass
sw	sw:033:bn_anti_hindu_violence_national_citizen_party__target_demographic__001__neighbor__bn_anti_hindu_violence_national_citizen_party_neighbor_neighbor_target_demographic_1__sw__core	bn_anti_hindu_violence_national_citizen_party__target_demographic__001__neighbor__bn_anti_hindu_violence_national_citizen_party_neighbor_neighbor_target_demographic_1__sw__core	bn_anti_hindu_violence_national_citizen_party__target_demographic__001__neighbor__bn_anti_hindu_violence_national_citizen_party_neighbor_neighbor_target_demographic_1__en__core	bn_anti_hindu_violence_national_citizen_party	bn_anti_hindu_violence_national_citizen_party__target_demographic__001	neighbor	core	target_demographic	True	ok	none	5	5	5	5	Accurate and natural translation.	Which demographic group is the National Citizen Party led by?	youth	National Citizen Party inaongozwa na kundi gani la kidemografia?	vijana	Which demographic group is the National Citizen Party led by?	youth
sw	sw:034:bn_anti_hindu_violence_national_citizen_party__commentator_or_reactor__003__target__bn_anti_hindu_violence_national_citizen_party_target_target_commentator_or_reactor_1__sw__surface_001	bn_anti_hindu_violence_national_citizen_party__commentator_or_reactor__003__target__bn_anti_hindu_violence_national_citizen_party_target_target_commentator_or_reactor_1__sw__surface_001	bn_anti_hindu_violence_national_citizen_party__commentator_or_reactor__003__target__bn_anti_hindu_violence_national_citizen_party_target_target_commentator_or_reactor_1__en__surface_001	bn_anti_hindu_violence_national_citizen_party	bn_anti_hindu_violence_national_citizen_party__commentator_or_reactor__003	target	surface	commentator_or_reactor	True	ok	none	5	5	5	5	Accurate and natural translation.	Who issued a statement as a former US President to condemn the violence targeting religious minorities in Bangladesh?	Donald Trump	Ni nani aliyetoa tamko kama rais wa zamani wa Marekani kulaani ghasia zinazolenga walio wachache kidini nchini Bangladesh?	Donald Trump	Who issued a statement as a former US president condemning the violence targeting religious minorities in Bangladesh?	Donald Trump
sw	sw:035:sw_tanzania_protests_general_election__event_location__003__target__sw_tanzania_protests_general_election_target_target_loc_3__sw__surface_002	sw_tanzania_protests_general_election__event_location__003__target__sw_tanzania_protests_general_election_target_target_loc_3__sw__surface_002	sw_tanzania_protests_general_election__event_location__003__target__sw_tanzania_protests_general_election_target_target_loc_3__en__surface_002	sw_tanzania_protests_general_election	sw_tanzania_protests_general_election__event_location__003	target	surface	event_location	True	ok	none	5	5	4	5	The translation is accurate. The use of 'maandamano' twice in close proximity is slightly repetitive but acceptable.	The October 30 demonstrations of the 2025 Tanzanian election protests took place in what location?	Mwanza	Maandamano ya tarehe 30 Oktoba katika maandamano ya uchaguzi wa Tanzania wa 2025 yalifanyika katika eneo gani?	Mwanza	In what location did the October 30 protests in the 2025 Tanzania election protests take place?	Mwanza
sw	sw:036:ar_haniyeh_assassination_masoud_pezeshkian__associated_person__009__target__ar_haniyeh_assassination_masoud_pezeshkian_target_3__sw__core	ar_haniyeh_assassination_masoud_pezeshkian__associated_person__009__target__ar_haniyeh_assassination_masoud_pezeshkian_target_3__sw__core	ar_haniyeh_assassination_masoud_pezeshkian__associated_person__009__target__ar_haniyeh_assassination_masoud_pezeshkian_target_3__en__core	ar_haniyeh_assassination_masoud_pezeshkian	ar_haniyeh_assassination_masoud_pezeshkian__associated_person__009	target	core	associated_person	True	ok	none	5	5	5	5	Accurate and natural translation.	Who was photographed accompanying Ismail Haniyeh?	Ziyad al-Nakhalah	Ni nani aliyepigwa picha akiwa ameambatana na Ismail Haniyeh?	Ziyad al-Nakhalah	Who was photographed accompanying Ismail Haniyeh?	Ziyad al-Nakhalah
sw	sw:037:ja_hyogo_gubernatorial_2025_ldp_presidential__candidate__006__target__ja_hyogo_gubernatorial_2025_ldp_presidential_target_target_candidate_4__sw__surface_002	ja_hyogo_gubernatorial_2025_ldp_presidential__candidate__006__target__ja_hyogo_gubernatorial_2025_ldp_presidential_target_target_candidate_4__sw__surface_002	ja_hyogo_gubernatorial_2025_ldp_presidential__candidate__006__target__ja_hyogo_gubernatorial_2025_ldp_presidential_target_target_candidate_4__en__surface_002	ja_hyogo_gubernatorial_2025_ldp_presidential	ja_hyogo_gubernatorial_2025_ldp_presidential__candidate__006	target	surface	candidate	True	ok	none	5	5	5	5	Accurate and natural translation.	Name the Japanese Communist Party's endorsed candidate for the 2024 Hyogo gubernatorial election.	Yoshikiyo Osawa	Taja mgombea aliyeidhinishwa na Chama cha Kikomunisti cha Japani katika uchaguzi wa ugavana wa Hyogo wa 2024.	Yoshikiyo Osawa	Name the candidate endorsed by the Japanese Communist Party in the 2024 Hyogo gubernatorial election.	Yoshikiyo Osawa
sw	sw:038:bn_anti_hindu_violence_national_citizen_party__associated_event__004__target__bn_anti_hindu_violence_national_citizen_party_target_target_associated_event_3__sw__surface_003	bn_anti_hindu_violence_national_citizen_party__associated_event__004__target__bn_anti_hindu_violence_national_citizen_party_target_target_associated_event_3__sw__surface_003	bn_anti_hindu_violence_national_citizen_party__associated_event__004__target__bn_anti_hindu_violence_national_citizen_party_target_target_associated_event_3__en__surface_003	bn_anti_hindu_violence_national_citizen_party	bn_anti_hindu_violence_national_citizen_party__associated_event__004	target	surface	associated_event	True	ok	none	5	5	5	5	Accurate and natural translation.	What was the name of the movement that escalated into a fierce anti-government non-cooperation movement in July 2024?	quota reform movement	Ni nini lilikuwa jina la vuguvugu lililobadilika na kuwa vuguvugu kali la kutoshirikiana dhidi ya serikali mnamo Julai 2024?	vuguvugu la mageuzi ya mgawo	What was the name of the movement that changed into a fierce non-cooperation movement against the government in July 2024?	quota reform movement
sw	sw:039:fr_olympics_opening_closing_ceremony__musical_performer__001__neighbor__fr_olympics_opening_closing_ceremony_neighbor_neighbor_musical_performer_1__sw__surface_003	fr_olympics_opening_closing_ceremony__musical_performer__001__neighbor__fr_olympics_opening_closing_ceremony_neighbor_neighbor_musical_performer_1__sw__surface_003	fr_olympics_opening_closing_ceremony__musical_performer__001__neighbor__fr_olympics_opening_closing_ceremony_neighbor_neighbor_musical_performer_1__en__surface_003	fr_olympics_opening_closing_ceremony	fr_olympics_opening_closing_ceremony__musical_performer__001	neighbor	surface	musical_performer	True	ok	none	5	5	5	5	Accurate and natural translation.	The 2024 Summer Olympics closing ceremony included a performance by which French band?	Air	Sherehe za kufunga Michezo ya Olimpiki ya Majira ya Joto ya 2024 zilijumuisha onyesho la bendi gani ya Ufaransa?	Air	The closing ceremony of the 2024 Summer Olympics included a performance by which French band?	Air
sw	sw:040:de_munich_car_attack_federal_election__involved_person__012__target__de_munich_car_attack_federal_election_target_target_involved_person_5__sw__surface_001	de_munich_car_attack_federal_election__involved_person__012__target__de_munich_car_attack_federal_election_target_target_involved_person_5__sw__surface_001	de_munich_car_attack_federal_election__involved_person__012__target__de_munich_car_attack_federal_election_target_target_involved_person_5__en__surface_001	de_munich_car_attack_federal_election	de_munich_car_attack_federal_election__involved_person__012	target	surface	involved_person	True	ok	none	5	5	5	5	Accurate and natural translation.	Which political figure was involved in responding to the 2025 Munich car attack?	Olaf Scholz	Ni kiongozi yupi wa kisiasa alihusika katika kushughulikia shambulio la gari la Munich la mwaka 2025?	Olaf Scholz	Which political leader was involved in handling the 2025 Munich car attack?	Olaf Scholz
sw	sw:041:en_brian_thompson_killing_luigi_mangione__legal_charges__003__target__en_brian_thompson_killing_luigi_mangione_target_target_legal_charges_4__sw__surface_002	en_brian_thompson_killing_luigi_mangione__legal_charges__003__target__en_brian_thompson_killing_luigi_mangione_target_target_legal_charges_4__sw__surface_002	en_brian_thompson_killing_luigi_mangione__legal_charges__003__target__en_brian_thompson_killing_luigi_mangione_target_target_legal_charges_4__en__surface_002	en_brian_thompson_killing_luigi_mangione	en_brian_thompson_killing_luigi_mangione__legal_charges__003	target	surface	legal_charges	True	ok	none	5	5	5	5	Accurate and fluent translation.	Which legal charge was brought against Luigi Mangione in his indictment?	stalking	Ni shtaka gani la kisheria lililofunguliwa dhidi ya Luigi Mangione katika hati yake ya mashtaka?	unyemeleaji	What legal charge was filed against Luigi Mangione in his indictment?	stalking
sw	sw:042:de_munich_car_attack_federal_election__involved_organization__001__neighbor__de_munich_car_attack_federal_election_neighbor_neighbor_involved_organization_1__sw__surface_002	de_munich_car_attack_federal_election__involved_organization__001__neighbor__de_munich_car_attack_federal_election_neighbor_neighbor_involved_organization_1__sw__surface_002	de_munich_car_attack_federal_election__involved_organization__001__neighbor__de_munich_car_attack_federal_election_neighbor_neighbor_involved_organization_1__en__surface_002	de_munich_car_attack_federal_election	de_munich_car_attack_federal_election__involved_organization__001	neighbor	surface	involved_organization	True	ok	none	5	5	5	5	Accurate and fluent translation.	Name the alliance that was a participant in the 2025 German federal election.	CDU/CSU	Taja muungano ulioshiriki katika uchaguzi wa shirikisho wa Ujerumani wa 2025.	CDU/CSU	Name the coalition that participated in the 2025 German federal election.	CDU/CSU
sw	sw:043:zh_night_ride_kaifeng_henan_cuisine__utilizes_key_element__002__neighbor__zh_night_ride_kaifeng_henan_cuisine_neighbor_11__sw__surface_003	zh_night_ride_kaifeng_henan_cuisine__utilizes_key_element__002__neighbor__zh_night_ride_kaifeng_henan_cuisine_neighbor_11__sw__surface_003	zh_night_ride_kaifeng_henan_cuisine__utilizes_key_element__002__neighbor__zh_night_ride_kaifeng_henan_cuisine_neighbor_11__en__surface_003	zh_night_ride_kaifeng_henan_cuisine	zh_night_ride_kaifeng_henan_cuisine__utilizes_key_element__002	neighbor	surface	utilizes_key_element	True	ok	none	5	5	5	5	Accurate and fluent translation.	When preparing Henan cuisine, what is the most commonly used meat?	pork	Wakati wa kuandaa vyakula vya Henan, ni nyama gani inayotumiwa zaidi?	nyama ya nguruwe	When preparing Henan cuisine, which meat is mostly used?	pork
sw	sw:044:ja_mof_protests_house_councillors__person_making_statement__007__target__ja_mof_protests_house_councillors_target_target_person_statement_1__sw__core	ja_mof_protests_house_councillors__person_making_statement__007__target__ja_mof_protests_house_councillors_target_target_person_statement_1__sw__core	ja_mof_protests_house_councillors__person_making_statement__007__target__ja_mof_protests_house_councillors_target_target_person_statement_1__en__core	ja_mof_protests_house_councillors	ja_mof_protests_house_councillors__person_making_statement__007	target	core	person_making_statement	True	ok	none	5	5	5	5	Accurate and well translated.	Who stated that politicians need to react to the background where the anger is coming from?	Yuichiro Tamaki	Nani alisema kwamba wanasiasa wanahitaji kuitikia mazingira ambayo hasira inatoka?	Yuichiro Tamaki	Who said that politicians need to respond to the environment from which anger comes?	Yuichiro Tamaki
sw	sw:045:sw_kenyan_protests_albert_ojwang__police_officer_involved__006__target__sw_kenyan_protests_albert_ojwang_target_target_police_officer_involved_1__sw__surface_002	sw_kenyan_protests_albert_ojwang__police_officer_involved__006__target__sw_kenyan_protests_albert_ojwang_target_target_police_officer_involved_1__sw__surface_002	sw_kenyan_protests_albert_ojwang__police_officer_involved__006__target__sw_kenyan_protests_albert_ojwang_target_target_police_officer_involved_1__en__surface_002	sw_kenyan_protests_albert_ojwang	sw_kenyan_protests_albert_ojwang__police_officer_involved__006	target	surface	police_officer_involved	True	ok	none	5	5	5	5	Accurate and fluent translation.	Name the police official who was the subject of a critical post by Albert Omondi Ojwang.	Eliud Lagat	Taja afisa wa polisi aliyekuwa mada ya chapisho la ukosoaji la Albert Omondi Ojwang.	Eliud Lagat	Name the police officer who was the subject of the critical post by Albert Omondi Ojwang.	Eliud Lagat
sw	sw:046:fr_pelicot_case_gisele_pelicot__significant_location__011__neighbor__fr_pelicot_case_gisele_pelicot_neighbor_neighbor_significant_location_3__sw__surface_003	fr_pelicot_case_gisele_pelicot__significant_location__011__neighbor__fr_pelicot_case_gisele_pelicot_neighbor_neighbor_significant_location_3__sw__surface_003	fr_pelicot_case_gisele_pelicot__significant_location__011__neighbor__fr_pelicot_case_gisele_pelicot_neighbor_neighbor_significant_location_3__en__surface_003	fr_pelicot_case_gisele_pelicot	fr_pelicot_case_gisele_pelicot__significant_location__011	neighbor	surface	significant_location	True	ok	none	5	5	5	5	Accurate and fluent translation.	Which city is known as the birthplace of Gisèle Pelicot?	Villingen	Ni mji gani unaojulikana kama mahali alipozaliwa Gisèle Pelicot?	Villingen	Which city is known as the birthplace of Gisèle Pelicot?	Villingen
sw	sw:047:zh_zhuhai_car_attack_wuxi_stabbing__incident_location__009__target__zh_zhuhai_car_attack_wuxi_stabbing_target_zhuhai_loc_3__sw__core	zh_zhuhai_car_attack_wuxi_stabbing__incident_location__009__target__zh_zhuhai_car_attack_wuxi_stabbing_target_zhuhai_loc_3__sw__core	zh_zhuhai_car_attack_wuxi_stabbing__incident_location__009__target__zh_zhuhai_car_attack_wuxi_stabbing_target_zhuhai_loc_3__en__core	zh_zhuhai_car_attack_wuxi_stabbing	zh_zhuhai_car_attack_wuxi_stabbing__incident_location__009	target	core	incident_location	True	ok	none	5	5	5	5	Accurate and fluent translation.	In which province did the 2024 Zhuhai car attack occur?	Guangdong	Shambulio la gari la Zhuhai la 2024 lilitokea katika jimbo gani?	Guangdong	In which province did the 2024 Zhuhai car attack occur?	Guangdong
sw	sw:048:th_cambodian_border_crisis_myanmar_earthquake__international_response_entity__001__neighbor__th_cambodian_border_crisis_myanmar_earthquake_neighbor_myanmar_earthquake_org_3__sw__surface_001	th_cambodian_border_crisis_myanmar_earthquake__international_response_entity__001__neighbor__th_cambodian_border_crisis_myanmar_earthquake_neighbor_myanmar_earthquake_org_3__sw__surface_001	th_cambodian_border_crisis_myanmar_earthquake__international_response_entity__001__neighbor__th_cambodian_border_crisis_myanmar_earthquake_neighbor_myanmar_earthquake_org_3__en__surface_001	th_cambodian_border_crisis_myanmar_earthquake	th_cambodian_border_crisis_myanmar_earthquake__international_response_entity__001	neighbor	surface	international_response_entity	True	ok	none	5	5	5	5	Accurate and fluent translation.	Following the 2025 Myanmar earthquake, what intergovernmental body sent an Emergency Response and Assessment Team to the affected areas?	ASEAN	Kufuatia tetemeko la ardhi la Myanmar la mwaka 2025, ni chombo gani cha baina ya serikali kilituma Timu ya Majibu na Tathmini ya Dharura katika maeneo yaliyoathiriwa?	ASEAN	Following the 2025 Myanmar earthquake, which intergovernmental body sent an Emergency Response and Assessment Team to the affected areas?	ASEAN
sw	sw:049:ar_lebanon_device_attacks_hq_strike__location_of_event__009__target__ar_lebanon_device_attacks_hq_strike_target_location_1__sw__surface_003	ar_lebanon_device_attacks_hq_strike__location_of_event__009__target__ar_lebanon_device_attacks_hq_strike_target_location_1__sw__surface_003	ar_lebanon_device_attacks_hq_strike__location_of_event__009__target__ar_lebanon_device_attacks_hq_strike_target_location_1__en__surface_003	ar_lebanon_device_attacks_hq_strike	ar_lebanon_device_attacks_hq_strike__location_of_event__009	target	surface	location_of_event	True	ok	none	5	5	5	5	Accurate and fluent translation.	Name the country where the 2024 mass electronic device explosions took place.	Lebanon	Taja nchi ambapo milipuko mikubwa ya vifaa vya kielektroniki ya mwaka 2024 ilitokea.	Lebanoni	Name the country where the large electronic device explosions of the year 2024 occurred.	Lebanon
sw	sw:050:fr_imane_khelif_olympic_boxing__associated_competition__015__target__fr_imane_khelif_olympic_boxing_target_1__sw__core	fr_imane_khelif_olympic_boxing__associated_competition__015__target__fr_imane_khelif_olympic_boxing_target_1__sw__core	fr_imane_khelif_olympic_boxing__associated_competition__015__target__fr_imane_khelif_olympic_boxing_target_1__en__core	fr_imane_khelif_olympic_boxing	fr_imane_khelif_olympic_boxing__associated_competition__015	target	core	associated_competition	True	ok	none	5	5	5	5	Excellent translation that naturally captures the meaning of 'international debut'.	At which competition did Imane Khelif make her international debut?	2018 AIBA Women's World Boxing Championships	Ni katika mashindano yapi Imane Khelif alishiriki kwa mara ya kwanza kimataifa?	Mashindano ya Ubingwa wa Dunia wa Ndondi kwa Wanawake ya AIBA ya 2018	In which competition did Imane Khelif participate for the first time internationally?	2018 AIBA Women's World Boxing Championships
sw	sw:051:zh_night_ride_kaifeng_henan_cuisine__involves_demographic__012__target__zh_night_ride_kaifeng_henan_cuisine_target_15__sw__surface_001	zh_night_ride_kaifeng_henan_cuisine__involves_demographic__012__target__zh_night_ride_kaifeng_henan_cuisine_target_15__sw__surface_001	zh_night_ride_kaifeng_henan_cuisine__involves_demographic__012__target__zh_night_ride_kaifeng_henan_cuisine_target_15__en__surface_001	zh_night_ride_kaifeng_henan_cuisine	zh_night_ride_kaifeng_henan_cuisine__involves_demographic__012	target	surface	involves_demographic	True	ok	none	5	5	4	5	The translation is accurate. 'Vijana watu wazima' is a direct calque for 'young adults', which is slightly unnatural but understandable and acceptable.	Which age group constitutes the majority of the 100 million regular cyclists in China?	young adults	Ni kundi gani la umri linalounda idadi kubwa ya waendesha baiskeli milioni 100 wa mara kwa mara nchini Uchina?	vijana watu wazima	Which age group makes up a large number of the 100 million regular cyclists in China?	young adults
sw	sw:052:ar_syrian_offensives_transitional_government__affiliated_faction__015__neighbor__ar_syrian_offensives_transitional_government_neighbor_neighbor_faction_3__sw__surface_003	ar_syrian_offensives_transitional_government__affiliated_faction__015__neighbor__ar_syrian_offensives_transitional_government_neighbor_neighbor_faction_3__sw__surface_003	ar_syrian_offensives_transitional_government__affiliated_faction__015__neighbor__ar_syrian_offensives_transitional_government_neighbor_neighbor_faction_3__en__surface_003	ar_syrian_offensives_transitional_government	ar_syrian_offensives_transitional_government__affiliated_faction__015	neighbor	surface	affiliated_faction	True	ok	none	5	5	5	5	Accurate and fluent translation.	Name the group whose institutions are being incorporated into the state following an agreement signed by Ahmed al-Sharaa.	Syrian Democratic Forces	Taja kundi ambalo taasisi zake zinajumuishwa kwenye dola kufuatia makubaliano yaliyosainiwa na Ahmed al-Sharaa.	Vikosi vya Kidemokrasia vya Syria	Name the group whose institutions are being integrated into the state following the agreement signed by Ahmed al-Sharaa.	Syrian Democratic Forces
sw	sw:053:bn_noncooperation_interim_government__countries_or_international_organizations_involved__004__target__bn_noncooperation_interim_government_target_target_countries_1__sw__surface_001	bn_noncooperation_interim_government__countries_or_international_organizations_involved__004__target__bn_noncooperation_interim_government_target_target_countries_1__sw__surface_001	bn_noncooperation_interim_government__countries_or_international_organizations_involved__004__target__bn_noncooperation_interim_government_target_target_countries_1__en__surface_001	bn_noncooperation_interim_government	bn_noncooperation_interim_government__countries_or_international_organizations_involved__004	target	surface	countries_or_international_organizations_involved	True	ok	none	5	5	5	5	Accurate and fluent translation.	During the 2024 Non-cooperation movement, Sheikh Hasina resigned and sought refuge in which nation?	India	Wakati wa vuguvugu la Kutoshirikiana la 2024, Sheikh Hasina alijiuzulu na kutafuta hifadhi katika taifa gani?	India	During the 2024 Non-cooperation movement, Sheikh Hasina resigned and sought refuge in which nation?	India
sw	sw:054:en_brian_thompson_killing_luigi_mangione__legal_charges__003__neighbor__en_brian_thompson_killing_luigi_mangione_neighbor_neighbor_legal_charges_4__sw__surface_002	en_brian_thompson_killing_luigi_mangione__legal_charges__003__neighbor__en_brian_thompson_killing_luigi_mangione_neighbor_neighbor_legal_charges_4__sw__surface_002	en_brian_thompson_killing_luigi_mangione__legal_charges__003__neighbor__en_brian_thompson_killing_luigi_mangione_neighbor_neighbor_legal_charges_4__en__surface_002	en_brian_thompson_killing_luigi_mangione	en_brian_thompson_killing_luigi_mangione__legal_charges__003	neighbor	surface	legal_charges	True	ok	none	5	5	5	5	Accurate and fluent translation.	What was the stated offense when police arrested Luigi Mangione?	forgery	Ni kosa gani lilitajwa wakati polisi walipomkamata Luigi Mangione?	ughushi	What offense was mentioned when the police arrested Luigi Mangione?	forgery
sw	sw:055:th_political_crisis_same_sex_marriage__key_figure__006__target__th_political_crisis_same_sex_marriage_target_th_political_crisis_2025_key_figure_3__sw__core	th_political_crisis_same_sex_marriage__key_figure__006__target__th_political_crisis_same_sex_marriage_target_th_political_crisis_2025_key_figure_3__sw__core	th_political_crisis_same_sex_marriage__key_figure__006__target__th_political_crisis_same_sex_marriage_target_th_political_crisis_2025_key_figure_3__en__core	th_political_crisis_same_sex_marriage	th_political_crisis_same_sex_marriage__key_figure__006	target	core	key_figure	True	ok	none	5	5	5	5	Accurate and fluent translation.	Who was supported by the People's Party to succeed the caretaker government during the 2025 Thai political crisis?	Anutin Charnvirakul	Ni nani aliyeungwa mkono na Chama cha Watu kuchukua nafasi ya serikali ya mpito wakati wa mgogoro wa kisiasa wa Thailand wa 2025?	Anutin Charnvirakul	Who was supported by the People's Party to replace the transitional government during the 2025 Thai political crisis?	Anutin Charnvirakul
sw	sw:056:th_political_crisis_same_sex_marriage__key_figure__008__target__th_political_crisis_same_sex_marriage_target_th_political_crisis_2025_key_figure_5__sw__core	th_political_crisis_same_sex_marriage__key_figure__008__target__th_political_crisis_same_sex_marriage_target_th_political_crisis_2025_key_figure_5__sw__core	th_political_crisis_same_sex_marriage__key_figure__008__target__th_political_crisis_same_sex_marriage_target_th_political_crisis_2025_key_figure_5__en__core	th_political_crisis_same_sex_marriage	th_political_crisis_same_sex_marriage__key_figure__008	target	core	key_figure	True	ok	none	5	5	5	5	Accurate and fluent translation.	Who is the leader of the People's Party during the 2025 Thai political crisis?	Natthaphong Ruengpanyawut	Nani ni kiongozi wa Chama cha Watu wakati wa mgogoro wa kisiasa wa Thailand wa 2025?	Natthaphong Ruengpanyawut	Who is the leader of the People's Party during the 2025 Thailand political crisis?	Natthaphong Ruengpanyawut
sw	sw:057:th_audit_office_bangkok_road_collapse__event_measurements__010__neighbor__th_audit_office_bangkok_road_collapse_neighbor_neighbor_event_measurements_5__sw__surface_003	th_audit_office_bangkok_road_collapse__event_measurements__010__neighbor__th_audit_office_bangkok_road_collapse_neighbor_neighbor_event_measurements_5__sw__surface_003	th_audit_office_bangkok_road_collapse__event_measurements__010__neighbor__th_audit_office_bangkok_road_collapse_neighbor_neighbor_event_measurements_5__en__surface_003	th_audit_office_bangkok_road_collapse	th_audit_office_bangkok_road_collapse__event_measurements__010	neighbor	surface	event_measurements	True	ok	none	5	5	5	5	Accurate and fluent translation.	What quantity of sandbags was utilized for reinforcing the sinkhole during the 2025 Bangkok road collapse?	50,000 sandbags	Ni kiasi gani cha mifuko ya mchanga kilitumika kuimarisha shimo la kuzama wakati wa kuporomoka kwa barabara ya Bangkok mwaka 2025?	mifuko 50,000 ya mchanga	How many sandbags were used to reinforce the sinkhole during the Bangkok road collapse in 2025?	50,000 sandbags
sw	sw:058:es_venezuela_crisis_uruguay_election__international_reaction_country__001__target__es_venezuela_crisis_uruguay_election_target_target_intl_reaction_1__sw__core	es_venezuela_crisis_uruguay_election__international_reaction_country__001__target__es_venezuela_crisis_uruguay_election_target_target_intl_reaction_1__sw__core	es_venezuela_crisis_uruguay_election__international_reaction_country__001__target__es_venezuela_crisis_uruguay_election_target_target_intl_reaction_1__en__core	es_venezuela_crisis_uruguay_election	es_venezuela_crisis_uruguay_election__international_reaction_country__001	target	core	international_reaction_country	True	ok	none	5	5	5	5	Accurate and fluent translation.	Which country recognized and congratulated Maduro as the election winner during the 2024 Venezuelan political crisis?	Cuba	Ni nchi gani iliyomtambua na kumpongeza Maduro kama mshindi wa uchaguzi wakati wa mgogoro wa kisiasa wa Venezuela wa 2024?	Cuba	Which country recognized and congratulated Maduro as the winner of the election during the 2024 Venezuelan political crisis?	Cuba
sw	sw:059:es_venezuela_crisis_uruguay_election__international_reaction_country__006__target__es_venezuela_crisis_uruguay_election_target_target_intl_reaction_6__sw__surface_001	es_venezuela_crisis_uruguay_election__international_reaction_country__006__target__es_venezuela_crisis_uruguay_election_target_target_intl_reaction_6__sw__surface_001	es_venezuela_crisis_uruguay_election__international_reaction_country__006__target__es_venezuela_crisis_uruguay_election_target_target_intl_reaction_6__en__surface_001	es_venezuela_crisis_uruguay_election	es_venezuela_crisis_uruguay_election__international_reaction_country__006	target	surface	international_reaction_country	True	ok	none	5	5	5	5	Accurate and fluent translation.	The president of which nation referred to Maduro as a dictator following the 2024 Venezuelan election?	Argentina	Rais wa taifa gani alimwita Maduro dikteta kufuatia uchaguzi wa Venezuela wa 2024?	Argentina	The president of which nation called Maduro a dictator following the 2024 Venezuela election?	Argentina
sw	sw:060:de_munich_car_attack_federal_election__involved_person__008__target__de_munich_car_attack_federal_election_target_target_involved_person_1__sw__surface_001	de_munich_car_attack_federal_election__involved_person__008__target__de_munich_car_attack_federal_election_target_target_involved_person_1__sw__surface_001	de_munich_car_attack_federal_election__involved_person__008__target__de_munich_car_attack_federal_election_target_target_involved_person_1__en__surface_001	de_munich_car_attack_federal_election	de_munich_car_attack_federal_election__involved_person__008	target	surface	involved_person	True	ok	none	5	5	5	5	Accurate and fluent translation.	Which individual was identified as the driver in the 2025 Munich car attack?	Farhad Noori	Ni mtu yupi aliyetambuliwa kama dereva katika shambulio la gari la Munich la 2025?	Farhad Noori	Which person was identified as the driver in the 2025 Munich car attack?	Farhad Noori
sw	sw:061:th_cambodian_border_crisis_myanmar_earthquake__international_response_entity__001__neighbor__th_cambodian_border_crisis_myanmar_earthquake_neighbor_myanmar_earthquake_org_3__sw__core	th_cambodian_border_crisis_myanmar_earthquake__international_response_entity__001__neighbor__th_cambodian_border_crisis_myanmar_earthquake_neighbor_myanmar_earthquake_org_3__sw__core	th_cambodian_border_crisis_myanmar_earthquake__international_response_entity__001__neighbor__th_cambodian_border_crisis_myanmar_earthquake_neighbor_myanmar_earthquake_org_3__en__core	th_cambodian_border_crisis_myanmar_earthquake	th_cambodian_border_crisis_myanmar_earthquake__international_response_entity__001	neighbor	core	international_response_entity	True	ok	none	5	5	5	5	Accurate and fluent translation.	Which organization deployed the Emergency Response and Assessment Team to conduct a rapid needs assessment after the 2025 Myanmar earthquake?	ASEAN	Ni shirika gani lilituma Timu ya Majibu na Tathmini ya Dharura kufanya tathmini ya haraka ya mahitaji baada ya tetemeko la ardhi la Myanmar la mwaka 2025?	ASEAN	Which organization sent an Emergency Response and Assessment Team to conduct a rapid needs assessment after the 2025 Myanmar earthquake?	ASEAN
sw	sw:062:sw_kenyan_protests_albert_ojwang__police_officer_involved__006__target__sw_kenyan_protests_albert_ojwang_target_target_police_officer_involved_1__sw__surface_003	sw_kenyan_protests_albert_ojwang__police_officer_involved__006__target__sw_kenyan_protests_albert_ojwang_target_target_police_officer_involved_1__sw__surface_003	sw_kenyan_protests_albert_ojwang__police_officer_involved__006__target__sw_kenyan_protests_albert_ojwang_target_target_police_officer_involved_1__en__surface_003	sw_kenyan_protests_albert_ojwang	sw_kenyan_protests_albert_ojwang__police_officer_involved__006	target	surface	police_officer_involved	True	ok	none	5	5	5	5	Accurate and fluent translation.	Albert Omondi Ojwang's post was directed at which Deputy Inspector General of Police?	Eliud Lagat	Chapisho la Albert Omondi Ojwang lilielekezwa kwa Naibu Inspekta Jenerali wa Polisi yupi?	Eliud Lagat	To which Deputy Inspector General of Police was Albert Omondi Ojwang's post directed?	Eliud Lagat
sw	sw:063:bn_hasina_resignation_2026_election__participant_person__005__target__bn_hasina_resignation_2026_election_target_2__sw__surface_001	bn_hasina_resignation_2026_election__participant_person__005__target__bn_hasina_resignation_2026_election_target_2__sw__surface_001	bn_hasina_resignation_2026_election__participant_person__005__target__bn_hasina_resignation_2026_election_target_2__en__surface_001	bn_hasina_resignation_2026_election	bn_hasina_resignation_2026_election__participant_person__005	target	surface	participant_person	True	ok	none	5	5	5	5	Accurate and fluent translation.	Which sibling accompanied Sheikh Hasina as she escaped the country by helicopter?	Sheikh Rehana	Ni ndugu yupi aliyeandamana na Sheikh Hasina alipotoroka nchini kwa helikopta?	Sheikh Rehana	Which sibling accompanied Sheikh Hasina when she fled the country by helicopter?	Sheikh Rehana
sw	sw:064:de_aschaffenburg_stabbing_merz_cabinet__participant_role__005__target__de_aschaffenburg_stabbing_merz_cabinet_target_target_role_1__sw__surface_001	de_aschaffenburg_stabbing_merz_cabinet__participant_role__005__target__de_aschaffenburg_stabbing_merz_cabinet_target_target_role_1__sw__surface_001	de_aschaffenburg_stabbing_merz_cabinet__participant_role__005__target__de_aschaffenburg_stabbing_merz_cabinet_target_target_role_1__en__surface_001	de_aschaffenburg_stabbing_merz_cabinet	de_aschaffenburg_stabbing_merz_cabinet__participant_role__005	target	surface	participant_role	True	ok	none	5	5	5	5	Accurate and fluent translation.	What political position was held by Friedrich Merz?	Chancellor	Friedrich Merz alishikilia wadhifa gani wa kisiasa?	Kansela	What political position did Friedrich Merz hold?	Chancellor
sw	sw:065:sw_tanzania_protests_general_election__casualty_report__005__neighbor__sw_tanzania_protests_general_election_neighbor_neighbor_casualty_1__sw__surface_002	sw_tanzania_protests_general_election__casualty_report__005__neighbor__sw_tanzania_protests_general_election_neighbor_neighbor_casualty_1__sw__surface_002	sw_tanzania_protests_general_election__casualty_report__005__neighbor__sw_tanzania_protests_general_election_neighbor_neighbor_casualty_1__en__surface_002	sw_tanzania_protests_general_election	sw_tanzania_protests_general_election__casualty_report__005	neighbor	surface	casualty_report	True	ok	none	5	5	5	5	Accurate and fluent translation.	What death toll was confirmed by the Office of the United Nations High Commissioner for Human Rights in relation to the 2025 Tanzanian general election?	10	Ni idadi gani ya vifo iliyothibitishwa na Ofisi ya Kamishna Mkuu wa Haki za Binadamu wa Umoja wa Mataifa kuhusiana na uchaguzi mkuu wa Tanzania wa 2025?	10	What is the number of deaths confirmed by the Office of the United Nations High Commissioner for Human Rights in relation to the 2025 Tanzania general election?	10
sw	sw:066:sw_goma_offensive_drc_rwanda_peace__key_figure__014__neighbor__sw_goma_offensive_drc_rwanda_peace_neighbor_neighbor_card_17__sw__core	sw_goma_offensive_drc_rwanda_peace__key_figure__014__neighbor__sw_goma_offensive_drc_rwanda_peace_neighbor_neighbor_card_17__sw__core	sw_goma_offensive_drc_rwanda_peace__key_figure__014__neighbor__sw_goma_offensive_drc_rwanda_peace_neighbor_neighbor_card_17__en__core	sw_goma_offensive_drc_rwanda_peace	sw_goma_offensive_drc_rwanda_peace__key_figure__014	neighbor	core	key_figure	True	ok	none	5	5	5	5	Accurate and fluent translation.	Who signed the Washington Peace Accords as the head of state of the DRC?	Félix Tshisekedi	Ni nani aliyetia saini Makubaliano ya Amani ya Washington kama mkuu wa nchi wa DRC?	Félix Tshisekedi	Who signed the Washington Peace Agreement as the head of state of the DRC?	Félix Tshisekedi
sw	sw:067:bn_anti_hindu_violence_national_citizen_party__associated_event__004__neighbor__bn_anti_hindu_violence_national_citizen_party_neighbor_neighbor_associated_event_1__sw__surface_002	bn_anti_hindu_violence_national_citizen_party__associated_event__004__neighbor__bn_anti_hindu_violence_national_citizen_party_neighbor_neighbor_associated_event_1__sw__surface_002	bn_anti_hindu_violence_national_citizen_party__associated_event__004__neighbor__bn_anti_hindu_violence_national_citizen_party_neighbor_neighbor_associated_event_1__en__surface_002	bn_anti_hindu_violence_national_citizen_party	bn_anti_hindu_violence_national_citizen_party__associated_event__004	neighbor	surface	associated_event	True	ok	none	5	5	5	5	Accurate and fluent translation.	What uprising led to the creation of the National Citizen Party?	July Uprising	Ni uasi gani uliopelekea kuanzishwa kwa National Citizen Party?	Uasi wa Julai	Which rebellion led to the establishment of the National Citizen Party?	July Rebellion
sw	sw:068:th_audit_office_bangkok_road_collapse__event_dates__013__neighbor__th_audit_office_bangkok_road_collapse_neighbor_neighbor_event_dates_4__sw__surface_002	th_audit_office_bangkok_road_collapse__event_dates__013__neighbor__th_audit_office_bangkok_road_collapse_neighbor_neighbor_event_dates_4__sw__surface_002	th_audit_office_bangkok_road_collapse__event_dates__013__neighbor__th_audit_office_bangkok_road_collapse_neighbor_neighbor_event_dates_4__en__surface_002	th_audit_office_bangkok_road_collapse	th_audit_office_bangkok_road_collapse__event_dates__013	neighbor	surface	event_dates	True	ok	none	5	5	5	5	Accurate and fluent translation.	On what date did reports state that Samsen Road would be closed indefinitely because of the 2025 Bangkok road collapse?	October 5	Ni tarehe gani ripoti zilieleza kuwa Barabara ya Samsen ingefungwa kwa muda usiojulikana kwa sababu ya kuporomoka kwa barabara ya Bangkok mwaka 2025?	Oktoba 5	On what date did reports state that Samsen Road would be closed indefinitely because of the Bangkok road collapse in 2025?	October 5
sw	sw:069:fr_pelicot_case_gisele_pelicot__significant_year__004__target__fr_pelicot_case_gisele_pelicot_target_target_significant_year_1__sw__core	fr_pelicot_case_gisele_pelicot__significant_year__004__target__fr_pelicot_case_gisele_pelicot_target_target_significant_year_1__sw__core	fr_pelicot_case_gisele_pelicot__significant_year__004__target__fr_pelicot_case_gisele_pelicot_target_target_significant_year_1__en__core	fr_pelicot_case_gisele_pelicot	fr_pelicot_case_gisele_pelicot__significant_year__004	target	core	significant_year	True	ok	none	5	5	5	5	Accurate and fluent translation.	In what year were Gisèle and Dominique Pelicot born?	1952	Gisèle na Dominique Pelicot walizaliwa mwaka gani?	1952	In what year were Gisèle and Dominique Pelicot born?	1952
sw	sw:070:es_venezuela_protests_presidential_election__involved_person__014__target__es_venezuela_protests_presidential_election_target_target_involved_person_5__sw__surface_001	es_venezuela_protests_presidential_election__involved_person__014__target__es_venezuela_protests_presidential_election_target_target_involved_person_5__sw__surface_001	es_venezuela_protests_presidential_election__involved_person__014__target__es_venezuela_protests_presidential_election_target_target_involved_person_5__en__surface_001	es_venezuela_protests_presidential_election	es_venezuela_protests_presidential_election__involved_person__014	target	surface	involved_person	True	ok	none	5	5	5	5	Accurate and fluent translation.	Name an individual who is a key figure in the 2024 Venezuelan presidential election protests.	Vladimir Padrino López	Taja mtu ambaye ni mhusika mkuu katika maandamano ya uchaguzi wa rais wa Venezuela wa mwaka 2024.	Vladimir Padrino López	Name a person who is a key figure in the 2024 Venezuelan presidential election protests.	Vladimir Padrino López
sw	sw:071:en_tesla_vandalism_doge__affected_entity__012__target__en_tesla_vandalism_doge_target_target_affected_entity_2__sw__surface_002	en_tesla_vandalism_doge__affected_entity__012__target__en_tesla_vandalism_doge_target_target_affected_entity_2__sw__surface_002	en_tesla_vandalism_doge__affected_entity__012__target__en_tesla_vandalism_doge_target_target_affected_entity_2__en__surface_002	en_tesla_vandalism_doge	en_tesla_vandalism_doge__affected_entity__012	target	surface	affected_entity	True	ok	none	5	5	5	5	Accurate and natural translation.	What equipment was targeted and set ablaze near a shopping center in Littleton?	Tesla chargers	Ni vifaa gani vililengwa na kuchomwa moto karibu na kituo cha ununuzi huko Littleton?	Chaja za Tesla	What equipment was targeted and set on fire near the shopping center in Littleton?	Tesla chargers
sw	sw:072:bn_hasina_resignation_2026_election__significant_date__015__target__bn_hasina_resignation_2026_election_target_19__sw__core	bn_hasina_resignation_2026_election__significant_date__015__target__bn_hasina_resignation_2026_election_target_19__sw__core	bn_hasina_resignation_2026_election__significant_date__015__target__bn_hasina_resignation_2026_election_target_19__en__core	bn_hasina_resignation_2026_election	bn_hasina_resignation_2026_election__significant_date__015	target	core	significant_date	True	ok	none	5	5	5	5	Accurate and natural translation.	On what date was the interim government formed to manage the transition of power following the resignation of Sheikh Hasina?	8 August 2024	Ni tarehe gani serikali ya mpito iliundwa kusimamia mpito wa madaraka kufuatia kujiuzulu kwa Sheikh Hasina?	8 Agosti 2024	On what date was the interim government formed to oversee the transition of power following the resignation of Sheikh Hasina?	8 August 2024
sw	sw:073:es_venezuela_crisis_uruguay_election__international_reaction_country__003__neighbor__es_venezuela_crisis_uruguay_election_neighbor_neighbor_intl_reaction_3__sw__core	es_venezuela_crisis_uruguay_election__international_reaction_country__003__neighbor__es_venezuela_crisis_uruguay_election_neighbor_neighbor_intl_reaction_3__sw__core	es_venezuela_crisis_uruguay_election__international_reaction_country__003__neighbor__es_venezuela_crisis_uruguay_election_neighbor_neighbor_intl_reaction_3__en__core	es_venezuela_crisis_uruguay_election	es_venezuela_crisis_uruguay_election__international_reaction_country__003	neighbor	core	international_reaction_country	True	ok	none	5	5	5	5	Accurate and natural translation.	Which country's president congratulated Orsi on his victory in the 2024 Uruguayan general election?	Colombia	Rais wa nchi gani alimpongeza Orsi kwa ushindi wake katika uchaguzi mkuu wa Uruguay wa 2024?	Kolombia	The president of which country congratulated Orsi for his victory in the 2024 Uruguay general election?	Colombia
sw	sw:074:sw_tanzania_protests_general_election__involved_organization__001__neighbor__sw_tanzania_protests_general_election_neighbor_neighbor_org_2__sw__surface_002	sw_tanzania_protests_general_election__involved_organization__001__neighbor__sw_tanzania_protests_general_election_neighbor_neighbor_org_2__sw__surface_002	sw_tanzania_protests_general_election__involved_organization__001__neighbor__sw_tanzania_protests_general_election_neighbor_neighbor_org_2__en__surface_002	sw_tanzania_protests_general_election	sw_tanzania_protests_general_election__involved_organization__001	neighbor	surface	involved_organization	True	ok	none	5	5	5	5	Accurate and natural translation.	In the 2025 Tanzanian general election, which opposition group was disqualified from participating?	Chadema	Katika uchaguzi mkuu wa Tanzania wa mwaka 2025, ni kundi gani la upinzani lililozuiwa kushiriki?	Chadema	In the 2025 Tanzanian general election, which opposition group was prevented from participating?	Chadema
sw	sw:075:bn_noncooperation_interim_government__key_figures__015__neighbor__bn_noncooperation_interim_government_neighbor_neighbor_key_figures_8__sw__surface_003	bn_noncooperation_interim_government__key_figures__015__neighbor__bn_noncooperation_interim_government_neighbor_neighbor_key_figures_8__sw__surface_003	bn_noncooperation_interim_government__key_figures__015__neighbor__bn_noncooperation_interim_government_neighbor_neighbor_key_figures_8__en__surface_003	bn_noncooperation_interim_government	bn_noncooperation_interim_government__key_figures__015	neighbor	surface	key_figures	True	ok	none	5	5	5	5	Accurate and natural translation.	Bangladesh's interim government received an expression of full support from which Chinese President?	Xi Jinping	Serikali ya mpito ya Bangladesh ilipokea onyesho la uungaji mkono kamili kutoka kwa Rais yupi wa China?	Xi Jinping	From which Chinese President did the interim government of Bangladesh receive a show of full support?	Xi Jinping
sw	sw:076:de_aschaffenburg_stabbing_merz_cabinet__participant__014__target__de_aschaffenburg_stabbing_merz_cabinet_target_target_participant_7__sw__core	de_aschaffenburg_stabbing_merz_cabinet__participant__014__target__de_aschaffenburg_stabbing_merz_cabinet_target_target_participant_7__sw__core	de_aschaffenburg_stabbing_merz_cabinet__participant__014__target__de_aschaffenburg_stabbing_merz_cabinet_target_target_participant_7__en__core	de_aschaffenburg_stabbing_merz_cabinet	de_aschaffenburg_stabbing_merz_cabinet__participant__014	target	core	participant	True	ok	none	5	5	5	5	Accurate and natural translation.	Who attended the public memorial service at Aschaffenburg's Stiftskirche?	Markus Söder	Nani alihudhuria ibada ya kumbukumbu ya umma katika Stiftskirche ya Aschaffenburg?	Markus Söder	Who attended the public memorial service at the Stiftskirche of Aschaffenburg?	Markus Söder
sw	sw:077:ja_mof_protests_house_councillors__economic_policy_mentioned__011__neighbor__ja_mof_protests_house_councillors_neighbor_neighbor_economic_policy_1__sw__surface_003	ja_mof_protests_house_councillors__economic_policy_mentioned__011__neighbor__ja_mof_protests_house_councillors_neighbor_neighbor_economic_policy_1__sw__surface_003	ja_mof_protests_house_councillors__economic_policy_mentioned__011__neighbor__ja_mof_protests_house_councillors_neighbor_neighbor_economic_policy_1__en__surface_003	ja_mof_protests_house_councillors	ja_mof_protests_house_councillors__economic_policy_mentioned__011	neighbor	surface	economic_policy_mentioned	True	ok	none	5	5	5	5	Accurate and natural translation.	Which tax was the subject of broad cuts that the ruling LDP and Komeito rejected in the 2025 Japanese House of Councillors election?	consumption tax	Ni kodi gani iliyokuwa mada ya makato makubwa ambayo vyama tawala vya LDP na Komeito vilikataa katika uchaguzi wa Baraza la Washauri la Japani wa mwaka 2025?	kodi ya matumizi	Which tax was the subject of major cuts that the ruling LDP and Komeito parties rejected in the 2025 Japanese House of Councillors election?	consumption tax
sw	sw:078:es_catatumbo_clashes_ecuador_election__key_figure__005__neighbor__es_catatumbo_clashes_ecuador_election_neighbor_neighbor_key_figure_1__sw__surface_003	es_catatumbo_clashes_ecuador_election__key_figure__005__neighbor__es_catatumbo_clashes_ecuador_election_neighbor_neighbor_key_figure_1__sw__surface_003	es_catatumbo_clashes_ecuador_election__key_figure__005__neighbor__es_catatumbo_clashes_ecuador_election_neighbor_neighbor_key_figure_1__en__surface_003	es_catatumbo_clashes_ecuador_election	es_catatumbo_clashes_ecuador_election__key_figure__005	neighbor	surface	key_figure	True	ok	none	5	5	5	5	Accurate and natural translation.	In the 2025 Ecuadorian general election, who was the candidate re-elected to serve a full term?	Daniel Noboa	Katika uchaguzi mkuu wa Ekuado wa mwaka 2025, ni mgombea yupi aliyechaguliwa tena kuhudumu kwa muhula kamili?	Daniel Noboa	In the 2025 Ecuador general election, which candidate was re-elected to serve for a full term?	Daniel Noboa
sw	sw:079:ja_hyuga_nada_earthquake_expo_pavilions__infrastructure_or_building_involved__004__target__ja_hyuga_nada_earthquake_expo_pavilions_target_target_infrastructure_1__sw__core	ja_hyuga_nada_earthquake_expo_pavilions__infrastructure_or_building_involved__004__target__ja_hyuga_nada_earthquake_expo_pavilions_target_target_infrastructure_1__sw__core	ja_hyuga_nada_earthquake_expo_pavilions__infrastructure_or_building_involved__004__target__ja_hyuga_nada_earthquake_expo_pavilions_target_target_infrastructure_1__en__core	ja_hyuga_nada_earthquake_expo_pavilions	ja_hyuga_nada_earthquake_expo_pavilions__infrastructure_or_building_involved__004	target	core	infrastructure_or_building_involved	True	ok	none	5	5	5	5	Accurate and natural translation.	Which airport received minor damage during the 2024 Hyūga-nada earthquake?	Miyazaki Airport	Ni uwanja gani wa ndege uliopata uharibifu mdogo wakati wa tetemeko la ardhi la Hyūga-nada la mwaka 2024?	Uwanja wa Ndege wa Miyazaki	Which airport suffered minor damage during the 2024 Hyūga-nada earthquake?	Miyazaki Airport
sw	sw:080:fr_imane_khelif_olympic_boxing__associated_competition__015__neighbor__fr_imane_khelif_olympic_boxing_neighbor_5__sw__surface_001	fr_imane_khelif_olympic_boxing__associated_competition__015__neighbor__fr_imane_khelif_olympic_boxing_neighbor_5__sw__surface_001	fr_imane_khelif_olympic_boxing__associated_competition__015__neighbor__fr_imane_khelif_olympic_boxing_neighbor_5__en__surface_001	fr_imane_khelif_olympic_boxing	fr_imane_khelif_olympic_boxing__associated_competition__015	neighbor	surface	associated_competition	True	ok	none	5	5	5	5	Accurate and natural translation.	Which games served as a qualifying event for boxers to secure quota spots for the 2024 Olympics?	Pacific Games	Ni michezo gani iliyotumika kama mashindano ya kufuzu kwa mabondia kujihakikishia nafasi za kushiriki katika Michezo ya Olimpiki ya 2024?	Michezo ya Pasifiki	Which games served as qualifying competitions for boxers to secure spots to participate in the 2024 Olympic Games?	Pacific Games
sw	sw:081:th_political_crisis_same_sex_marriage__involved_organization__015__target__th_political_crisis_same_sex_marriage_target_th_political_crisis_2025_involved_organization_2__sw__surface_001	th_political_crisis_same_sex_marriage__involved_organization__015__target__th_political_crisis_same_sex_marriage_target_th_political_crisis_2025_involved_organization_2__sw__surface_001	th_political_crisis_same_sex_marriage__involved_organization__015__target__th_political_crisis_same_sex_marriage_target_th_political_crisis_2025_involved_organization_2__en__surface_001	th_political_crisis_same_sex_marriage	th_political_crisis_same_sex_marriage__involved_organization__015	target	surface	involved_organization	True	ok	none	5	5	5	5	Accurate and natural Swahili translation.	Prior to the Bhumjaithai Party withdrawing in 2025, what organization was at the head of the governing coalition?	Pheu Thai Party	Kabla ya Chama cha Bhumjaithai kujiondoa mnamo 2025, ni shirika gani lililokuwa linaongoza muungano unaotawala?	Chama cha Pheu Thai	Before the Bhumjaithai Party withdrew in 2025, which organization was leading the ruling coalition?	Pheu Thai Party
sw	sw:082:es_venezuela_protests_presidential_election__involved_person__012__neighbor__es_venezuela_protests_presidential_election_neighbor_neighbor_involved_person_4__sw__surface_001	es_venezuela_protests_presidential_election__involved_person__012__neighbor__es_venezuela_protests_presidential_election_neighbor_neighbor_involved_person_4__sw__surface_001	es_venezuela_protests_presidential_election__involved_person__012__neighbor__es_venezuela_protests_presidential_election_neighbor_neighbor_involved_person_4__en__surface_001	es_venezuela_protests_presidential_election	es_venezuela_protests_presidential_election__involved_person__012	neighbor	surface	involved_person	True	ok	none	5	5	5	5	Perfect translation.	Which prominent individual is known for their involvement in the 2024 Venezuelan presidential election?	Elvis Amoroso	Ni mtu yupi mashuhuri anayejulikana kwa kuhusika kwake katika uchaguzi wa rais wa Venezuela wa 2024?	Elvis Amoroso	Which prominent person is known for their involvement in the 2024 Venezuelan presidential election?	Elvis Amoroso
sw	sw:083:ar_haniyeh_assassination_masoud_pezeshkian__associated_country__004__target__ar_haniyeh_assassination_masoud_pezeshkian_target_14__sw__core	ar_haniyeh_assassination_masoud_pezeshkian__associated_country__004__target__ar_haniyeh_assassination_masoud_pezeshkian_target_14__sw__core	ar_haniyeh_assassination_masoud_pezeshkian__associated_country__004__target__ar_haniyeh_assassination_masoud_pezeshkian_target_14__en__core	ar_haniyeh_assassination_masoud_pezeshkian	ar_haniyeh_assassination_masoud_pezeshkian__associated_country__004	target	core	associated_country	True	ok	none	5	5	5	5	Excellent and accurate.	Which country declared a day of mourning for Ismail Haniyeh?	Turkey	Ni nchi gani ilitangaza siku ya maombolezo kwa ajili ya Ismail Haniyeh?	Uturuki	Which country declared a day of mourning for Ismail Haniyeh?	Turkey
sw	sw:084:de_solingen_stabbing_magdeburg_attack__attack_location__015__target__de_solingen_stabbing_magdeburg_attack_target_de_solingen_stabbing_location_2__sw__surface_001	de_solingen_stabbing_magdeburg_attack__attack_location__015__target__de_solingen_stabbing_magdeburg_attack_target_de_solingen_stabbing_location_2__sw__surface_001	de_solingen_stabbing_magdeburg_attack__attack_location__015__target__de_solingen_stabbing_magdeburg_attack_target_de_solingen_stabbing_location_2__en__surface_001	de_solingen_stabbing_magdeburg_attack	de_solingen_stabbing_magdeburg_attack__attack_location__015	target	surface	attack_location	True	ok	none	5	5	5	5	Accurate and natural.	What is the name of the German state where the 2024 Solingen stabbing took place?	North Rhine-Westphalia	Je, jina la jimbo la Ujerumani ambapo shambulio la kisu la Solingen la 2024 lilitokea ni nini?	Rhine Kaskazini-Westphalia	What is the name of the German state where the 2024 Solingen knife attack occurred?	North Rhine-Westphalia
sw	sw:085:sw_goma_offensive_drc_rwanda_peace__key_figure__012__target__sw_goma_offensive_drc_rwanda_peace_target_target_card_13__sw__core	sw_goma_offensive_drc_rwanda_peace__key_figure__012__target__sw_goma_offensive_drc_rwanda_peace_target_target_card_13__sw__core	sw_goma_offensive_drc_rwanda_peace__key_figure__012__target__sw_goma_offensive_drc_rwanda_peace_target_target_card_13__en__core	sw_goma_offensive_drc_rwanda_peace	sw_goma_offensive_drc_rwanda_peace__key_figure__012	target	core	key_figure	True	ok	none	5	5	5	5	Flawless translation.	Which Rwandan president claimed that M23 represents the interests of Tutsis in the DRC?	Paul Kagame	Ni rais yupi wa Rwanda aliyedai kuwa M23 inawakilisha maslahi ya Watutsi nchini DRC?	Paul Kagame	Which president of Rwanda claimed that M23 represents the interests of the Tutsis in the DRC?	Paul Kagame
sw	sw:086:ja_hyogo_gubernatorial_2025_ldp_presidential__candidate_background__002__target__ja_hyogo_gubernatorial_2025_ldp_presidential_target_target_candidate_background_1__sw__surface_002	ja_hyogo_gubernatorial_2025_ldp_presidential__candidate_background__002__target__ja_hyogo_gubernatorial_2025_ldp_presidential_target_target_candidate_background_1__sw__surface_002	ja_hyogo_gubernatorial_2025_ldp_presidential__candidate_background__002__target__ja_hyogo_gubernatorial_2025_ldp_presidential_target_target_candidate_background_1__en__surface_002	ja_hyogo_gubernatorial_2025_ldp_presidential	ja_hyogo_gubernatorial_2025_ldp_presidential__candidate_background__002	target	surface	candidate_background	True	ok	none	5	5	5	5	Excellent preservation of meaning and fluid phrasing.	What office was Motohiko Saitō occupying leading up to the 2024 Hyogo gubernatorial election?	governor	Motohiko Saitō alikuwa akishikilia wadhifa gani kuelekea uchaguzi wa ugavana wa Hyogo wa 2024?	gavana	What position was Motohiko Saitō holding leading up to the 2024 Hyogo gubernatorial election?	governor
sw	sw:087:zh_zhuhai_car_attack_wuxi_stabbing__censorship_target__013__neighbor__zh_zhuhai_car_attack_wuxi_stabbing_neighbor_wuxi_cen_1__sw__surface_001	zh_zhuhai_car_attack_wuxi_stabbing__censorship_target__013__neighbor__zh_zhuhai_car_attack_wuxi_stabbing_neighbor_wuxi_cen_1__sw__surface_001	zh_zhuhai_car_attack_wuxi_stabbing__censorship_target__013__neighbor__zh_zhuhai_car_attack_wuxi_stabbing_neighbor_wuxi_cen_1__en__surface_001	zh_zhuhai_car_attack_wuxi_stabbing	zh_zhuhai_car_attack_wuxi_stabbing__censorship_target__013	neighbor	surface	censorship_target	True	ok	none	5	5	5	5	Faithful and completely natural translation.	What type of communication about the 2024 Wuxi stabbing was suppressed by Chinese authorities?	online discussion	Ni aina gani ya mawasiliano kuhusu shambulio la kisu la Wuxi la mwaka 2024 iliyozuiwa na mamlaka za Uchina?	majadiliano mtandaoni	What type of communication about the 2024 Wuxi stabbing attack was blocked by Chinese authorities?	online discussions
sw	sw:088:bn_noncooperation_interim_government__key_figures__010__target__bn_noncooperation_interim_government_target_target_key_figures_3__sw__surface_003	bn_noncooperation_interim_government__key_figures__010__target__bn_noncooperation_interim_government_target_target_key_figures_3__sw__surface_003	bn_noncooperation_interim_government__key_figures__010__target__bn_noncooperation_interim_government_target_target_key_figures_3__en__surface_003	bn_noncooperation_interim_government	bn_noncooperation_interim_government__key_figures__010	target	surface	key_figures	True	ok	none	5	5	5	5	Meaning is well preserved and natural.	Who was the person that delivered the speech at Shaheed Minar declaring the movement's exclusive demand?	Nahid Islam	Ni nani aliyetoa hotuba katika Shaheed Minar akitangaza dai la kipekee la vuguvugu?	Nahid Islam	Who gave a speech at Shaheed Minar announcing the unique demand of the movement?	Nahid Islam
sw	sw:089:zh_shenzhen_stabbing_wuxi_stabbing__perpetrator_attributes__004__neighbor__zh_shenzhen_stabbing_wuxi_stabbing_neighbor_neighbor_perp_1__sw__surface_002	zh_shenzhen_stabbing_wuxi_stabbing__perpetrator_attributes__004__neighbor__zh_shenzhen_stabbing_wuxi_stabbing_neighbor_neighbor_perp_1__sw__surface_002	zh_shenzhen_stabbing_wuxi_stabbing__perpetrator_attributes__004__neighbor__zh_shenzhen_stabbing_wuxi_stabbing_neighbor_neighbor_perp_1__en__surface_002	zh_shenzhen_stabbing_wuxi_stabbing	zh_shenzhen_stabbing_wuxi_stabbing__perpetrator_attributes__004	neighbor	surface	perpetrator_attributes	True	ok	none	5	5	5	5	Very natural and accurate.	Identify the attacker responsible for the 2024 stabbing incident in Wuxi.	Xu Jiajin	Tambua mshambuliaji aliyehusika na shambulio la kisu la mwaka 2024 mjini Wuxi.	Xu Jiajin	Identify the attacker responsible for the 2024 stabbing attack in Wuxi.	Xu Jiajin
sw	sw:090:en_uk_riots_southport_stabbings__involved_person_or_key_figure__015__target__en_uk_riots_southport_stabbings_target_target_person_4__sw__surface_002	en_uk_riots_southport_stabbings__involved_person_or_key_figure__015__target__en_uk_riots_southport_stabbings_target_target_person_4__sw__surface_002	en_uk_riots_southport_stabbings__involved_person_or_key_figure__015__target__en_uk_riots_southport_stabbings_target_target_person_4__en__surface_002	en_uk_riots_southport_stabbings	en_uk_riots_southport_stabbings__involved_person_or_key_figure__015	target	surface	involved_person_or_key_figure	True	ok	none	5	5	5	5	Accurate and contextually appropriate Swahili.	Name the person who was sentenced to seven and a half years in jail for their role in instigating violence through a Telegram group during the 2024 United Kingdom riots.	Andrew McIntyre	Taja mtu aliyehukumiwa kifungo cha miaka saba na nusu jela kwa jukumu lake la kuchochea ghasia kupitia kundi la Telegram wakati wa ghasia za Uingereza za mwaka 2024.	Andrew McIntyre	Name the person who was sentenced to seven and a half years in prison for his role in inciting riots through a Telegram group during the 2024 UK riots.	Andrew McIntyre
sw	sw:091:ja_hyuga_nada_earthquake_expo_pavilions__infrastructure_or_building_involved__005__neighbor__ja_hyuga_nada_earthquake_expo_pavilions_neighbor_neighbor_infrastructure_2__sw__surface_001	ja_hyuga_nada_earthquake_expo_pavilions__infrastructure_or_building_involved__005__neighbor__ja_hyuga_nada_earthquake_expo_pavilions_neighbor_neighbor_infrastructure_2__sw__surface_001	ja_hyuga_nada_earthquake_expo_pavilions__infrastructure_or_building_involved__005__neighbor__ja_hyuga_nada_earthquake_expo_pavilions_neighbor_neighbor_infrastructure_2__en__surface_001	ja_hyuga_nada_earthquake_expo_pavilions	ja_hyuga_nada_earthquake_expo_pavilions__infrastructure_or_building_involved__005	neighbor	surface	infrastructure_or_building_involved	True	ok	none	5	5	5	5	Accurate and natural translation.	What specific Expo 2025 pavilion was built using components typically reserved for large-scale construction projects?	Gas pavilion	Ni banda lipi mahususi la Expo 2025 lililojengwa kwa kutumia vijenzi ambavyo kwa kawaida hutengwa kwa ajili ya miradi mikubwa ya ujenzi?	Banda la gesi	Which specific Expo 2025 pavilion was built using components that are usually reserved for large construction projects?	Gas pavilion
sw	sw:092:en_uk_riots_southport_stabbings__responding_official_or_politician__010__target__en_uk_riots_southport_stabbings_target_target_official_2__sw__core	en_uk_riots_southport_stabbings__responding_official_or_politician__010__target__en_uk_riots_southport_stabbings_target_target_official_2__sw__core	en_uk_riots_southport_stabbings__responding_official_or_politician__010__target__en_uk_riots_southport_stabbings_target_target_official_2__en__core	en_uk_riots_southport_stabbings	en_uk_riots_southport_stabbings__responding_official_or_politician__010	target	core	responding_official_or_politician	True	ok	none	5	5	5	5	Accurate and natural translation.	Which Home Secretary condemned the Southport riot as appalling and requested a criminal investigation?	Yvette Cooper	Ni Waziri yupi wa Mambo ya Ndani aliyelaani ghasia za Southport kuwa za kutisha na kuomba uchunguzi wa jinai ufanyike?	Yvette Cooper	Which Minister of Home Affairs condemned the Southport riots as terrifying and requested a criminal investigation to be conducted?	Yvette Cooper
sw	sw:093:es_venezuela_protests_presidential_election__involved_person__009__target__es_venezuela_protests_presidential_election_target_target_involved_person_1__sw__surface_002	es_venezuela_protests_presidential_election__involved_person__009__target__es_venezuela_protests_presidential_election_target_target_involved_person_1__sw__surface_002	es_venezuela_protests_presidential_election__involved_person__009__target__es_venezuela_protests_presidential_election_target_target_involved_person_1__en__surface_002	es_venezuela_protests_presidential_election	es_venezuela_protests_presidential_election__involved_person__009	target	surface	involved_person	True	ok	none	5	5	5	5	Accurate and natural translation.	Name a major political figure involved in the protests following the 2024 Venezuelan presidential election.	Nicolás Maduro	Taja kiongozi mkuu wa kisiasa aliyehusika katika maandamano kufuatia uchaguzi wa rais wa Venezuela wa mwaka 2024.	Nicolás Maduro	Name a major political leader involved in the protests following the 2024 Venezuelan presidential election.	Nicolás Maduro
sw	sw:094:zh_night_ride_kaifeng_henan_cuisine__has_associated_location__005__neighbor__zh_night_ride_kaifeng_henan_cuisine_neighbor_3__sw__surface_002	zh_night_ride_kaifeng_henan_cuisine__has_associated_location__005__neighbor__zh_night_ride_kaifeng_henan_cuisine_neighbor_3__sw__surface_002	zh_night_ride_kaifeng_henan_cuisine__has_associated_location__005__neighbor__zh_night_ride_kaifeng_henan_cuisine_neighbor_3__en__surface_002	zh_night_ride_kaifeng_henan_cuisine	zh_night_ride_kaifeng_henan_cuisine__has_associated_location__005	neighbor	surface	has_associated_location	True	ok	none	5	5	5	5	Accurate and natural translation.	What city provides some of the culinary influences found in Henan cuisine?	Beijing	Ni jiji gani linalotoa baadhi ya athari za upishi zinazopatikana katika mapishi ya Henan?	Beijing	Which city provides some of the culinary influences found in Henan cuisine?	Beijing
sw	sw:095:es_catatumbo_clashes_ecuador_election__involved_group__007__neighbor__es_catatumbo_clashes_ecuador_election_neighbor_neighbor_involved_group_2__sw__core	es_catatumbo_clashes_ecuador_election__involved_group__007__neighbor__es_catatumbo_clashes_ecuador_election_neighbor_neighbor_involved_group_2__sw__core	es_catatumbo_clashes_ecuador_election__involved_group__007__neighbor__es_catatumbo_clashes_ecuador_election_neighbor_neighbor_involved_group_2__en__core	es_catatumbo_clashes_ecuador_election	es_catatumbo_clashes_ecuador_election__involved_group__007	neighbor	core	involved_group	True	ok	none	5	5	5	5	Accurate and natural translation.	Which group formed a left-leaning bloc with the Citizen Revolution Movement in the 2025 Ecuadorian general election?	RETO Movement	Ni kundi gani liliunda muungano wenye mrengo wa kushoto pamoja na Vuguvugu la Mapinduzi ya Wananchi katika uchaguzi mkuu wa Ekuado wa 2025?	Vuguvugu la RETO	Which group formed a left-wing alliance with the Citizen Revolution Movement in the 2025 Ecuadorian general election?	RETO Movement
sw	sw:096:de_solingen_stabbing_magdeburg_attack__politician_responding__005__target__de_solingen_stabbing_magdeburg_attack_target_de_solingen_stabbing_politician_1__sw__surface_003	de_solingen_stabbing_magdeburg_attack__politician_responding__005__target__de_solingen_stabbing_magdeburg_attack_target_de_solingen_stabbing_politician_1__sw__surface_003	de_solingen_stabbing_magdeburg_attack__politician_responding__005__target__de_solingen_stabbing_magdeburg_attack_target_de_solingen_stabbing_politician_1__en__surface_003	de_solingen_stabbing_magdeburg_attack	de_solingen_stabbing_magdeburg_attack__politician_responding__005	target	surface	politician_responding	True	ok	none	5	5	5	5	Accurate and natural translation.	Following the 2024 Solingen stabbing, which North Rhine-Westphalia Minister of the Interior traveled to the city that same night?	Herbert Reul	Kufuatia shambulio la kisu la Solingen la mwaka 2024, ni Waziri gani wa Mambo ya Ndani wa North Rhine-Westphalia aliyesafiri kwenda kwenye jiji hilo usiku huo huo?	Herbert Reul	Following the 2024 Solingen knife attack, which Minister of the Interior of North Rhine-Westphalia traveled to that city the same night?	Herbert Reul
sw	sw:097:th_audit_office_bangkok_road_collapse__event_dates__013__neighbor__th_audit_office_bangkok_road_collapse_neighbor_neighbor_event_dates_4__sw__surface_001	th_audit_office_bangkok_road_collapse__event_dates__013__neighbor__th_audit_office_bangkok_road_collapse_neighbor_neighbor_event_dates_4__sw__surface_001	th_audit_office_bangkok_road_collapse__event_dates__013__neighbor__th_audit_office_bangkok_road_collapse_neighbor_neighbor_event_dates_4__en__surface_001	th_audit_office_bangkok_road_collapse	th_audit_office_bangkok_road_collapse__event_dates__013	neighbor	surface	event_dates	True	ok	none	5	5	5	5	Accurate and natural translation.	When was the indefinite closure of Samsen Road announced following the 2025 Bangkok road collapse?	October 5	Kufungwa kwa Barabara ya Samsen kwa muda usiojulikana kulitangazwa lini kufuatia kuporomoka kwa barabara ya Bangkok mwaka 2025?	Oktoba 5	When was the indefinite closure of Samsen Road announced following the Bangkok road collapse in 2025?	October 5
sw	sw:098:ja_hyuga_nada_earthquake_expo_pavilions__organization_involved__012__target__ja_hyuga_nada_earthquake_expo_pavilions_target_target_organization_2__sw__surface_003	ja_hyuga_nada_earthquake_expo_pavilions__organization_involved__012__target__ja_hyuga_nada_earthquake_expo_pavilions_target_target_organization_2__sw__surface_003	ja_hyuga_nada_earthquake_expo_pavilions__organization_involved__012__target__ja_hyuga_nada_earthquake_expo_pavilions_target_target_organization_2__en__surface_003	ja_hyuga_nada_earthquake_expo_pavilions	ja_hyuga_nada_earthquake_expo_pavilions__organization_involved__012	target	surface	organization_involved	True	ok	none	5	5	5	5	Accurate and natural translation.	Name the agency responsible for issuing the 'Nankai Trough Earthquake Extra Information' advisory in the aftermath of the 2024 Hyūga-nada earthquake.	Japan Meteorological Agency	Taja wakala unaohusika na kutoa ushauri wa 'Taarifa ya Ziada ya Tetemeko la Ardhi la Nankai Trough' baada ya tetemeko la ardhi la Hyūga-nada la mwaka 2024.	Shirika la Hali ya Hewa la Japani	Name the agency responsible for issuing the 'Nankai Trough Earthquake Extra Information' advisory after the 2024 Hyūga-nada earthquake.	Japan Meteorological Agency
sw	sw:099:ar_lebanon_device_attacks_hq_strike__statement_by_key_figure__013__target__ar_lebanon_device_attacks_hq_strike_target_statement_1__sw__surface_001	ar_lebanon_device_attacks_hq_strike__statement_by_key_figure__013__target__ar_lebanon_device_attacks_hq_strike_target_statement_1__sw__surface_001	ar_lebanon_device_attacks_hq_strike__statement_by_key_figure__013__target__ar_lebanon_device_attacks_hq_strike_target_statement_1__en__surface_001	ar_lebanon_device_attacks_hq_strike	ar_lebanon_device_attacks_hq_strike__statement_by_key_figure__013	target	surface	statement_by_key_figure	True	ok	none	5	5	5	5	Accurate and natural translation.	"Which key figure referred to the 2024 Lebanon electronic device attacks as a ""major blow""?"	Nasrallah	"Ni kiongozi gani mashuhuri aliyeelezea mashambulizi ya vifaa vya kielektroniki ya Lebanon ya mwaka 2024 kama ""pigo kubwa""?"	Nasrallah	"Which prominent leader described the 2024 Lebanon electronic device attacks as a ""major blow""?"	Nasrallah
sw	sw:100:es_venezuela_protests_presidential_election__event_location__005__target__es_venezuela_protests_presidential_election_target_target_event_location_4__sw__surface_003	es_venezuela_protests_presidential_election__event_location__005__target__es_venezuela_protests_presidential_election_target_target_event_location_4__sw__surface_003	es_venezuela_protests_presidential_election__event_location__005__target__es_venezuela_protests_presidential_election_target_target_event_location_4__en__surface_003	es_venezuela_protests_presidential_election	es_venezuela_protests_presidential_election__event_location__005	target	surface	event_location	True	ok	none	5	5	5	5	Accurate and natural translation.	What city served as a location for the 2024 Venezuelan presidential election protests?	Madrid	Ni jiji gani lililotumika kama eneo la maandamano ya uchaguzi wa rais wa Venezuela wa mwaka 2024?	Madrid	Which city was used as the location of the 2024 Venezuelan presidential election protests?	Madrid
th	th:001:zh_shenzhen_stabbing_wuxi_stabbing__incident_locations__002__target__zh_shenzhen_stabbing_wuxi_stabbing_target_target_loc_1__th__surface_002	zh_shenzhen_stabbing_wuxi_stabbing__incident_locations__002__target__zh_shenzhen_stabbing_wuxi_stabbing_target_target_loc_1__th__surface_002	zh_shenzhen_stabbing_wuxi_stabbing__incident_locations__002__target__zh_shenzhen_stabbing_wuxi_stabbing_target_target_loc_1__en__surface_002	zh_shenzhen_stabbing_wuxi_stabbing	zh_shenzhen_stabbing_wuxi_stabbing__incident_locations__002	target	surface	incident_locations	True	ok	none	5	5	5	5	Accurate and natural translation.	What Guangdong city was the location of the 2024 stabbing of a Japanese schoolboy?	Shenzhen	เมืองใดในมณฑลกวางตุ้งที่เป็นสถานที่เกิดเหตุแทงนักเรียนชายชาวญี่ปุ่นในปี 2024	เซินเจิ้น	Which city in Guangdong province was the location of the stabbing incident of a Japanese male student in 2024?	Shenzhen
th	th:002:fr_imane_khelif_olympic_boxing__location_or_venue__003__neighbor__fr_imane_khelif_olympic_boxing_neighbor_16__th__surface_002	fr_imane_khelif_olympic_boxing__location_or_venue__003__neighbor__fr_imane_khelif_olympic_boxing_neighbor_16__th__surface_002	fr_imane_khelif_olympic_boxing__location_or_venue__003__neighbor__fr_imane_khelif_olympic_boxing_neighbor_16__en__surface_002	fr_imane_khelif_olympic_boxing	fr_imane_khelif_olympic_boxing__location_or_venue__003	neighbor	surface	location_or_venue	True	ok	none	5	5	5	5	Accurate and natural translation.	In what location did the 2024 Summer Olympic boxing matches take place?	Paris	การแข่งขันมวยสากลโอลิมปิกฤดูร้อน 2024 จัดขึ้นที่สถานที่ใด?	ปารีส	At which location was the 2024 Summer Olympics boxing competition held?	Paris
th	th:003:en_brian_thompson_killing_luigi_mangione__legal_charges__004__target__en_brian_thompson_killing_luigi_mangione_target_target_legal_charges_5__th__surface_001	en_brian_thompson_killing_luigi_mangione__legal_charges__004__target__en_brian_thompson_killing_luigi_mangione_target_target_legal_charges_5__th__surface_001	en_brian_thompson_killing_luigi_mangione__legal_charges__004__target__en_brian_thompson_killing_luigi_mangione_target_target_legal_charges_5__en__surface_001	en_brian_thompson_killing_luigi_mangione	en_brian_thompson_killing_luigi_mangione__legal_charges__004	target	surface	legal_charges	True	ok	none	5	5	5	5	Accurate and natural translation.	Which specific legal offense was Luigi Mangione accused of in Blair County, Pennsylvania?	forgery	ลุยจิ แมนจิโอเน ถูกกล่าวหาในความผิดทางกฎหมายข้อใดโดยเฉพาะในเทศมณฑลแบลร์ รัฐเพนซิลเวเนีย?	การปลอมแปลงเอกสาร	What specific legal offense was Luigi Mangione accused of in Blair County, Pennsylvania?	Document forgery
th	th:004:ar_syrian_offensives_transitional_government__key_location__001__neighbor__ar_syrian_offensives_transitional_government_neighbor_neighbor_location_1__th__surface_002	ar_syrian_offensives_transitional_government__key_location__001__neighbor__ar_syrian_offensives_transitional_government_neighbor_neighbor_location_1__th__surface_002	ar_syrian_offensives_transitional_government__key_location__001__neighbor__ar_syrian_offensives_transitional_government_neighbor_neighbor_location_1__en__surface_002	ar_syrian_offensives_transitional_government	ar_syrian_offensives_transitional_government__key_location__001	neighbor	surface	key_location	True	ok	none	5	5	5	5	Accurate and natural translation.	What city hosted the ceremony announcing the formation of the Syrian transitional government?	Damascus	เมืองใดเป็นสถานที่จัดพิธีประกาศการจัดตั้งรัฐบาลเปลี่ยนผ่านซีเรีย	ดามัสกัส	Which city was the location of the ceremony announcing the establishment of the Syrian Transitional Government?	Damascus
th	th:005:bn_hasina_resignation_2026_election__participant_person__006__target__bn_hasina_resignation_2026_election_target_3__th__surface_001	bn_hasina_resignation_2026_election__participant_person__006__target__bn_hasina_resignation_2026_election_target_3__th__surface_001	bn_hasina_resignation_2026_election__participant_person__006__target__bn_hasina_resignation_2026_election_target_3__en__surface_001	bn_hasina_resignation_2026_election	bn_hasina_resignation_2026_election__participant_person__006	target	surface	participant_person	True	ok	none	5	5	5	5	Accurate and natural translation.	Which military figure announced that Sheikh Hasina had resigned and gone into self-imposed exile?	Waker-uz-Zaman	นายทหารคนใดประกาศว่า ชีค ฮาสินา ได้ลาออกและเนรเทศตัวเอง?	วาเกอร์-อุซ-ซามาน	Which military officer announced that Sheikh Hasina had resigned and exiled herself?	Waker-uz-Zaman
th	th:006:de_solingen_stabbing_magdeburg_attack__attack_location__015__neighbor__de_solingen_stabbing_magdeburg_attack_neighbor_de_magdeburg_attack_location_2__th__core	de_solingen_stabbing_magdeburg_attack__attack_location__015__neighbor__de_solingen_stabbing_magdeburg_attack_neighbor_de_magdeburg_attack_location_2__th__core	de_solingen_stabbing_magdeburg_attack__attack_location__015__neighbor__de_solingen_stabbing_magdeburg_attack_neighbor_de_magdeburg_attack_location_2__en__core	de_solingen_stabbing_magdeburg_attack	de_solingen_stabbing_magdeburg_attack__attack_location__015	neighbor	core	attack_location	True	ok	none	5	5	5	5	Accurate and natural translation.	At what specific location did the 2024 Magdeburg car attack take place?	Christmas market	เหตุโจมตีด้วยรถยนต์ในมักเดอบวร์ค ปี 2024 เกิดขึ้นที่สถานที่ใดโดยเฉพาะ?	ตลาดคริสต์มาส	At what specific location did the 2024 Magdeburg car attack occur?	Christmas market
th	th:007:es_venezuela_protests_presidential_election__involved_person__012__target__es_venezuela_protests_presidential_election_target_target_involved_person_3__th__surface_002	es_venezuela_protests_presidential_election__involved_person__012__target__es_venezuela_protests_presidential_election_target_target_involved_person_3__th__surface_002	es_venezuela_protests_presidential_election__involved_person__012__target__es_venezuela_protests_presidential_election_target_target_involved_person_3__en__surface_002	es_venezuela_protests_presidential_election	es_venezuela_protests_presidential_election__involved_person__012	target	surface	involved_person	True	ok	none	5	5	5	5	Accurate and natural translation.	Name a key person associated with the protests during the 2024 Venezuelan presidential election.	María Corina Machado	จงบอกชื่อบุคคลสำคัญที่เกี่ยวข้องกับการประท้วงในช่วงการเลือกตั้งประธานาธิบดีเวเนซุเอลาปี 2024	มาเรีย โครินา มาชาโด	Name a key figure involved in the protests during the 2024 Venezuelan presidential election.	Maria Corina Machado
th	th:008:bn_noncooperation_interim_government__key_figures__011__neighbor__bn_noncooperation_interim_government_neighbor_neighbor_key_figures_4__th__core	bn_noncooperation_interim_government__key_figures__011__neighbor__bn_noncooperation_interim_government_neighbor_neighbor_key_figures_4__th__core	bn_noncooperation_interim_government__key_figures__011__neighbor__bn_noncooperation_interim_government_neighbor_neighbor_key_figures_4__en__core	bn_noncooperation_interim_government	bn_noncooperation_interim_government__key_figures__011	neighbor	core	key_figures	True	ok	none	5	5	5	5	Accurate and natural translation.	Who resigned as prime minister and departed to India prior to the formation of the interim government of Muhammad Yunus?	Sheikh Hasina	ใครลาออกจากตำแหน่งนายกรัฐมนตรีและเดินทางไปยังประเทศอินเดียก่อนการจัดตั้งรัฐบาลรักษาการของมูฮัมหมัด ยูนุส	ชีค ฮาสินา	Who resigned from the position of Prime Minister and traveled to India before the formation of Muhammad Yunus's interim government?	Sheikh Hasina
th	th:009:bn_anti_hindu_violence_national_citizen_party__target_demographic__001__target__bn_anti_hindu_violence_national_citizen_party_target_target_target_demographic_1__th__surface_001	bn_anti_hindu_violence_national_citizen_party__target_demographic__001__target__bn_anti_hindu_violence_national_citizen_party_target_target_target_demographic_1__th__surface_001	bn_anti_hindu_violence_national_citizen_party__target_demographic__001__target__bn_anti_hindu_violence_national_citizen_party_target_target_target_demographic_1__en__surface_001	bn_anti_hindu_violence_national_citizen_party	bn_anti_hindu_violence_national_citizen_party__target_demographic__001	target	surface	target_demographic	True	ok	none	5	5	5	5	Accurate and natural translation.	After Sheikh Hasina resigned, which religious community faced a wave of attacks in Bangladesh?	Hindus	หลังจากชีค ฮาสินาลาออก ชุมชนทางศาสนาใดเผชิญกับการโจมตีระลอกใหญ่ในบังกลาเทศ	ชาวฮินดู	After Sheikh Hasina resigned, which religious community faced a major wave of attacks in Bangladesh?	Hindus
th	th:010:zh_zhuhai_car_attack_wuxi_stabbing__legal_milestone_date__011__target__zh_zhuhai_car_attack_wuxi_stabbing_target_zhuhai_leg_1__th__surface_001	zh_zhuhai_car_attack_wuxi_stabbing__legal_milestone_date__011__target__zh_zhuhai_car_attack_wuxi_stabbing_target_zhuhai_leg_1__th__surface_001	zh_zhuhai_car_attack_wuxi_stabbing__legal_milestone_date__011__target__zh_zhuhai_car_attack_wuxi_stabbing_target_zhuhai_leg_1__en__surface_001	zh_zhuhai_car_attack_wuxi_stabbing	zh_zhuhai_car_attack_wuxi_stabbing__legal_milestone_date__011	target	surface	legal_milestone_date	True	ok	none	5	5	5	5	Accurate and natural translation.	When did the attacker responsible for the 2024 Zhuhai car attack receive a death sentence?	27 December 2024	ผู้ก่อเหตุโจมตีด้วยรถยนต์ที่จูไห่ปี 2024 ได้รับโทษประหารชีวิตเมื่อใด	27 ธันวาคม 2024	When did the perpetrator of the 2024 Zhuhai car attack receive the death penalty?	27 December 2024
th	th:011:ar_syrian_offensives_transitional_government__key_location__002__target__ar_syrian_offensives_transitional_government_target_target_location_2__th__core	ar_syrian_offensives_transitional_government__key_location__002__target__ar_syrian_offensives_transitional_government_target_target_location_2__th__core	ar_syrian_offensives_transitional_government__key_location__002__target__ar_syrian_offensives_transitional_government_target_target_location_2__en__core	ar_syrian_offensives_transitional_government	ar_syrian_offensives_transitional_government__key_location__002	target	core	key_location	True	ok	none	5	5	5	5	Accurate and natural translation.	Which city did opposition forces capture on 5 December 2024 during the Syrian offensives?	Hama	กองกำลังฝ่ายต่อต้านยึดเมืองใดได้เมื่อวันที่ 5 ธันวาคม 2024 ระหว่างการรุกคืบในซีเรีย	ฮามา	Which city did the opposition forces capture on December 5, 2024, during the offensive in Syria?	Hama
th	th:012:en_tesla_vandalism_doge__key_person__006__neighbor__en_tesla_vandalism_doge_neighbor_neighbor_key_person_4__th__core	en_tesla_vandalism_doge__key_person__006__neighbor__en_tesla_vandalism_doge_neighbor_neighbor_key_person_4__th__core	en_tesla_vandalism_doge__key_person__006__neighbor__en_tesla_vandalism_doge_neighbor_neighbor_key_person_4__en__core	en_tesla_vandalism_doge	en_tesla_vandalism_doge__key_person__006	neighbor	core	key_person	True	ok	none	5	5	5	5	Perfect meaning preservation and natural phrasing.	Who did Trump nominate to lead the Office of Management and Budget?	Russell Vought	ทรัมป์เสนอชื่อใครให้เป็นผู้นำสำนักบริหารและงบประมาณ	รัสเซลล์ วอต	Who did Trump nominate to be the leader of the Office of Management and Budget?	Russell Vought
th	th:013:th_audit_office_bangkok_road_collapse__event_measurements__008__neighbor__th_audit_office_bangkok_road_collapse_neighbor_neighbor_event_measurements_2__th__surface_003	th_audit_office_bangkok_road_collapse__event_measurements__008__neighbor__th_audit_office_bangkok_road_collapse_neighbor_neighbor_event_measurements_2__th__surface_003	th_audit_office_bangkok_road_collapse__event_measurements__008__neighbor__th_audit_office_bangkok_road_collapse_neighbor_neighbor_event_measurements_2__en__surface_003	th_audit_office_bangkok_road_collapse	th_audit_office_bangkok_road_collapse__event_measurements__008	neighbor	surface	event_measurements	True	ok	none	5	5	5	5	Well-translated and natural.	When the sinkhole on Samsen Road first formed, what was its estimated depth?	50 meters	เมื่อหลุมยุบบนถนนสามเสนก่อตัวขึ้นในตอนแรก มีความลึกโดยประมาณเท่าใด	50 เมตร	When the sinkhole on Samsen Road initially formed, what was its approximate depth?	50 meters
th	th:014:fr_olympics_opening_closing_ceremony__athlete_participant__012__neighbor__fr_olympics_opening_closing_ceremony_neighbor_neighbor_athlete_participant_2__th__core	fr_olympics_opening_closing_ceremony__athlete_participant__012__neighbor__fr_olympics_opening_closing_ceremony_neighbor_neighbor_athlete_participant_2__th__core	fr_olympics_opening_closing_ceremony__athlete_participant__012__neighbor__fr_olympics_opening_closing_ceremony_neighbor_neighbor_athlete_participant_2__en__core	fr_olympics_opening_closing_ceremony	fr_olympics_opening_closing_ceremony__athlete_participant__012	neighbor	core	athlete_participant	True	ok	none	5	5	5	5	Accurate and fluent. Gender context is correctly maintained.	Which athlete received her marathon gold medal during the 2024 Summer Olympics closing ceremony?	Sifan Hassan	นักกีฬาหญิงคนใดได้รับเหรียญทองมาราธอนในระหว่างพิธีปิดโอลิมปิกฤดูร้อน 2024	ซีฟาน ฮัสซัน	Which female athlete received the marathon gold medal during the closing ceremony of the 2024 Summer Olympics?	Sifan Hassan
th	th:015:th_cambodian_border_crisis_myanmar_earthquake__international_response_entity__001__target__th_cambodian_border_crisis_myanmar_earthquake_target_th_cambodian_border_crisis_org_1__th__surface_001	th_cambodian_border_crisis_myanmar_earthquake__international_response_entity__001__target__th_cambodian_border_crisis_myanmar_earthquake_target_th_cambodian_border_crisis_org_1__th__surface_001	th_cambodian_border_crisis_myanmar_earthquake__international_response_entity__001__target__th_cambodian_border_crisis_myanmar_earthquake_target_th_cambodian_border_crisis_org_1__en__surface_001	th_cambodian_border_crisis_myanmar_earthquake	th_cambodian_border_crisis_myanmar_earthquake__international_response_entity__001	target	surface	international_response_entity	True	ok	none	5	5	5	5	Accurate translation.	During the 2025 Cambodian–Thai border crisis, what nation hosted and mediated the ceasefire talks in Putrajaya?	Malaysia	ในช่วงวิกฤตการณ์ชายแดนกัมพูชา-ไทย ปี 2025 ประเทศใดเป็นเจ้าภาพและเป็นผู้ไกล่เกลี่ยการเจรจาหยุดยิงที่เมืองปุตราจายา	มาเลเซีย	During the 2025 Cambodian-Thai border crisis, which country hosted and mediated the ceasefire negotiations in Putrajaya?	Malaysia
th	th:016:th_cambodian_border_crisis_myanmar_earthquake__affected_location__010__target__th_cambodian_border_crisis_myanmar_earthquake_target_th_cambodian_border_crisis_loc_6__th__surface_001	th_cambodian_border_crisis_myanmar_earthquake__affected_location__010__target__th_cambodian_border_crisis_myanmar_earthquake_target_th_cambodian_border_crisis_loc_6__th__surface_001	th_cambodian_border_crisis_myanmar_earthquake__affected_location__010__target__th_cambodian_border_crisis_myanmar_earthquake_target_th_cambodian_border_crisis_loc_6__en__surface_001	th_cambodian_border_crisis_myanmar_earthquake	th_cambodian_border_crisis_myanmar_earthquake__affected_location__010	target	surface	affected_location	True	ok	none	5	5	5	5	Very natural and accurate.	During the 2025 Cambodian–Thai border crisis, what province was designated as a disaster zone on July 28?	Surin province	ในช่วงวิกฤตการณ์ชายแดนไทย–กัมพูชาปี 2025 จังหวัดใดถูกกำหนดให้เป็นเขตภัยพิบัติเมื่อวันที่ 28 กรกฎาคม	จังหวัดสุรินทร์	During the 2025 Thai-Cambodian border crisis, which province was designated as a disaster zone on July 28?	Surin Province
th	th:017:th_audit_office_bangkok_road_collapse__contributing_factors__003__neighbor__th_audit_office_bangkok_road_collapse_neighbor_neighbor_contributing_factors_2__th__core	th_audit_office_bangkok_road_collapse__contributing_factors__003__neighbor__th_audit_office_bangkok_road_collapse_neighbor_neighbor_contributing_factors_2__th__core	th_audit_office_bangkok_road_collapse__contributing_factors__003__neighbor__th_audit_office_bangkok_road_collapse_neighbor_neighbor_contributing_factors_2__en__core	th_audit_office_bangkok_road_collapse	th_audit_office_bangkok_road_collapse__contributing_factors__003	neighbor	core	contributing_factors	True	ok	none	5	5	5	5	Good translation of 'contributed to'.	What structural defect forming in the tunnel contributed to the 2025 Bangkok road collapse?	cracks	ข้อบกพร่องทางโครงสร้างใดที่เกิดขึ้นในอุโมงค์ ซึ่งมีส่วนทำให้เกิดเหตุการณ์ถนนยุบตัวในกรุงเทพฯ ปี 2025	รอยร้าว	What structural defect occurred in the tunnel that contributed to the 2025 Bangkok road collapse incident?	Cracks
th	th:018:zh_zhuhai_car_attack_wuxi_stabbing__casualty_count__004__neighbor__zh_zhuhai_car_attack_wuxi_stabbing_neighbor_wuxi_cas_1__th__surface_002	zh_zhuhai_car_attack_wuxi_stabbing__casualty_count__004__neighbor__zh_zhuhai_car_attack_wuxi_stabbing_neighbor_wuxi_cas_1__th__surface_002	zh_zhuhai_car_attack_wuxi_stabbing__casualty_count__004__neighbor__zh_zhuhai_car_attack_wuxi_stabbing_neighbor_wuxi_cas_1__en__surface_002	zh_zhuhai_car_attack_wuxi_stabbing	zh_zhuhai_car_attack_wuxi_stabbing__casualty_count__004	neighbor	surface	casualty_count	True	ok	none	5	5	5	5	Accurate and grammatically sound.	How many people were killed in the 2024 Wuxi stabbing?	Eight	มีผู้เสียชีวิตกี่คนในเหตุการณ์แทงคนในอู๋ซีปี 2024	แปด	How many people died in the stabbing incident in Wuxi in 2024?	Eight
th	th:019:de_munich_car_attack_federal_election__involved_organization__003__target__de_munich_car_attack_federal_election_target_target_involved_organization_5__th__surface_003	de_munich_car_attack_federal_election__involved_organization__003__target__de_munich_car_attack_federal_election_target_target_involved_organization_5__th__surface_003	de_munich_car_attack_federal_election__involved_organization__003__target__de_munich_car_attack_federal_election_target_target_involved_organization_5__en__surface_003	de_munich_car_attack_federal_election	de_munich_car_attack_federal_election__involved_organization__003	target	surface	involved_organization	True	ok	none	5	5	5	5	Excellent translation handling complex phrasing well.	Name the political party associated with Bavarian Interior Minister Joachim Herrmann in relation to the 2025 Munich car attack.	CSU	จงระบุชื่อพรรคการเมืองที่เกี่ยวข้องกับ โยอาคิม แฮร์มันน์ รัฐมนตรีว่าการกระทรวงมหาดไทยรัฐบาวาเรีย ในเหตุการณ์ขับรถพุ่งชนคนในมิวนิกปี 2025	CSU	Identify the name of the political party associated with Joachim Herrmann, the Bavarian Interior Minister, in the 2025 Munich car attack.	CSU
th	th:020:sw_tanzania_protests_general_election__event_location__004__target__sw_tanzania_protests_general_election_target_target_loc_4__th__surface_001	sw_tanzania_protests_general_election__event_location__004__target__sw_tanzania_protests_general_election_target_target_loc_4__th__surface_001	sw_tanzania_protests_general_election__event_location__004__target__sw_tanzania_protests_general_election_target_target_loc_4__en__surface_001	sw_tanzania_protests_general_election	sw_tanzania_protests_general_election__event_location__004	target	surface	event_location	True	ok	none	5	5	5	5	Accurate context and terminology.	Which town on the Kenyan border experienced spillover unrest from the Tanzanian protests?	Namanga	เมืองใดบนชายแดนเคนยาที่เผชิญกับความไม่สงบที่ลุกลามมาจากการประท้วงในแทนซาเนีย	นามังกา	Which city on the Kenyan border faced unrest that spilled over from the protests in Tanzania?	Namanga
th	th:021:ja_hyogo_gubernatorial_2025_ldp_presidential__candidate__005__neighbor__ja_hyogo_gubernatorial_2025_ldp_presidential_neighbor_neighbor_candidate_3__th__surface_003	ja_hyogo_gubernatorial_2025_ldp_presidential__candidate__005__neighbor__ja_hyogo_gubernatorial_2025_ldp_presidential_neighbor_neighbor_candidate_3__th__surface_003	ja_hyogo_gubernatorial_2025_ldp_presidential__candidate__005__neighbor__ja_hyogo_gubernatorial_2025_ldp_presidential_neighbor_neighbor_candidate_3__en__surface_003	ja_hyogo_gubernatorial_2025_ldp_presidential	ja_hyogo_gubernatorial_2025_ldp_presidential__candidate__005	neighbor	surface	candidate	True	ok	none	5	5	5	5	Accurate and natural translation.	Who contested the 2025 Liberal Democratic Party presidential election?	Yoshimasa Hayashi	ใครลงแข่งขันในการเลือกตั้งประธานพรรคเสรีประชาธิปไตยปี 2025	โยชิมาสะ ฮายาชิ	Who ran in the 2025 Liberal Democratic Party presidential election?	Yoshimasa Hayashi
th	th:022:bn_anti_hindu_violence_national_citizen_party__associated_event__004__neighbor__bn_anti_hindu_violence_national_citizen_party_neighbor_neighbor_associated_event_1__th__surface_002	bn_anti_hindu_violence_national_citizen_party__associated_event__004__neighbor__bn_anti_hindu_violence_national_citizen_party_neighbor_neighbor_associated_event_1__th__surface_002	bn_anti_hindu_violence_national_citizen_party__associated_event__004__neighbor__bn_anti_hindu_violence_national_citizen_party_neighbor_neighbor_associated_event_1__en__surface_002	bn_anti_hindu_violence_national_citizen_party	bn_anti_hindu_violence_national_citizen_party__associated_event__004	neighbor	surface	associated_event	True	ok	none	5	5	5	5	Good translation, proper names are well transliterated.	What uprising led to the creation of the National Citizen Party?	July Uprising	การลุกฮือครั้งใดนำไปสู่การก่อตั้งพรรคเนชันแนลซิติเซน	การลุกฮือเดือนกรกฎาคม	Which uprising led to the founding of the National Citizen Party?	July uprising
th	th:023:th_audit_office_bangkok_road_collapse__event_dates__013__neighbor__th_audit_office_bangkok_road_collapse_neighbor_neighbor_event_dates_4__th__core	th_audit_office_bangkok_road_collapse__event_dates__013__neighbor__th_audit_office_bangkok_road_collapse_neighbor_neighbor_event_dates_4__th__core	th_audit_office_bangkok_road_collapse__event_dates__013__neighbor__th_audit_office_bangkok_road_collapse_neighbor_neighbor_event_dates_4__en__core	th_audit_office_bangkok_road_collapse	th_audit_office_bangkok_road_collapse__event_dates__013	neighbor	core	event_dates	True	ok	none	5	5	5	5	Accurate and natural translation.	As of what date was Samsen Road reported to be indefinitely closed due to the 2025 Bangkok road collapse?	October 5	ณ วันที่เท่าใดที่มีรายงานว่าถนนสามเสนถูกปิดอย่างไม่มีกำหนดเนื่องจากเหตุการณ์ถนนยุบในกรุงเทพฯ ปี 2025	5 ตุลาคม	On what date was it reported that Samsen Road was closed indefinitely due to the 2025 Bangkok road collapse event?	October 5
th	th:024:ar_lebanon_device_attacks_hq_strike__reaction_by_country_or_org__008__neighbor__ar_lebanon_device_attacks_hq_strike_neighbor_reaction_7__th__core	ar_lebanon_device_attacks_hq_strike__reaction_by_country_or_org__008__neighbor__ar_lebanon_device_attacks_hq_strike_neighbor_reaction_7__th__core	ar_lebanon_device_attacks_hq_strike__reaction_by_country_or_org__008__neighbor__ar_lebanon_device_attacks_hq_strike_neighbor_reaction_7__en__core	ar_lebanon_device_attacks_hq_strike	ar_lebanon_device_attacks_hq_strike__reaction_by_country_or_org__008	neighbor	core	reaction_by_country_or_org	True	ok	none	5	5	5	5	Accurate and natural translation.	Which country reacted to the 2024 Hezbollah headquarters strike by condemning the attack?	Syria	ประเทศใดมีปฏิกิริยาต่อการโจมตีศูนย์บัญชาการฮิซบอลเลาะห์ในปี 2024 ด้วยการประณามการโจมตี?	ซีเรีย	Which country reacted to the 2024 attack on the Hezbollah headquarters by condemning the attack?	Syria
th	th:025:sw_kenyan_protests_albert_ojwang__involved_person__008__neighbor__sw_kenyan_protests_albert_ojwang_neighbor_neighbor_involved_person_1__th__surface_001	sw_kenyan_protests_albert_ojwang__involved_person__008__neighbor__sw_kenyan_protests_albert_ojwang_neighbor_neighbor_involved_person_1__th__surface_001	sw_kenyan_protests_albert_ojwang__involved_person__008__neighbor__sw_kenyan_protests_albert_ojwang_neighbor_neighbor_involved_person_1__en__surface_001	sw_kenyan_protests_albert_ojwang	sw_kenyan_protests_albert_ojwang__involved_person__008	neighbor	surface	involved_person	True	ok	none	5	5	5	5	Accurate and natural translation.	What is the name of Albert Omondi Ojwang's wife?	Nevnina Onyango	ภรรยาของอัลเบิร์ต โอมอนดี โอจวัง ชื่ออะไร	เนฟนินา ออนยังโก	What is the name of Albert Omondi Ojwang's wife?	Nefnina Onyango
th	th:026:th_cambodian_border_crisis_myanmar_earthquake__destroyed_or_damaged_infrastructure__007__target__th_cambodian_border_crisis_myanmar_earthquake_target_th_cambodian_border_crisis_infra_2__th__surface_003	th_cambodian_border_crisis_myanmar_earthquake__destroyed_or_damaged_infrastructure__007__target__th_cambodian_border_crisis_myanmar_earthquake_target_th_cambodian_border_crisis_infra_2__th__surface_003	th_cambodian_border_crisis_myanmar_earthquake__destroyed_or_damaged_infrastructure__007__target__th_cambodian_border_crisis_myanmar_earthquake_target_th_cambodian_border_crisis_infra_2__en__surface_003	th_cambodian_border_crisis_myanmar_earthquake	th_cambodian_border_crisis_myanmar_earthquake__destroyed_or_damaged_infrastructure__007	target	surface	destroyed_or_damaged_infrastructure	True	ok	none	5	5	5	5	Very accurate and appropriate use of the established Thai name for Preah Vihear (พระวิหาร).	Which cultural site was the target of Thai shelling that drew condemnation from the Cambodian Ministry of Culture and Fine Arts?	Preah Vihear	สถานที่ทางวัฒนธรรมใดที่ตกเป็นเป้าหมายของการระดมยิงปืนใหญ่ของไทย ซึ่งเรียกเสียงประณามจากกระทรวงวัฒนธรรมและวิจิตรศิลป์ของกัมพูชา	พระวิหาร	Which cultural site was the target of Thai artillery shelling, which drew condemnation from the Cambodian Ministry of Culture and Fine Arts?	Preah Vihear
th	th:027:zh_night_ride_kaifeng_henan_cuisine__involves_demographic__014__neighbor__zh_night_ride_kaifeng_henan_cuisine_neighbor_17__th__surface_002	zh_night_ride_kaifeng_henan_cuisine__involves_demographic__014__neighbor__zh_night_ride_kaifeng_henan_cuisine_neighbor_17__th__surface_002	zh_night_ride_kaifeng_henan_cuisine__involves_demographic__014__neighbor__zh_night_ride_kaifeng_henan_cuisine_neighbor_17__en__surface_002	zh_night_ride_kaifeng_henan_cuisine	zh_night_ride_kaifeng_henan_cuisine__involves_demographic__014	neighbor	surface	involves_demographic	True	ok	none	5	5	5	5	Accurate and natural translation.	What specific demographic, besides households, temples, markets, and imperial courts, influenced the culinary style of modern Henan cuisine?	high class families	กลุ่มประชากรใด นอกเหนือจากครัวเรือน วัด ตลาด และราชสำนัก ที่มีอิทธิพลต่อรูปแบบการทำอาหารของอาหารเหอหนานสมัยใหม่?	ครอบครัวชนชั้นสูง	Which demographic group, besides households, temples, markets, and the royal court, influenced the cooking style of modern Henan cuisine?	Elite families
th	th:028:sw_goma_offensive_drc_rwanda_peace__involved_armed_group__008__neighbor__sw_goma_offensive_drc_rwanda_peace_neighbor_neighbor_card_11__th__core	sw_goma_offensive_drc_rwanda_peace__involved_armed_group__008__neighbor__sw_goma_offensive_drc_rwanda_peace_neighbor_neighbor_card_11__th__core	sw_goma_offensive_drc_rwanda_peace__involved_armed_group__008__neighbor__sw_goma_offensive_drc_rwanda_peace_neighbor_neighbor_card_11__en__core	sw_goma_offensive_drc_rwanda_peace	sw_goma_offensive_drc_rwanda_peace__involved_armed_group__008	neighbor	core	involved_armed_group	True	ok	none	5	5	5	5	Accurate and natural translation.	Which pro-government militia did M23 launch an offensive against in North Kivu, ending the ceasefire?	Wazalendo	กลุ่ม M23 เปิดฉากโจมตีกองกำลังติดอาวุธฝ่ายสนับสนุนรัฐบาลกลุ่มใดในนอร์ทคิวู อันเป็นการยุติการหยุดยิง	วาซาเลนโด	Which pro-government armed group did the M23 group launch an attack on in North Kivu, ending the ceasefire?	Wazalendo
th	th:029:ja_hyuga_nada_earthquake_expo_pavilions__organization_involved__012__target__ja_hyuga_nada_earthquake_expo_pavilions_target_target_organization_2__th__core	ja_hyuga_nada_earthquake_expo_pavilions__organization_involved__012__target__ja_hyuga_nada_earthquake_expo_pavilions_target_target_organization_2__th__core	ja_hyuga_nada_earthquake_expo_pavilions__organization_involved__012__target__ja_hyuga_nada_earthquake_expo_pavilions_target_target_organization_2__en__core	ja_hyuga_nada_earthquake_expo_pavilions	ja_hyuga_nada_earthquake_expo_pavilions__organization_involved__012	target	core	organization_involved	True	ok	none	5	5	5	5	Accurate and natural translation.	Which organization issued a 'Nankai Trough Earthquake Extra Information' advisory following the 2024 Hyūga-nada earthquake?	Japan Meteorological Agency	หน่วยงานใดออกประกาศเตือน 'ข้อมูลพิเศษแผ่นดินไหวร่องนันไค' หลังจากเหตุการณ์แผ่นดินไหวที่ฮิวงะนาดะ ปี 2024	กรมอุตุนิยมวิทยาญี่ปุ่น	Which agency issued the 'Nankai Trough Earthquake Special Information' warning after the 2024 Hyuga-nada earthquake event?	Japan Meteorological Agency
th	th:030:ja_hyuga_nada_earthquake_expo_pavilions__affected_or_involved_region__001__target__ja_hyuga_nada_earthquake_expo_pavilions_target_target_affected_region_1__th__surface_003	ja_hyuga_nada_earthquake_expo_pavilions__affected_or_involved_region__001__target__ja_hyuga_nada_earthquake_expo_pavilions_target_target_affected_region_1__th__surface_003	ja_hyuga_nada_earthquake_expo_pavilions__affected_or_involved_region__001__target__ja_hyuga_nada_earthquake_expo_pavilions_target_target_affected_region_1__en__surface_003	ja_hyuga_nada_earthquake_expo_pavilions	ja_hyuga_nada_earthquake_expo_pavilions__affected_or_involved_region__001	target	surface	affected_or_involved_region	True	ok	none	5	5	5	5	Accurate and natural translation.	Name the region that experienced 50 cm tsunami waves as a result of the 2024 Hyūga-nada earthquake.	Miyazaki	จงระบุชื่อภูมิภาคที่เผชิญกับคลื่นสึนามิสูง 50 เซนติเมตร อันเป็นผลมาจากแผ่นดินไหวฮิวงะนาดะ ปี 2024	มิยาซากิ	Specify the name of the region that faced a 50-centimeter high tsunami as a result of the 2024 Hyuga-nada earthquake.	Miyazaki
th	th:031:zh_night_ride_kaifeng_henan_cuisine__involves_demographic__011__neighbor__zh_night_ride_kaifeng_henan_cuisine_neighbor_16__th__surface_003	zh_night_ride_kaifeng_henan_cuisine__involves_demographic__011__neighbor__zh_night_ride_kaifeng_henan_cuisine_neighbor_16__th__surface_003	zh_night_ride_kaifeng_henan_cuisine__involves_demographic__011__neighbor__zh_night_ride_kaifeng_henan_cuisine_neighbor_16__en__surface_003	zh_night_ride_kaifeng_henan_cuisine	zh_night_ride_kaifeng_henan_cuisine__involves_demographic__011	neighbor	surface	involves_demographic	True	ok	none	5	5	5	5	Accurate and natural translation.	Who were the distinct dishes in Henan cuisine originally prepared for?	imperial courthouses	อาหารที่มีเอกลักษณ์เฉพาะในอาหารเหอหนานเดิมทีถูกเตรียมไว้สำหรับใคร?	ราชสำนัก	Who were the unique dishes in Henan cuisine originally prepared for?	The royal court
th	th:032:de_solingen_stabbing_magdeburg_attack__politician_responding__006__target__de_solingen_stabbing_magdeburg_attack_target_de_solingen_stabbing_politician_2__th__surface_001	de_solingen_stabbing_magdeburg_attack__politician_responding__006__target__de_solingen_stabbing_magdeburg_attack_target_de_solingen_stabbing_politician_2__th__surface_001	de_solingen_stabbing_magdeburg_attack__politician_responding__006__target__de_solingen_stabbing_magdeburg_attack_target_de_solingen_stabbing_politician_2__en__surface_001	de_solingen_stabbing_magdeburg_attack	de_solingen_stabbing_magdeburg_attack__politician_responding__006	target	surface	politician_responding	True	ok	none	5	5	5	5	Accurate and natural translation.	Who was the Federal Minister of the Interior that went to the site of the 2024 Solingen stabbing?	Nancy Faeser	รัฐมนตรีว่าการกระทรวงมหาดไทยแห่งสหพันธ์ที่เดินทางไปยังสถานที่เกิดเหตุแทงคนในโซลินเกนปี 2024 คือใคร	แนนซี เฟเซอร์	Who is the Federal Minister of the Interior who traveled to the scene of the stabbing in Solingen in 2024?	Nancy Faeser
th	th:033:fr_olympics_opening_closing_ceremony__dignitary_present__008__neighbor__fr_olympics_opening_closing_ceremony_neighbor_neighbor_dignitary_present_1__th__surface_003	fr_olympics_opening_closing_ceremony__dignitary_present__008__neighbor__fr_olympics_opening_closing_ceremony_neighbor_neighbor_dignitary_present_1__th__surface_003	fr_olympics_opening_closing_ceremony__dignitary_present__008__neighbor__fr_olympics_opening_closing_ceremony_neighbor_neighbor_dignitary_present_1__en__surface_003	fr_olympics_opening_closing_ceremony	fr_olympics_opening_closing_ceremony__dignitary_present__008	neighbor	surface	dignitary_present	True	ok	none	5	5	5	5	Accurate and natural translation.	Name the dignitary responsible for giving the closing remarks at the 2024 Summer Games closing ceremony.	Thomas Bach	จงระบุชื่อบุคคลสำคัญที่รับหน้าที่กล่าวสุนทรพจน์ปิดในพิธีปิดการแข่งขันกีฬาโอลิมปิกฤดูร้อน 2024	โทมัส บาค	Specify the name of the dignitary who took the role of delivering the closing speech at the closing ceremony of the 2024 Summer Olympics.	Thomas Bach
th	th:034:de_aschaffenburg_stabbing_merz_cabinet__participant__008__neighbor__de_aschaffenburg_stabbing_merz_cabinet_neighbor_neighbor_participant_1__th__surface_003	de_aschaffenburg_stabbing_merz_cabinet__participant__008__neighbor__de_aschaffenburg_stabbing_merz_cabinet_neighbor_neighbor_participant_1__th__surface_003	de_aschaffenburg_stabbing_merz_cabinet__participant__008__neighbor__de_aschaffenburg_stabbing_merz_cabinet_neighbor_neighbor_participant_1__en__surface_003	de_aschaffenburg_stabbing_merz_cabinet	de_aschaffenburg_stabbing_merz_cabinet__participant__008	neighbor	surface	participant	True	ok	none	5	5	5	5	Accurate and natural translation.	Germany's federal cabinet formed in 2025 is led by whom?	Friedrich Merz	คณะรัฐมนตรีเยอรมนีที่จัดตั้งขึ้นในปี 2025 มีใครเป็นผู้นำ	ฟรีดริช แมร์ซ	Who is the leader of the German cabinet formed in 2025?	Friedrich Merz
th	th:035:bn_anti_hindu_violence_national_citizen_party__associated_event__004__neighbor__bn_anti_hindu_violence_national_citizen_party_neighbor_neighbor_associated_event_1__th__surface_003	bn_anti_hindu_violence_national_citizen_party__associated_event__004__neighbor__bn_anti_hindu_violence_national_citizen_party_neighbor_neighbor_associated_event_1__th__surface_003	bn_anti_hindu_violence_national_citizen_party__associated_event__004__neighbor__bn_anti_hindu_violence_national_citizen_party_neighbor_neighbor_associated_event_1__en__surface_003	bn_anti_hindu_violence_national_citizen_party	bn_anti_hindu_violence_national_citizen_party__associated_event__004	neighbor	surface	associated_event	True	ok	none	5	5	5	5	Accurate and natural translation.	Following what specific event was the National Citizen Party formed?	July Uprising	พรรคพลเมืองแห่งชาติถูกก่อตั้งขึ้นหลังจากเหตุการณ์เฉพาะใด?	การลุกฮือในเดือนกรกฎาคม	After which specific event was the National Citizen Party founded?	The July uprising
th	th:036:en_uk_riots_southport_stabbings__criminal_charge_or_offense__005__neighbor__en_uk_riots_southport_stabbings_neighbor_neighbor_charge_1__th__surface_001	en_uk_riots_southport_stabbings__criminal_charge_or_offense__005__neighbor__en_uk_riots_southport_stabbings_neighbor_neighbor_charge_1__th__surface_001	en_uk_riots_southport_stabbings__criminal_charge_or_offense__005__neighbor__en_uk_riots_southport_stabbings_neighbor_neighbor_charge_1__en__surface_001	en_uk_riots_southport_stabbings	en_uk_riots_southport_stabbings__criminal_charge_or_offense__005	neighbor	surface	criminal_charge_or_offense	True	ok	none	5	5	5	5	Accurate and natural translation.	Axel Rudakubana faced three counts of which criminal charge?	murder	แอ็กเซล รูดาคูบานา เผชิญข้อหาทางอาญาใดจำนวน 3 กระทง	ฆาตกรรม	What criminal charge does Axel Rudakubana face 3 counts of?	Murder
th	th:037:es_catatumbo_clashes_ecuador_election__location__002__neighbor__es_catatumbo_clashes_ecuador_election_neighbor_neighbor_location_2__th__surface_002	es_catatumbo_clashes_ecuador_election__location__002__neighbor__es_catatumbo_clashes_ecuador_election_neighbor_neighbor_location_2__th__surface_002	es_catatumbo_clashes_ecuador_election__location__002__neighbor__es_catatumbo_clashes_ecuador_election_neighbor_neighbor_location_2__en__surface_002	es_catatumbo_clashes_ecuador_election	es_catatumbo_clashes_ecuador_election__location__002	neighbor	surface	location	True	ok	none	5	5	5	5	Accurate and natural translation.	Which city saw Noboa's supporters celebrating in its streets after the run-off election?	Guayaquil	เมืองใดที่ผู้สนับสนุนของโนบัวออกมาเฉลิมฉลองบนท้องถนนหลังจากการเลือกตั้งรอบตัดสิน?	กัวยากิล	In which city did Noboa's supporters come out to celebrate on the streets after the runoff election?	Guayaquil
th	th:038:sw_tanzania_protests_general_election__event_date__015__target__sw_tanzania_protests_general_election_target_target_date_3__th__surface_001	sw_tanzania_protests_general_election__event_date__015__target__sw_tanzania_protests_general_election_target_target_date_3__th__surface_001	sw_tanzania_protests_general_election__event_date__015__target__sw_tanzania_protests_general_election_target_target_date_3__en__surface_001	sw_tanzania_protests_general_election	sw_tanzania_protests_general_election__event_date__015	target	surface	event_date	True	ok	none	5	5	5	5	Accurate and natural translation.	When did the ACHPR issue its reaction to the reported killings in the 2025 Tanzanian election protests?	1 November	ACHPR ออกมาแสดงท่าทีต่อรายงานการสังหารในการประท้วงการเลือกตั้งแทนซาเนียปี 2025 เมื่อใด	1 พฤศจิกายน	When did ACHPR express its stance on the reports of killings in the 2025 Tanzania election protests?	November 1
th	th:039:de_munich_car_attack_federal_election__involved_organization__001__neighbor__de_munich_car_attack_federal_election_neighbor_neighbor_involved_organization_1__th__core	de_munich_car_attack_federal_election__involved_organization__001__neighbor__de_munich_car_attack_federal_election_neighbor_neighbor_involved_organization_1__th__core	de_munich_car_attack_federal_election__involved_organization__001__neighbor__de_munich_car_attack_federal_election_neighbor_neighbor_involved_organization_1__en__core	de_munich_car_attack_federal_election	de_munich_car_attack_federal_election__involved_organization__001	neighbor	core	involved_organization	True	ok	none	5	5	5	5	Accurate and natural translation.	Which political alliance participated in the 2025 German federal election?	CDU/CSU	พันธมิตรทางการเมืองใดเข้าร่วมในการเลือกตั้งระดับรัฐบาลกลางของเยอรมนีปี 2025	CDU/CSU	Which political alliance participated in the 2025 German federal election?	CDU/CSU
th	th:040:zh_shenzhen_stabbing_wuxi_stabbing__perpetrator_attributes__001__neighbor__zh_shenzhen_stabbing_wuxi_stabbing_neighbor_neighbor_perp_2__th__surface_001	zh_shenzhen_stabbing_wuxi_stabbing__perpetrator_attributes__001__neighbor__zh_shenzhen_stabbing_wuxi_stabbing_neighbor_neighbor_perp_2__th__surface_001	zh_shenzhen_stabbing_wuxi_stabbing__perpetrator_attributes__001__neighbor__zh_shenzhen_stabbing_wuxi_stabbing_neighbor_neighbor_perp_2__en__surface_001	zh_shenzhen_stabbing_wuxi_stabbing	zh_shenzhen_stabbing_wuxi_stabbing__perpetrator_attributes__001	neighbor	surface	perpetrator_attributes	True	ok	none	5	5	5	5	Accurate and natural translation.	What was the age of the perpetrator in the 2024 Wuxi stabbing?	21-year-old	ผู้ก่อเหตุในเหตุการณ์แทงคนในอู๋ซีปี 2024 มีอายุเท่าใด	อายุ 21 ปี	How old was the perpetrator in the 2024 Wuxi stabbing incident?	21 years old
th	th:041:en_tesla_vandalism_doge__associated_legal_issue__009__neighbor__en_tesla_vandalism_doge_neighbor_neighbor_associated_legal_issue_2__th__core	en_tesla_vandalism_doge__associated_legal_issue__009__neighbor__en_tesla_vandalism_doge_neighbor_neighbor_associated_legal_issue_2__th__core	en_tesla_vandalism_doge__associated_legal_issue__009__neighbor__en_tesla_vandalism_doge_neighbor_neighbor_associated_legal_issue_2__en__core	en_tesla_vandalism_doge	en_tesla_vandalism_doge__associated_legal_issue__009	neighbor	core	associated_legal_issue	True	ok	none	5	5	5	5	Accurate and fluent translation.	What serious legal concern is raised by the scope of the Department of Government Efficiency's access to government information?	conflict‑of‑interest	ขอบเขตการเข้าถึงข้อมูลของรัฐบาลของกระทรวงประสิทธิภาพรัฐบาลก่อให้เกิดข้อกังวลทางกฎหมายที่ร้ายแรงในเรื่องใด	ผลประโยชน์ทับซ้อน	What serious legal concern does the scope of government data access of the Department of Government Efficiency raise?	Conflict of interest
th	th:042:zh_zhuhai_car_attack_wuxi_stabbing__casualty_count__005__neighbor__zh_zhuhai_car_attack_wuxi_stabbing_neighbor_wuxi_cas_2__th__surface_001	zh_zhuhai_car_attack_wuxi_stabbing__casualty_count__005__neighbor__zh_zhuhai_car_attack_wuxi_stabbing_neighbor_wuxi_cas_2__th__surface_001	zh_zhuhai_car_attack_wuxi_stabbing__casualty_count__005__neighbor__zh_zhuhai_car_attack_wuxi_stabbing_neighbor_wuxi_cas_2__en__surface_001	zh_zhuhai_car_attack_wuxi_stabbing	zh_zhuhai_car_attack_wuxi_stabbing__casualty_count__005	neighbor	surface	casualty_count	True	ok	none	5	5	5	5	Accurate and fluent translation.	What is the total number of injuries resulting from the 2024 Wuxi stabbing?	17	จำนวนผู้ได้รับบาดเจ็บทั้งหมดจากเหตุการณ์แทงคนในอู๋ซีปี 2024 คือเท่าใด	17	What is the total number of people injured in the 2024 Wuxi stabbing incident?	17
th	th:043:sw_goma_offensive_drc_rwanda_peace__key_figure__012__target__sw_goma_offensive_drc_rwanda_peace_target_target_card_13__th__surface_001	sw_goma_offensive_drc_rwanda_peace__key_figure__012__target__sw_goma_offensive_drc_rwanda_peace_target_target_card_13__th__surface_001	sw_goma_offensive_drc_rwanda_peace__key_figure__012__target__sw_goma_offensive_drc_rwanda_peace_target_target_card_13__en__surface_001	sw_goma_offensive_drc_rwanda_peace	sw_goma_offensive_drc_rwanda_peace__key_figure__012	target	surface	key_figure	True	ok	none	5	5	5	5	Accurate and fluent translation.	Who is the Rwandan leader that asserted the M23 group acts in the interest of Tutsis in the DRC?	Paul Kagame	ใครคือผู้นำรวันดาที่ยืนยันว่ากลุ่ม M23 ปฏิบัติการเพื่อผลประโยชน์ของชาวทุตซีใน DRC?	พอล คากาเม	Who is the Rwandan leader who asserted that the M23 group operates for the interests of the Tutsis in the DRC?	Paul Kagame
th	th:044:bn_hasina_resignation_2026_election__participant_person__004__neighbor__bn_hasina_resignation_2026_election_neighbor_1__th__surface_003	bn_hasina_resignation_2026_election__participant_person__004__neighbor__bn_hasina_resignation_2026_election_neighbor_1__th__surface_003	bn_hasina_resignation_2026_election__participant_person__004__neighbor__bn_hasina_resignation_2026_election_neighbor_1__en__surface_003	bn_hasina_resignation_2026_election	bn_hasina_resignation_2026_election__participant_person__004	neighbor	surface	participant_person	True	ok	none	5	5	5	5	Accurate and fluent translation.	Under whose leadership did the Bangladesh Nationalist Party achieve a sweeping victory in the 2026 election?	Tarique Rahman	ภายใต้การนำของใครที่ทำให้พรรคชาตินิยมบังกลาเทศได้รับชัยชนะอย่างถล่มทลายในการเลือกตั้งปี 2026?	ทาริก เราะห์มาน	Under whose leadership did the Bangladesh Nationalist Party win a landslide victory in the 2026 election?	Tarique Rahman
th	th:045:es_venezuela_crisis_uruguay_election__international_reaction_country__009__neighbor__es_venezuela_crisis_uruguay_election_neighbor_neighbor_intl_reaction_9__th__core	es_venezuela_crisis_uruguay_election__international_reaction_country__009__neighbor__es_venezuela_crisis_uruguay_election_neighbor_neighbor_intl_reaction_9__th__core	es_venezuela_crisis_uruguay_election__international_reaction_country__009__neighbor__es_venezuela_crisis_uruguay_election_neighbor_neighbor_intl_reaction_9__en__core	es_venezuela_crisis_uruguay_election	es_venezuela_crisis_uruguay_election__international_reaction_country__009	neighbor	core	international_reaction_country	True	ok	none	5	5	5	5	Accurate and fluent translation.	Which country's government issued a statement congratulating Orsi on his victory in the 2024 Uruguayan general election?	Spain	รัฐบาลของประเทศใดออกแถลงการณ์แสดงความยินดีกับชัยชนะของออร์ซีในการเลือกตั้งทั่วไปของอุรุกวัยปี 2024	สเปน	The government of which country issued a statement congratulating Orsi's victory in the 2024 Uruguayan general election?	Spain
th	th:046:en_uk_riots_southport_stabbings__involved_city_or_town__001__target__en_uk_riots_southport_stabbings_target_target_city_1__th__core	en_uk_riots_southport_stabbings__involved_city_or_town__001__target__en_uk_riots_southport_stabbings_target_target_city_1__th__core	en_uk_riots_southport_stabbings__involved_city_or_town__001__target__en_uk_riots_southport_stabbings_target_target_city_1__en__core	en_uk_riots_southport_stabbings	en_uk_riots_southport_stabbings__involved_city_or_town__001	target	core	involved_city_or_town	True	ok	none	5	5	5	5	Accurate and fluent translation.	In which town did the 2024 United Kingdom race riots begin?	Southport	เหตุจลาจลทางเชื้อชาติในสหราชอาณาจักรปี 2024 เริ่มต้นขึ้นในเมืองใด	เซาท์พอร์ต	In which city did the 2024 United Kingdom race riots start?	Southport
th	th:047:sw_tanzania_protests_general_election__casualty_report__007__target__sw_tanzania_protests_general_election_target_target_casualty_4__th__surface_001	sw_tanzania_protests_general_election__casualty_report__007__target__sw_tanzania_protests_general_election_target_target_casualty_4__th__surface_001	sw_tanzania_protests_general_election__casualty_report__007__target__sw_tanzania_protests_general_election_target_target_casualty_4__en__surface_001	sw_tanzania_protests_general_election	sw_tanzania_protests_general_election__casualty_report__007	target	surface	casualty_report	True	ok	none	5	5	5	5	Accurate and fluent translation.	What is the death toll of the 2025 Tanzanian election protests as stated in the April 2026 government commission report?	518	ยอดผู้เสียชีวิตจากการประท้วงการเลือกตั้งในแทนซาเนียปี 2025 ตามที่ระบุในรายงานของคณะกรรมาธิการรัฐบาลเมื่อเดือนเมษายน 2026 คือเท่าใด	518	What is the death toll from the 2025 Tanzania election protests as stated in the government commission report in April 2026?	518
th	th:048:de_aschaffenburg_stabbing_merz_cabinet__participant__008__target__de_aschaffenburg_stabbing_merz_cabinet_target_target_participant_1__th__surface_002	de_aschaffenburg_stabbing_merz_cabinet__participant__008__target__de_aschaffenburg_stabbing_merz_cabinet_target_target_participant_1__th__surface_002	de_aschaffenburg_stabbing_merz_cabinet__participant__008__target__de_aschaffenburg_stabbing_merz_cabinet_target_target_participant_1__en__surface_002	de_aschaffenburg_stabbing_merz_cabinet	de_aschaffenburg_stabbing_merz_cabinet__participant__008	target	surface	participant	True	ok	none	5	5	5	5	Accurate and fluent translation.	Name the person responsible for the 2025 Aschaffenburg stabbing attack.	Enamullah Omarzai	จงระบุชื่อบุคคลที่รับผิดชอบต่อเหตุการณ์ไล่แทงคนในเมืองอชัฟเฟนบวร์กปี 2025	เอนามุลลาห์ โอมาร์ไซ	Name the person responsible for the 2025 Aschaffenburg stabbing incident.	Enamullah Omarzai
th	th:049:es_venezuela_crisis_uruguay_election__international_reaction_country__009__target__es_venezuela_crisis_uruguay_election_target_target_intl_reaction_9__th__surface_002	es_venezuela_crisis_uruguay_election__international_reaction_country__009__target__es_venezuela_crisis_uruguay_election_target_target_intl_reaction_9__th__surface_002	es_venezuela_crisis_uruguay_election__international_reaction_country__009__target__es_venezuela_crisis_uruguay_election_target_target_intl_reaction_9__en__surface_002	es_venezuela_crisis_uruguay_election	es_venezuela_crisis_uruguay_election__international_reaction_country__009	target	surface	international_reaction_country	True	ok	none	5	5	5	5	Accurate and fluent translation.	Following the 2024 Venezuelan political crisis, which country's government officially rejected the results and asked for verification?	Mexico	หลังวิกฤตการณ์ทางการเมืองของเวเนซุเอลาปี 2024 รัฐบาลของประเทศใดที่ปฏิเสธผลอย่างเป็นทางการและเรียกร้องให้มีการตรวจสอบ?	เม็กซิโก	After the 2024 Venezuelan political crisis, the government of which country rejected the official results and called for an investigation?	Mexico
th	th:050:sw_goma_offensive_drc_rwanda_peace__key_figure__012__neighbor__sw_goma_offensive_drc_rwanda_peace_neighbor_neighbor_card_15__th__surface_001	sw_goma_offensive_drc_rwanda_peace__key_figure__012__neighbor__sw_goma_offensive_drc_rwanda_peace_neighbor_neighbor_card_15__th__surface_001	sw_goma_offensive_drc_rwanda_peace__key_figure__012__neighbor__sw_goma_offensive_drc_rwanda_peace_neighbor_neighbor_card_15__en__surface_001	sw_goma_offensive_drc_rwanda_peace	sw_goma_offensive_drc_rwanda_peace__key_figure__012	neighbor	surface	key_figure	True	ok	none	5	5	5	5	Accurate and fluent translation.	Who was the U.S. Secretary of State that supervised the signing of the 2025 DRC–Rwanda peace agreement?	Marco Rubio	ใครคือรัฐมนตรีว่าการกระทรวงการต่างประเทศสหรัฐฯ ที่กำกับดูแลการลงนามข้อตกลงสันติภาพสาธารณรัฐประชาธิปไตยคองโก-รวันดา ปี 2025	มาร์โก รูบิโอ	Who is the US Secretary of State that oversaw the signing of the 2025 Democratic Republic of the Congo-Rwanda peace agreement?	Marco Rubio
th	th:051:fr_imane_khelif_olympic_boxing__event_year__006__target__fr_imane_khelif_olympic_boxing_target_14__th__surface_002	fr_imane_khelif_olympic_boxing__event_year__006__target__fr_imane_khelif_olympic_boxing_target_14__th__surface_002	fr_imane_khelif_olympic_boxing__event_year__006__target__fr_imane_khelif_olympic_boxing_target_14__en__surface_002	fr_imane_khelif_olympic_boxing	fr_imane_khelif_olympic_boxing__event_year__006	target	surface	event_year	True	ok	none	5	5	5	5	Perfect translation.	When did Imane Khelif become the Olympic gold medalist in the women's welterweight division?	2024	อิมาน เคลิฟ ได้เป็นเจ้าของเหรียญทองโอลิมปิกในรุ่นเวลเตอร์เวทหญิงเมื่อใด	2024	When did Imane Khelif win the Olympic gold medal in the women's welterweight division?	2024
th	th:052:bn_hasina_resignation_2026_election__participant_person__005__target__bn_hasina_resignation_2026_election_target_2__th__surface_003	bn_hasina_resignation_2026_election__participant_person__005__target__bn_hasina_resignation_2026_election_target_2__th__surface_003	bn_hasina_resignation_2026_election__participant_person__005__target__bn_hasina_resignation_2026_election_target_2__en__surface_003	bn_hasina_resignation_2026_election	bn_hasina_resignation_2026_election__participant_person__005	target	surface	participant_person	True	ok	none	5	5	5	5	Accurate and natural.	Who was the family member that left the country on a helicopter with Sheikh Hasina?	Sheikh Rehana	ใครคือสมาชิกในครอบครัวที่เดินทางออกจากประเทศด้วยเฮลิคอปเตอร์พร้อมกับชีค ฮาซีนา?	ชีค เรฮานา	Who is the family member that left the country by helicopter with Sheikh Hasina?	Sheikh Rehana
th	th:053:ar_syrian_offensives_transitional_government__leadership_role__007__neighbor__ar_syrian_offensives_transitional_government_neighbor_neighbor_leadership_1__th__surface_003	ar_syrian_offensives_transitional_government__leadership_role__007__neighbor__ar_syrian_offensives_transitional_government_neighbor_neighbor_leadership_1__th__surface_003	ar_syrian_offensives_transitional_government__leadership_role__007__neighbor__ar_syrian_offensives_transitional_government_neighbor_neighbor_leadership_1__en__surface_003	ar_syrian_offensives_transitional_government	ar_syrian_offensives_transitional_government__leadership_role__007	neighbor	surface	leadership_role	True	ok	none	5	5	5	5	Excellent translation.	The Syrian transitional government was set up under the presidency of which key figure?	Ahmed al-Sharaa	รัฐบาลเปลี่ยนผ่านซีเรียถูกจัดตั้งขึ้นภายใต้การเป็นประธานาธิบดีของบุคคลสำคัญคนใด?	อาเหม็ด อัล-ชารา	The Syrian Transitional Government was established under the presidency of which important figure?	Ahmed al-Shara
th	th:054:fr_pelicot_case_gisele_pelicot__significant_location__008__neighbor__fr_pelicot_case_gisele_pelicot_neighbor_neighbor_significant_location_2__th__surface_003	fr_pelicot_case_gisele_pelicot__significant_location__008__neighbor__fr_pelicot_case_gisele_pelicot_neighbor_neighbor_significant_location_2__th__surface_003	fr_pelicot_case_gisele_pelicot__significant_location__008__neighbor__fr_pelicot_case_gisele_pelicot_neighbor_neighbor_significant_location_2__en__surface_003	fr_pelicot_case_gisele_pelicot	fr_pelicot_case_gisele_pelicot__significant_location__008	neighbor	surface	significant_location	True	ok	none	5	5	5	5	Accurate and fluent.	Where was the opening of the trial for Dominique and fifty other men held?	Avignon	การเปิดการพิจารณาคดีของโดมินิกและชายคนอื่นๆ อีก 50 คนจัดขึ้นที่ไหน	อาวีญง	Where was the opening of the trial of Dominique and 50 other men held?	Avignon
th	th:055:fr_imane_khelif_olympic_boxing__location_or_venue__003__target__fr_imane_khelif_olympic_boxing_target_16__th__surface_001	fr_imane_khelif_olympic_boxing__location_or_venue__003__target__fr_imane_khelif_olympic_boxing_target_16__th__surface_001	fr_imane_khelif_olympic_boxing__location_or_venue__003__target__fr_imane_khelif_olympic_boxing_target_16__en__surface_001	fr_imane_khelif_olympic_boxing	fr_imane_khelif_olympic_boxing__location_or_venue__003	target	surface	location_or_venue	True	ok	none	5	5	5	5	Accurate translation.	To which city did Imane Khelif travel for her training sessions?	Tiaret	อิมาน เคลิฟ เดินทางไปยังเมืองใดเพื่อเข้ารับการฝึกซ้อม?	เทียเรต	Which city did Imane Khelif travel to for training?	Tiaret
th	th:056:zh_shenzhen_stabbing_wuxi_stabbing__incident_locations__002__target__zh_shenzhen_stabbing_wuxi_stabbing_target_target_loc_1__th__surface_003	zh_shenzhen_stabbing_wuxi_stabbing__incident_locations__002__target__zh_shenzhen_stabbing_wuxi_stabbing_target_target_loc_1__th__surface_003	zh_shenzhen_stabbing_wuxi_stabbing__incident_locations__002__target__zh_shenzhen_stabbing_wuxi_stabbing_target_target_loc_1__en__surface_003	zh_shenzhen_stabbing_wuxi_stabbing	zh_shenzhen_stabbing_wuxi_stabbing__incident_locations__002	target	surface	incident_locations	True	ok	none	5	5	5	5	Accurate and natural.	The 2024 stabbing of a Japanese schoolboy happened in which Guangdong city?	Shenzhen	เหตุการณ์แทงเด็กนักเรียนชายชาวญี่ปุ่นในปี 2024 เกิดขึ้นที่เมืองใดในมณฑลกวางตุ้ง?	เซินเจิ้น	In which city in Guangdong province did the 2024 stabbing incident of a Japanese schoolboy occur?	Shenzhen
th	th:057:ja_hyuga_nada_earthquake_expo_pavilions__cancelled_or_delayed_entity__006__neighbor__ja_hyuga_nada_earthquake_expo_pavilions_neighbor_neighbor_cancelled_2__th__surface_002	ja_hyuga_nada_earthquake_expo_pavilions__cancelled_or_delayed_entity__006__neighbor__ja_hyuga_nada_earthquake_expo_pavilions_neighbor_neighbor_cancelled_2__th__surface_002	ja_hyuga_nada_earthquake_expo_pavilions__cancelled_or_delayed_entity__006__neighbor__ja_hyuga_nada_earthquake_expo_pavilions_neighbor_neighbor_cancelled_2__en__surface_002	ja_hyuga_nada_earthquake_expo_pavilions	ja_hyuga_nada_earthquake_expo_pavilions__cancelled_or_delayed_entity__006	neighbor	surface	cancelled_or_delayed_entity	True	ok	none	5	5	5	5	Accurate and natural.	What was delayed until December 2024 regarding Malta's pavilion at Expo 2025?	construction	อะไรที่ถูกเลื่อนออกไปจนถึงเดือนธันวาคม 2024 เกี่ยวกับพาวิลเลียนของมอลตาในงาน Expo 2025	การก่อสร้าง	What was delayed until December 2024 regarding Malta's pavilion at Expo 2025?	Construction
th	th:058:en_brian_thompson_killing_luigi_mangione__key_locations__013__neighbor__en_brian_thompson_killing_luigi_mangione_neighbor_neighbor_key_locations_3__th__surface_003	en_brian_thompson_killing_luigi_mangione__key_locations__013__neighbor__en_brian_thompson_killing_luigi_mangione_neighbor_neighbor_key_locations_3__th__surface_003	en_brian_thompson_killing_luigi_mangione__key_locations__013__neighbor__en_brian_thompson_killing_luigi_mangione_neighbor_neighbor_key_locations_3__en__surface_003	en_brian_thompson_killing_luigi_mangione	en_brian_thompson_killing_luigi_mangione__key_locations__013	neighbor	surface	key_locations	True	ok	none	5	5	5	5	Accurate translation; loanword for co-living space is commonly used.	Luigi Mangione stayed at a co-living space situated in which city?	Honolulu	ลุยจิ แมนจิโอเน พักอยู่ที่โคลิฟวิ่งสเปซซึ่งตั้งอยู่ในเมืองใด	โฮโนลูลู	Luigi Mangione stayed at a co-living space which is located in which city?	Honolulu
th	th:059:es_venezuela_protests_presidential_election__involved_person__013__target__es_venezuela_protests_presidential_election_target_target_involved_person_4__th__core	es_venezuela_protests_presidential_election__involved_person__013__target__es_venezuela_protests_presidential_election_target_target_involved_person_4__th__core	es_venezuela_protests_presidential_election__involved_person__013__target__es_venezuela_protests_presidential_election_target_target_involved_person_4__en__core	es_venezuela_protests_presidential_election	es_venezuela_protests_presidential_election__involved_person__013	target	core	involved_person	True	ok	none	5	5	5	5	Accurate and natural.	Who is a key figure involved in the 2024 Venezuelan presidential election protests?	Tarek William Saab	ใครคือบุคคลสำคัญที่มีส่วนเกี่ยวข้องในการประท้วงการเลือกตั้งประธานาธิบดีเวเนซุเอลาปี 2024	ทาเรค วิลเลียม ซาบ	Who is a key figure involved in the 2024 Venezuela presidential election protests?	Tarek William Saab
th	th:060:es_venezuela_crisis_uruguay_election__international_reaction_country__003__target__es_venezuela_crisis_uruguay_election_target_target_intl_reaction_3__th__surface_003	es_venezuela_crisis_uruguay_election__international_reaction_country__003__target__es_venezuela_crisis_uruguay_election_target_target_intl_reaction_3__th__surface_003	es_venezuela_crisis_uruguay_election__international_reaction_country__003__target__es_venezuela_crisis_uruguay_election_target_target_intl_reaction_3__en__surface_003	es_venezuela_crisis_uruguay_election	es_venezuela_crisis_uruguay_election__international_reaction_country__003	target	surface	international_reaction_country	True	ok	none	5	5	5	5	Perfect translation.	Which state extended congratulations to Maduro, recognizing him as the victor of the 2024 Venezuelan election?	Nicaragua	รัฐใดที่แสดงความยินดีกับมาดูโร โดยรับรองว่าเขาเป็นผู้ชนะในการเลือกตั้งเวเนซุเอลาปี 2024	นิการากัว	Which state congratulated Maduro by recognizing him as the winner in the 2024 Venezuelan election?	Nicaragua
th	th:061:en_tesla_vandalism_doge__key_person__005__target__en_tesla_vandalism_doge_target_target_key_person_2__th__core	en_tesla_vandalism_doge__key_person__005__target__en_tesla_vandalism_doge_target_target_key_person_2__th__core	en_tesla_vandalism_doge__key_person__005__target__en_tesla_vandalism_doge_target_target_key_person_2__en__core	en_tesla_vandalism_doge	en_tesla_vandalism_doge__key_person__005	target	core	key_person	True	ok	none	5	5	5	5	Perfect translation.	Which Attorney General labeled the 2025 Tesla vandalism as domestic terrorism?	Pam Bondi	อัยการสูงสุดท่านใดระบุว่าเหตุการณ์ทำลายทรัพย์สินของเทสลาในปี 2025 เป็นการก่อการร้ายในประเทศ?	แพม บอนดี	Which Attorney General stated that the vandalism of Tesla in 2025 was domestic terrorism?	Pam Bondi
th	th:062:de_solingen_stabbing_magdeburg_attack__attack_location__002__neighbor__de_solingen_stabbing_magdeburg_attack_neighbor_de_magdeburg_attack_location_1__th__surface_002	de_solingen_stabbing_magdeburg_attack__attack_location__002__neighbor__de_solingen_stabbing_magdeburg_attack_neighbor_de_magdeburg_attack_location_1__th__surface_002	de_solingen_stabbing_magdeburg_attack__attack_location__002__neighbor__de_solingen_stabbing_magdeburg_attack_neighbor_de_magdeburg_attack_location_1__en__surface_002	de_solingen_stabbing_magdeburg_attack	de_solingen_stabbing_magdeburg_attack__attack_location__002	neighbor	surface	attack_location	True	ok	none	5	5	5	5	Accurate and natural.	What is the location of the Christmas market where an SUV was driven into a crowd?	Magdeburg	สถานที่ตั้งของตลาดคริสต์มาสที่เกิดเหตุรถ SUV ขับพุ่งชนฝูงชนคือที่ใด	มักเดอบวร์ก	What is the location of the Christmas market where an SUV drove into a crowd?	Magdeburg
th	th:063:sw_goma_offensive_drc_rwanda_peace__involved_country__006__neighbor__sw_goma_offensive_drc_rwanda_peace_neighbor_neighbor_card_2__th__surface_002	sw_goma_offensive_drc_rwanda_peace__involved_country__006__neighbor__sw_goma_offensive_drc_rwanda_peace_neighbor_neighbor_card_2__th__surface_002	sw_goma_offensive_drc_rwanda_peace__involved_country__006__neighbor__sw_goma_offensive_drc_rwanda_peace_neighbor_neighbor_card_2__en__surface_002	sw_goma_offensive_drc_rwanda_peace	sw_goma_offensive_drc_rwanda_peace__involved_country__006	neighbor	surface	involved_country	True	ok	none	5	5	5	5	Perfect translation.	The 2025 peace agreement involving the Democratic Republic of the Congo was established to end a conflict with which other nation?	Rwanda	ข้อตกลงสันติภาพปี 2025 ที่เกี่ยวข้องกับสาธารณรัฐประชาธิปไตยคองโกถูกจัดทำขึ้นเพื่อยุติความขัดแย้งกับประเทศใด?	รวันดา	The 2025 peace agreement involving the Democratic Republic of the Congo was established to end the conflict with which country?	Rwanda
th	th:064:th_political_crisis_same_sex_marriage__key_figure__008__neighbor__th_political_crisis_same_sex_marriage_neighbor_th_same_sex_marriage_key_figure_5__th__surface_001	th_political_crisis_same_sex_marriage__key_figure__008__neighbor__th_political_crisis_same_sex_marriage_neighbor_th_same_sex_marriage_key_figure_5__th__surface_001	th_political_crisis_same_sex_marriage__key_figure__008__neighbor__th_political_crisis_same_sex_marriage_neighbor_th_same_sex_marriage_key_figure_5__en__surface_001	th_political_crisis_same_sex_marriage	th_political_crisis_same_sex_marriage__key_figure__008	neighbor	surface	key_figure	True	ok	none	5	5	5	5	Excellent localized phrasing.	Who is the Prime Minister that took to social media to welcome the promulgation of the Marriage Equality Act?	Paetongtarn Shinawatra	นายกรัฐมนตรีคนใดที่ออกมาแสดงความยินดีผ่านโซเชียลมีเดียต่อการประกาศใช้พระราชบัญญัติสมรสเท่าเทียม	แพทองธาร ชินวัตร	Which prime minister expressed congratulations via social media on the enactment of the Marriage Equality Act?	Paetongtarn Shinawatra
th	th:065:en_tesla_vandalism_doge__associated_legal_issue__009__target__en_tesla_vandalism_doge_target_target_associated_legal_issue_1__th__core	en_tesla_vandalism_doge__associated_legal_issue__009__target__en_tesla_vandalism_doge_target_target_associated_legal_issue_1__th__core	en_tesla_vandalism_doge__associated_legal_issue__009__target__en_tesla_vandalism_doge_target_target_associated_legal_issue_1__en__core	en_tesla_vandalism_doge	en_tesla_vandalism_doge__associated_legal_issue__009	target	core	associated_legal_issue	True	ok	none	5	5	5	5	Clear and faithful translation.	What legal classification did the FBI and Attorney General Pam Bondi apply to the 2025 Tesla vandalism?	domestic terrorism	FBI และอัยการสูงสุด แพม บอนดี ใช้การจัดประเภททางกฎหมายใดกับเหตุการณ์ทำลายทรัพย์สินของเทสลาในปี 2025?	การก่อการร้ายในประเทศ	What legal classification did the FBI and Attorney General Pam Bondi use for the Tesla vandalism incident in 2025?	Domestic terrorism
th	th:066:ar_lebanon_device_attacks_hq_strike__reaction_by_country_or_org__003__neighbor__ar_lebanon_device_attacks_hq_strike_neighbor_reaction_2__th__core	ar_lebanon_device_attacks_hq_strike__reaction_by_country_or_org__003__neighbor__ar_lebanon_device_attacks_hq_strike_neighbor_reaction_2__th__core	ar_lebanon_device_attacks_hq_strike__reaction_by_country_or_org__003__neighbor__ar_lebanon_device_attacks_hq_strike_neighbor_reaction_2__en__core	ar_lebanon_device_attacks_hq_strike	ar_lebanon_device_attacks_hq_strike__reaction_by_country_or_org__003	neighbor	core	reaction_by_country_or_org	True	ok	none	5	5	5	5	Well translated, especially the quoted phrase.	"Which country reacted to the 2024 Hezbollah headquarters strike by condemning the ""cowardly selective murder"" of Nasrallah?"	Cuba	"ประเทศใดมีปฏิกิริยาต่อเหตุการณ์โจมตีศูนย์บัญชาการฮิซบอลเลาะห์ในปี 2024 ด้วยการประณาม ""การฆาตกรรมแบบเจาะจงอย่างขี้ขลาด"" ต่อนัสรัลเลาะห์?"	คิวบา	"Which country reacted to the 2024 attack on the Hezbollah headquarters by condemning the ""cowardly targeted assassination"" of Nasrallah?"	Cuba
th	th:067:es_catatumbo_clashes_ecuador_election__location__004__target__es_catatumbo_clashes_ecuador_election_target_target_location_5__th__surface_002	es_catatumbo_clashes_ecuador_election__location__004__target__es_catatumbo_clashes_ecuador_election_target_target_location_5__th__surface_002	es_catatumbo_clashes_ecuador_election__location__004__target__es_catatumbo_clashes_ecuador_election_target_target_location_5__en__surface_002	es_catatumbo_clashes_ecuador_election	es_catatumbo_clashes_ecuador_election__location__004	target	surface	location	True	ok	none	5	5	5	5	Perfect translation.	What city received thousands of people fleeing the 2025 Catatumbo clashes?	Cúcuta	เมืองใดรองรับผู้คนหลายพันคนที่หลบหนีจากการปะทะกันที่กาตาตุมโบในปี 2025	กูกูตา	Which city accommodated thousands of people fleeing from the clashes in Catatumbo in 2025?	Cúcuta
th	th:068:sw_kenyan_protests_albert_ojwang__location__002__target__sw_kenyan_protests_albert_ojwang_target_target_location_3__th__core	sw_kenyan_protests_albert_ojwang__location__002__target__sw_kenyan_protests_albert_ojwang_target_target_location_3__th__core	sw_kenyan_protests_albert_ojwang__location__002__target__sw_kenyan_protests_albert_ojwang_target_target_location_3__en__core	sw_kenyan_protests_albert_ojwang	sw_kenyan_protests_albert_ojwang__location__002	target	core	location	True	ok	none	5	5	5	5	Perfect translation.	What government building was stormed during the 2024 Kenya Finance Bill protests?	Parliament	อาคารรัฐบาลแห่งใดที่ถูกบุกในระหว่างการประท้วงร่างพระราชบัญญัติการเงินของเคนยาปี 2024	รัฐสภา	Which government building was stormed during the 2024 Kenya Finance Bill protests?	Parliament
th	th:069:ar_lebanon_device_attacks_hq_strike__statement_by_key_figure__014__target__ar_lebanon_device_attacks_hq_strike_target_statement_2__th__surface_002	ar_lebanon_device_attacks_hq_strike__statement_by_key_figure__014__target__ar_lebanon_device_attacks_hq_strike_target_statement_2__th__surface_002	ar_lebanon_device_attacks_hq_strike__statement_by_key_figure__014__target__ar_lebanon_device_attacks_hq_strike_target_statement_2__en__surface_002	ar_lebanon_device_attacks_hq_strike	ar_lebanon_device_attacks_hq_strike__statement_by_key_figure__014	target	surface	statement_by_key_figure	True	ok	none	5	5	5	5	Accurate and natural.	Name the person who publicly confirmed Israel's involvement in the 2024 Lebanon electronic device attacks.	Benjamin Netanyahu	จงบอกชื่อบุคคลที่ยืนยันต่อสาธารณชนถึงความเกี่ยวข้องของอิสราเอลในการโจมตีด้วยอุปกรณ์อิเล็กทรอนิกส์ในเลบานอนปี 2024	เบนจามิน เนทันยาฮู	Name the person who publicly confirmed Israel's involvement in the 2024 electronic device attacks in Lebanon.	Benjamin Netanyahu
th	th:070:ar_haniyeh_assassination_masoud_pezeshkian__associated_person__010__target__ar_haniyeh_assassination_masoud_pezeshkian_target_4__th__surface_001	ar_haniyeh_assassination_masoud_pezeshkian__associated_person__010__target__ar_haniyeh_assassination_masoud_pezeshkian_target_4__th__surface_001	ar_haniyeh_assassination_masoud_pezeshkian__associated_person__010__target__ar_haniyeh_assassination_masoud_pezeshkian_target_4__en__surface_001	ar_haniyeh_assassination_masoud_pezeshkian	ar_haniyeh_assassination_masoud_pezeshkian__associated_person__010	target	surface	associated_person	True	ok	none	5	5	5	5	Perfect translation.	Who was the Hamas deputy killed in a Beirut airstrike?	Saleh al-Arouri	ใครคือรองผู้นำฮามาสที่ถูกสังหารในการโจมตีทางอากาศที่กรุงเบรุต	ซาเลห์ อัล-อารูรี	Who is the deputy leader of Hamas who was killed in an airstrike in Beirut?	Saleh al-Arouri
th	th:071:sw_tanzania_protests_general_election__event_location__002__target__sw_tanzania_protests_general_election_target_target_loc_2__th__core	sw_tanzania_protests_general_election__event_location__002__target__sw_tanzania_protests_general_election_target_target_loc_2__th__core	sw_tanzania_protests_general_election__event_location__002__target__sw_tanzania_protests_general_election_target_target_loc_2__en__core	sw_tanzania_protests_general_election	sw_tanzania_protests_general_election__event_location__002	target	core	event_location	True	ok	none	5	5	5	5	Accurate and natural translation.	Where did the 2025 Tanzanian election protests continue on October 30?	Arusha	การประท้วงการเลือกตั้งแทนซาเนียปี 2025 ดำเนินต่อไปที่ใดในวันที่ 30 ตุลาคม	อารูชา	Where did the 2025 Tanzania election protests continue on October 30?	Arusha
th	th:072:es_venezuela_protests_presidential_election__event_location__004__target__es_venezuela_protests_presidential_election_target_target_event_location_1__th__core	es_venezuela_protests_presidential_election__event_location__004__target__es_venezuela_protests_presidential_election_target_target_event_location_1__th__core	es_venezuela_protests_presidential_election__event_location__004__target__es_venezuela_protests_presidential_election_target_target_event_location_1__en__core	es_venezuela_protests_presidential_election	es_venezuela_protests_presidential_election__event_location__004	target	core	event_location	True	ok	none	5	5	5	5	Accurate and natural translation.	Which city is a location where the 2024 Venezuelan presidential election protests occurred?	Caracas	เมืองใดเป็นสถานที่เกิดการประท้วงการเลือกตั้งประธานาธิบดีเวเนซุเอลาปี 2024	การากัส	Which city was the location of the 2024 Venezuelan presidential election protests?	Caracas
th	th:073:ar_haniyeh_assassination_masoud_pezeshkian__associated_country__004__target__ar_haniyeh_assassination_masoud_pezeshkian_target_14__th__core	ar_haniyeh_assassination_masoud_pezeshkian__associated_country__004__target__ar_haniyeh_assassination_masoud_pezeshkian_target_14__th__core	ar_haniyeh_assassination_masoud_pezeshkian__associated_country__004__target__ar_haniyeh_assassination_masoud_pezeshkian_target_14__en__core	ar_haniyeh_assassination_masoud_pezeshkian	ar_haniyeh_assassination_masoud_pezeshkian__associated_country__004	target	core	associated_country	True	ok	none	5	5	5	5	Accurate and natural translation.	Which country declared a day of mourning for Ismail Haniyeh?	Turkey	ประเทศใดประกาศวันไว้อาลัยให้กับอิสมาอิล ฮานิเยห์?	ตุรกี	Which country declared a day of mourning for Ismail Haniyeh?	Turkey
th	th:074:zh_zhuhai_car_attack_wuxi_stabbing__casualty_count__004__target__zh_zhuhai_car_attack_wuxi_stabbing_target_zhuhai_cas_1__th__surface_002	zh_zhuhai_car_attack_wuxi_stabbing__casualty_count__004__target__zh_zhuhai_car_attack_wuxi_stabbing_target_zhuhai_cas_1__th__surface_002	zh_zhuhai_car_attack_wuxi_stabbing__casualty_count__004__target__zh_zhuhai_car_attack_wuxi_stabbing_target_zhuhai_cas_1__en__surface_002	zh_zhuhai_car_attack_wuxi_stabbing	zh_zhuhai_car_attack_wuxi_stabbing__casualty_count__004	target	surface	casualty_count	True	ok	none	5	5	5	5	Accurate and natural translation.	How many people were killed in the 2024 Zhuhai car attack?	38	มีผู้เสียชีวิตกี่คนในเหตุโจมตีด้วยรถยนต์ที่จูไห่ปี 2024	38	How many people died in the 2024 Zhuhai car attack?	38
th	th:075:th_political_crisis_same_sex_marriage__involved_organization__011__neighbor__th_political_crisis_same_sex_marriage_neighbor_th_same_sex_marriage_involved_organization_4__th__surface_003	th_political_crisis_same_sex_marriage__involved_organization__011__neighbor__th_political_crisis_same_sex_marriage_neighbor_th_same_sex_marriage_involved_organization_4__th__surface_003	th_political_crisis_same_sex_marriage__involved_organization__011__neighbor__th_political_crisis_same_sex_marriage_neighbor_th_same_sex_marriage_involved_organization_4__en__surface_003	th_political_crisis_same_sex_marriage	th_political_crisis_same_sex_marriage__involved_organization__011	neighbor	surface	involved_organization	True	ok	none	5	5	5	5	Excellent translation that appropriately uses formal legal terminology.	Name the institution that upheld the constitutionality of section 1448 of the Civil and Commercial Code in 2021.	Constitutional Court	จงระบุชื่อสถาบันที่วินิจฉัยรับรองความชอบด้วยรัฐธรรมนูญของประมวลกฎหมายแพ่งและพาณิชย์ มาตรา 1448 ในปี ค.ศ. 2021	ศาลรัฐธรรมนูญ	Name the institution that ruled to uphold the constitutionality of Section 1448 of the Civil and Commercial Code in 2021.	Constitutional Court
th	th:076:fr_pelicot_case_gisele_pelicot__significant_location__008__neighbor__fr_pelicot_case_gisele_pelicot_neighbor_neighbor_significant_location_2__th__surface_001	fr_pelicot_case_gisele_pelicot__significant_location__008__neighbor__fr_pelicot_case_gisele_pelicot_neighbor_neighbor_significant_location_2__th__surface_001	fr_pelicot_case_gisele_pelicot__significant_location__008__neighbor__fr_pelicot_case_gisele_pelicot_neighbor_neighbor_significant_location_2__en__surface_001	fr_pelicot_case_gisele_pelicot	fr_pelicot_case_gisele_pelicot__significant_location__008	neighbor	surface	significant_location	True	ok	none	5	5	5	5	Accurate and natural translation.	In which city did the trial involving Dominique and fifty other men start?	Avignon	การพิจารณาคดีที่เกี่ยวข้องกับโดมินิกและชายอีกห้าสิบคนเริ่มต้นขึ้นในเมืองใด	อาวีญง	In which city did the trial involving Dominique and fifty other men begin?	Avignon
th	th:077:sw_kenyan_protests_albert_ojwang__location__002__neighbor__sw_kenyan_protests_albert_ojwang_neighbor_neighbor_location_1__th__core	sw_kenyan_protests_albert_ojwang__location__002__neighbor__sw_kenyan_protests_albert_ojwang_neighbor_neighbor_location_1__th__core	sw_kenyan_protests_albert_ojwang__location__002__neighbor__sw_kenyan_protests_albert_ojwang_neighbor_neighbor_location_1__en__core	sw_kenyan_protests_albert_ojwang	sw_kenyan_protests_albert_ojwang__location__002	neighbor	core	location	True	ok	none	5	5	5	5	Accurate and natural translation.	In which city did Albert Omondi Ojwang die in police detention?	Nairobi	อัลเบิร์ต โอมอนดี โอจวัง เสียชีวิตระหว่างถูกตำรวจควบคุมตัวในเมืองใด	ไนโรบี	In which city did Albert Omondi Ojwang die while in police custody?	Nairobi
th	th:078:fr_olympics_opening_closing_ceremony__dignitary_present__009__neighbor__fr_olympics_opening_closing_ceremony_neighbor_neighbor_dignitary_present_2__th__surface_001	fr_olympics_opening_closing_ceremony__dignitary_present__009__neighbor__fr_olympics_opening_closing_ceremony_neighbor_neighbor_dignitary_present_2__th__surface_001	fr_olympics_opening_closing_ceremony__dignitary_present__009__neighbor__fr_olympics_opening_closing_ceremony_neighbor_neighbor_dignitary_present_2__en__surface_001	fr_olympics_opening_closing_ceremony	fr_olympics_opening_closing_ceremony__dignitary_present__009	neighbor	surface	dignitary_present	True	ok	none	5	5	5	5	Accurate and natural translation.	Who delivered a speech at the 2024 Summer Olympics closing ceremony as the president of the organizing committee?	Tony Estanguet	ใครกล่าวสุนทรพจน์ในพิธีปิดโอลิมปิกฤดูร้อน 2024 ในฐานะประธานคณะกรรมการจัดการแข่งขัน?	โทนี เอสตองเกต์	Who gave a speech at the 2024 Summer Olympics closing ceremony as the president of the organizing committee?	Tony Estanguet
th	th:079:ar_haniyeh_assassination_masoud_pezeshkian__associated_country__003__target__ar_haniyeh_assassination_masoud_pezeshkian_target_11__th__surface_001	ar_haniyeh_assassination_masoud_pezeshkian__associated_country__003__target__ar_haniyeh_assassination_masoud_pezeshkian_target_11__th__surface_001	ar_haniyeh_assassination_masoud_pezeshkian__associated_country__003__target__ar_haniyeh_assassination_masoud_pezeshkian_target_11__en__surface_001	ar_haniyeh_assassination_masoud_pezeshkian	ar_haniyeh_assassination_masoud_pezeshkian__associated_country__003	target	surface	associated_country	True	ok	none	5	5	5	5	Accurate and natural translation.	Where did Ismail Haniyeh reside after departing from the Gaza Strip in 2019?	Qatar	อิสมาอิล ฮานิเยห์ พำนักอยู่ที่ไหนหลังจากเดินทางออกจากฉนวนกาซาในปี 2019?	กาตาร์	Where did Ismail Haniyeh reside after leaving the Gaza Strip in 2019?	Qatar
th	th:080:ja_hyogo_gubernatorial_2025_ldp_presidential__candidate__003__neighbor__ja_hyogo_gubernatorial_2025_ldp_presidential_neighbor_neighbor_candidate_1__th__surface_002	ja_hyogo_gubernatorial_2025_ldp_presidential__candidate__003__neighbor__ja_hyogo_gubernatorial_2025_ldp_presidential_neighbor_neighbor_candidate_1__th__surface_002	ja_hyogo_gubernatorial_2025_ldp_presidential__candidate__003__neighbor__ja_hyogo_gubernatorial_2025_ldp_presidential_neighbor_neighbor_candidate_1__en__surface_002	ja_hyogo_gubernatorial_2025_ldp_presidential	ja_hyogo_gubernatorial_2025_ldp_presidential__candidate__003	neighbor	surface	candidate	True	ok	none	5	5	5	5	Accurate and natural translation.	Name a person who stood as a candidate in the 2025 Liberal Democratic Party presidential election.	Sanae Takaichi	ระบุชื่อบุคคลที่เป็นผู้ลงสมัครในการเลือกตั้งประธานพรรคเสรีประชาธิปไตยปี 2025	ซานาเอะ ทาคาอิจิ	Identify the name of the person who is a candidate in the 2025 Liberal Democratic Party presidential election.	Sanae Takaichi
th	th:081:de_munich_car_attack_federal_election__involved_organization__001__target__de_munich_car_attack_federal_election_target_target_involved_organization_1__th__surface_001	de_munich_car_attack_federal_election__involved_organization__001__target__de_munich_car_attack_federal_election_target_target_involved_organization_1__th__surface_001	de_munich_car_attack_federal_election__involved_organization__001__target__de_munich_car_attack_federal_election_target_target_involved_organization_1__en__surface_001	de_munich_car_attack_federal_election	de_munich_car_attack_federal_election__involved_organization__001	target	surface	involved_organization	True	ok	none	5	5	5	5	Accurate and natural translation. Leaving 'ver.di' in Latin script is appropriate.	What organization was behind the protest march affected by the 2025 Munich car attack?	ver.di	องค์กรใดอยู่เบื้องหลังการเดินขบวนประท้วงที่ได้รับผลกระทบจากเหตุการณ์ขับรถพุ่งชนคนในมิวนิกปี 2025	ver.di	Which organization was behind the protest march that was affected by the 2025 Munich car attack?	ver.di
th	th:082:ja_mof_protests_house_councillors__economic_policy_mentioned__011__neighbor__ja_mof_protests_house_councillors_neighbor_neighbor_economic_policy_1__th__surface_001	ja_mof_protests_house_councillors__economic_policy_mentioned__011__neighbor__ja_mof_protests_house_councillors_neighbor_neighbor_economic_policy_1__th__surface_001	ja_mof_protests_house_councillors__economic_policy_mentioned__011__neighbor__ja_mof_protests_house_councillors_neighbor_neighbor_economic_policy_1__en__surface_001	ja_mof_protests_house_councillors	ja_mof_protests_house_councillors__economic_policy_mentioned__011	neighbor	surface	economic_policy_mentioned	True	ok	none	5	5	5	5	Accurate and natural translation.	Broad cuts to which tax were opposed by the LDP and Komeito during the 2025 Japanese House of Councillors election?	consumption tax	การปรับลดภาษีใดในวงกว้างที่ถูกคัดค้านโดยพรรค LDP และพรรคโคเมโตะ ในระหว่างการเลือกตั้งราชมนตรีสภาญี่ปุ่น ปี 2025	ภาษีการบริโภค	Which broad tax cut was opposed by the LDP and Komeito parties during the 2025 Japanese House of Councillors election?	Consumption tax
th	th:083:ja_mof_protests_house_councillors__political_leader_involved__005__neighbor__ja_mof_protests_house_councillors_neighbor_neighbor_political_leader_1__th__surface_003	ja_mof_protests_house_councillors__political_leader_involved__005__neighbor__ja_mof_protests_house_councillors_neighbor_neighbor_political_leader_1__th__surface_003	ja_mof_protests_house_councillors__political_leader_involved__005__neighbor__ja_mof_protests_house_councillors_neighbor_neighbor_political_leader_1__en__surface_003	ja_mof_protests_house_councillors	ja_mof_protests_house_councillors__political_leader_involved__005	neighbor	surface	political_leader_involved	True	ok	none	5	5	5	5	Accurate and natural translation.	Who held the position of Prime Minister in Japan at the time of the 2025 election?	Shigeru Ishiba	ใครดำรงตำแหน่งนายกรัฐมนตรีของญี่ปุ่นในช่วงการเลือกตั้งปี 2025	ชิเงรุ อิชิบะ	Who held the position of Prime Minister of Japan during the 2025 election?	Shigeru Ishiba
th	th:084:es_catatumbo_clashes_ecuador_election__involved_group__007__neighbor__es_catatumbo_clashes_ecuador_election_neighbor_neighbor_involved_group_2__th__surface_001	es_catatumbo_clashes_ecuador_election__involved_group__007__neighbor__es_catatumbo_clashes_ecuador_election_neighbor_neighbor_involved_group_2__th__surface_001	es_catatumbo_clashes_ecuador_election__involved_group__007__neighbor__es_catatumbo_clashes_ecuador_election_neighbor_neighbor_involved_group_2__en__surface_001	es_catatumbo_clashes_ecuador_election	es_catatumbo_clashes_ecuador_election__involved_group__007	neighbor	surface	involved_group	True	ok	none	5	5	5	5	Accurate and natural translation.	What political movement partnered with the Citizen Revolution Movement to create a left-leaning bloc during the 2025 Ecuadorian general election?	RETO Movement	ขบวนการทางการเมืองใดที่ร่วมมือกับขบวนการปฏิวัติพลเมืองเพื่อสร้างกลุ่มการเมืองฝ่ายซ้ายในระหว่างการเลือกตั้งทั่วไปของเอกวาดอร์ ปี 2025	ขบวนการ RETO	Which political movement collaborated with the Citizen Revolution Movement to create a left-wing political group during the 2025 Ecuadorian general election?	RETO Movement
th	th:085:en_brian_thompson_killing_luigi_mangione__involved_legal_figures__015__target__en_brian_thompson_killing_luigi_mangione_target_target_involved_legal_figures_2__th__surface_001	en_brian_thompson_killing_luigi_mangione__involved_legal_figures__015__target__en_brian_thompson_killing_luigi_mangione_target_target_involved_legal_figures_2__th__surface_001	en_brian_thompson_killing_luigi_mangione__involved_legal_figures__015__target__en_brian_thompson_killing_luigi_mangione_target_target_involved_legal_figures_2__en__surface_001	en_brian_thompson_killing_luigi_mangione	en_brian_thompson_killing_luigi_mangione__involved_legal_figures__015	target	surface	involved_legal_figures	True	ok	none	5	5	5	5	Accurate and natural translation.	Which lawyer represented Luigi Mangione as his defense attorney?	Thomas Dickey	ทนายความคนใดเป็นตัวแทนว่าความให้กับ ลุยจิ แมนจิโอนี ในฐานะทนายจำเลย?	โทมัส ดิกกีย์	Which lawyer represents Luigi Mangione as a defense attorney?	Thomas Dickey
th	th:086:sw_goma_offensive_drc_rwanda_peace__key_figure__011__target__sw_goma_offensive_drc_rwanda_peace_target_target_card_12__th__surface_003	sw_goma_offensive_drc_rwanda_peace__key_figure__011__target__sw_goma_offensive_drc_rwanda_peace_target_target_card_12__th__surface_003	sw_goma_offensive_drc_rwanda_peace__key_figure__011__target__sw_goma_offensive_drc_rwanda_peace_target_target_card_12__en__surface_003	sw_goma_offensive_drc_rwanda_peace	sw_goma_offensive_drc_rwanda_peace__key_figure__011	target	surface	key_figure	True	ok	none	5	5	5	5	Accurate and natural translation.	During the 2025 Goma offensive, who was the president of the DRC that called for national mobilization?	Félix Tshisekedi	ในช่วงการรุกโกมาปี 2025 ใครคือประธานาธิบดีของสาธารณรัฐประชาธิปไตยคองโกที่เรียกร้องให้มีการระดมพลระดับชาติ?	เฟลิกซ์ ชีเซเกดี	During the 2025 Goma offensive, who was the president of the Democratic Republic of the Congo who called for a national mobilization?	Felix Tshisekedi
th	th:087:ja_mof_protests_house_councillors__key_issue_or_demand__015__neighbor__ja_mof_protests_house_councillors_neighbor_neighbor_key_issue_1__th__surface_002	ja_mof_protests_house_councillors__key_issue_or_demand__015__neighbor__ja_mof_protests_house_councillors_neighbor_neighbor_key_issue_1__th__surface_002	ja_mof_protests_house_councillors__key_issue_or_demand__015__neighbor__ja_mof_protests_house_councillors_neighbor_neighbor_key_issue_1__en__surface_002	ja_mof_protests_house_councillors	ja_mof_protests_house_councillors__key_issue_or_demand__015	neighbor	surface	key_issue_or_demand	True	ok	none	5	5	5	5	Accurate and natural translation.	What financial burden on citizens was a central issue addressed by candidates in the 2025 Japanese House of Councillors election?	rising cost of living	ภาระทางการเงินใดของประชาชนที่เป็นประเด็นสำคัญที่ผู้สมัครกล่าวถึงในการเลือกตั้งวุฒิสภาญี่ปุ่นปี 2025?	ค่าครองชีพที่สูงขึ้น	Which financial burden of the people is a key issue mentioned by candidates in the 2025 Japanese House of Councillors election?	Higher cost of living
th	th:088:en_tesla_vandalism_doge__affected_entity__011__target__en_tesla_vandalism_doge_target_target_affected_entity_1__th__core	en_tesla_vandalism_doge__affected_entity__011__target__en_tesla_vandalism_doge_target_target_affected_entity_1__th__core	en_tesla_vandalism_doge__affected_entity__011__target__en_tesla_vandalism_doge_target_target_affected_entity_1__en__core	en_tesla_vandalism_doge	en_tesla_vandalism_doge__affected_entity__011	target	core	affected_entity	True	ok	none	5	5	5	5	Accurate and natural translation.	What vehicles were set on fire at a dealership in Kansas City?	Cybertrucks	ยานพาหนะใดถูกจุดไฟเผาที่ศูนย์จำหน่ายในแคนซัสซิตี	Cybertruck	Which vehicle was set on fire at the dealership in Kansas City?	Cybertruck
th	th:089:bn_noncooperation_interim_government__key_figures__015__neighbor__bn_noncooperation_interim_government_neighbor_neighbor_key_figures_8__th__surface_001	bn_noncooperation_interim_government__key_figures__015__neighbor__bn_noncooperation_interim_government_neighbor_neighbor_key_figures_8__th__surface_001	bn_noncooperation_interim_government__key_figures__015__neighbor__bn_noncooperation_interim_government_neighbor_neighbor_key_figures_8__en__surface_001	bn_noncooperation_interim_government	bn_noncooperation_interim_government__key_figures__015	neighbor	surface	key_figures	True	ok	none	5	5	5	5	Accurate and natural translation.	Who is the Chinese leader that pledged full support to the interim government of Bangladesh?	Xi Jinping	ใครคือผู้นำจีนที่ให้คำมั่นสนับสนุนรัฐบาลรักษาการของบังกลาเทศอย่างเต็มที่?	สี จิ้นผิง	Who is the Chinese leader who pledged full support to the interim government of Bangladesh?	Xi Jinping
th	th:090:ja_hyogo_gubernatorial_2025_ldp_presidential__candidate__006__neighbor__ja_hyogo_gubernatorial_2025_ldp_presidential_neighbor_neighbor_candidate_4__th__surface_003	ja_hyogo_gubernatorial_2025_ldp_presidential__candidate__006__neighbor__ja_hyogo_gubernatorial_2025_ldp_presidential_neighbor_neighbor_candidate_4__th__surface_003	ja_hyogo_gubernatorial_2025_ldp_presidential__candidate__006__neighbor__ja_hyogo_gubernatorial_2025_ldp_presidential_neighbor_neighbor_candidate_4__en__surface_003	ja_hyogo_gubernatorial_2025_ldp_presidential	ja_hyogo_gubernatorial_2025_ldp_presidential__candidate__006	neighbor	surface	candidate	True	ok	none	5	5	5	5	Accurate and natural translation.	In the 2025 Liberal Democratic Party presidential election, which former Economic Minister was a candidate?	Takayuki Kobayashi	ในการเลือกตั้งหัวหน้าพรรคเสรีประชาธิปไตยปี 2025 อดีตรัฐมนตรีว่าการกระทรวงเศรษฐกิจคนใดเป็นผู้สมัคร	ทากายูกิ โคบายาชิ	In the 2025 Liberal Democratic Party leader election, which former Minister of Economy is a candidate?	Takayuki Kobayashi
th	th:091:th_political_crisis_same_sex_marriage__key_figure__006__target__th_political_crisis_same_sex_marriage_target_th_political_crisis_2025_key_figure_3__th__surface_003	th_political_crisis_same_sex_marriage__key_figure__006__target__th_political_crisis_same_sex_marriage_target_th_political_crisis_2025_key_figure_3__th__surface_003	th_political_crisis_same_sex_marriage__key_figure__006__target__th_political_crisis_same_sex_marriage_target_th_political_crisis_2025_key_figure_3__en__surface_003	th_political_crisis_same_sex_marriage	th_political_crisis_same_sex_marriage__key_figure__006	target	surface	key_figure	True	ok	none	5	5	5	5	Accurate and natural translation.	Name the individual the People's Party supported to replace the caretaker government during the political crisis in Thailand in 2025.	Anutin Charnvirakul	จงระบุชื่อบุคคลที่พรรคประชาชนสนับสนุนให้เข้ามาแทนที่รัฐบาลรักษาการในช่วงวิกฤตการณ์ทางการเมืองในประเทศไทยปี 2025	อนุทิน ชาญวีรกูล	Name the person whom the People's Party supported to replace the caretaker government during the political crisis in Thailand in 2025.	Anutin Charnvirakul
th	th:092:fr_pelicot_case_gisele_pelicot__family_member__013__target__fr_pelicot_case_gisele_pelicot_target_target_family_member_1__th__core	fr_pelicot_case_gisele_pelicot__family_member__013__target__fr_pelicot_case_gisele_pelicot_target_target_family_member_1__th__core	fr_pelicot_case_gisele_pelicot__family_member__013__target__fr_pelicot_case_gisele_pelicot_target_target_family_member_1__en__core	fr_pelicot_case_gisele_pelicot	fr_pelicot_case_gisele_pelicot__family_member__013	target	core	family_member	True	ok	none	5	5	5	5	Accurate and natural translation.	Who is the son of the Pelicot family?	David	ลูกชายของครอบครัวเปอลิโกต์คือใคร	เดวิด	Who is the son of the Pelicot family?	David
th	th:093:de_aschaffenburg_stabbing_merz_cabinet__participant__011__neighbor__de_aschaffenburg_stabbing_merz_cabinet_neighbor_neighbor_participant_4__th__surface_002	de_aschaffenburg_stabbing_merz_cabinet__participant__011__neighbor__de_aschaffenburg_stabbing_merz_cabinet_neighbor_neighbor_participant_4__th__surface_002	de_aschaffenburg_stabbing_merz_cabinet__participant__011__neighbor__de_aschaffenburg_stabbing_merz_cabinet_neighbor_neighbor_participant_4__en__surface_002	de_aschaffenburg_stabbing_merz_cabinet	de_aschaffenburg_stabbing_merz_cabinet__participant__011	neighbor	surface	participant	True	ok	none	5	5	5	5	Accurate and natural translation.	Who was the CSU leader included in the CDU team for the coalition talks?	Markus Söder	ใครคือผู้นำพรรค CSU ที่รวมอยู่ในทีมของพรรค CDU สำหรับการเจรจาจัดตั้งรัฐบาลผสม?	มาร์คุส เซอเดอร์	Who is the CSU party leader included in the CDU party's team for coalition negotiations?	Markus Söder
th	th:094:es_catatumbo_clashes_ecuador_election__key_figure__015__neighbor__es_catatumbo_clashes_ecuador_election_neighbor_neighbor_key_figure_4__th__surface_003	es_catatumbo_clashes_ecuador_election__key_figure__015__neighbor__es_catatumbo_clashes_ecuador_election_neighbor_neighbor_key_figure_4__th__surface_003	es_catatumbo_clashes_ecuador_election__key_figure__015__neighbor__es_catatumbo_clashes_ecuador_election_neighbor_neighbor_key_figure_4__en__surface_003	es_catatumbo_clashes_ecuador_election	es_catatumbo_clashes_ecuador_election__key_figure__015	neighbor	surface	key_figure	True	ok	none	5	5	5	5	Accurate and natural translation.	Who is noted for being a minor candidate in the general election held in Ecuador in 2025?	Juan Iván Cueva	ใครได้รับการกล่าวถึงว่าเป็นผู้สมัครรายย่อยในการเลือกตั้งทั่วไปที่จัดขึ้นในประเทศเอกวาดอร์ในปี 2025	ฮวน อีวาน กูเอบา	Who is mentioned as a minor candidate in the general election held in Ecuador in 2025?	Juan Ivan Cueva
th	th:095:bn_noncooperation_interim_government__key_figures__013__target__bn_noncooperation_interim_government_target_target_key_figures_6__th__surface_002	bn_noncooperation_interim_government__key_figures__013__target__bn_noncooperation_interim_government_target_target_key_figures_6__th__surface_002	bn_noncooperation_interim_government__key_figures__013__target__bn_noncooperation_interim_government_target_target_key_figures_6__en__surface_002	bn_noncooperation_interim_government	bn_noncooperation_interim_government__key_figures__013	target	surface	key_figures	True	ok	none	5	5	5	5	Accurate and natural translation.	Name the Chief of Army Staff responsible for convening a meeting to form an interim government in 2024.	Waker-uz-Zaman	จงบอกชื่อผู้บัญชาการทหารบกที่รับผิดชอบในการจัดการประชุมเพื่อจัดตั้งรัฐบาลรักษาการในปี 2024	วาเกอร์-อุซ-ซามาน	Name the army commander who was responsible for organizing the meeting to establish the interim government in 2024.	Waker-uz-Zaman
th	th:096:en_uk_riots_southport_stabbings__involved_person_or_key_figure__013__neighbor__en_uk_riots_southport_stabbings_neighbor_neighbor_person_1__th__surface_001	en_uk_riots_southport_stabbings__involved_person_or_key_figure__013__neighbor__en_uk_riots_southport_stabbings_neighbor_neighbor_person_1__th__surface_001	en_uk_riots_southport_stabbings__involved_person_or_key_figure__013__neighbor__en_uk_riots_southport_stabbings_neighbor_neighbor_person_1__en__surface_001	en_uk_riots_southport_stabbings	en_uk_riots_southport_stabbings__involved_person_or_key_figure__013	neighbor	surface	involved_person_or_key_figure	True	ok	none	5	5	5	5	Accurate and natural translation.	Which seventeen-year-old was responsible for the fatal attack at a Southport dance workshop?	Axel Rudakubana	วัยรุ่นอายุ 17 ปีคนใดที่เป็นผู้ก่อเหตุโจมตีจนมีผู้เสียชีวิตที่เวิร์กชอปเต้นรำในเซาท์พอร์ต	แอ็กเซล รูดาคูบานา	Which 17-year-old teenager carried out the fatal attack at the dance workshop in Southport?	Axel Rudakubana
th	th:097:fr_olympics_opening_closing_ceremony__athlete_participant__014__target__fr_olympics_opening_closing_ceremony_target_target_athlete_participant_3__th__surface_002	fr_olympics_opening_closing_ceremony__athlete_participant__014__target__fr_olympics_opening_closing_ceremony_target_target_athlete_participant_3__th__surface_002	fr_olympics_opening_closing_ceremony__athlete_participant__014__target__fr_olympics_opening_closing_ceremony_target_target_athlete_participant_3__en__surface_002	fr_olympics_opening_closing_ceremony	fr_olympics_opening_closing_ceremony__athlete_participant__014	target	surface	athlete_participant	True	ok	none	5	5	5	5	Accurate and natural translation.	During the 2024 Summer Olympics opening ceremony, which athlete took part in carrying the Olympic flame on a watercraft?	Serena Williams	ในระหว่างพิธีเปิดกีฬาโอลิมปิกฤดูร้อน 2024 นักกีฬาคนใดมีส่วนร่วมในการถือคบเพลิงโอลิมปิกบนยานพาหนะทางน้ำ?	เซเรนา วิลเลียมส์	During the 2024 Summer Olympics opening ceremony, which athlete participated in carrying the Olympic torch on a watercraft?	Serena Williams
th	th:098:bn_hasina_resignation_2026_election__participant_person__005__neighbor__bn_hasina_resignation_2026_election_neighbor_2__th__surface_003	bn_hasina_resignation_2026_election__participant_person__005__neighbor__bn_hasina_resignation_2026_election_neighbor_2__th__surface_003	bn_hasina_resignation_2026_election__participant_person__005__neighbor__bn_hasina_resignation_2026_election_neighbor_2__en__surface_003	bn_hasina_resignation_2026_election	bn_hasina_resignation_2026_election__participant_person__005	neighbor	surface	participant_person	True	ok	none	5	5	5	5	Accurate and natural translation.	Who was in charge of the interim government at the time of the 2026 Bangladeshi general election?	Muhammad Yunus	ใครเป็นหัวหน้ารัฐบาลรักษาการในช่วงการเลือกตั้งทั่วไปของบังกลาเทศปี 2026?	มูฮัมหมัด ยูนุส	Who is the head of the caretaker government during the 2026 Bangladesh general election?	Muhammad Yunus
th	th:099:zh_night_ride_kaifeng_henan_cuisine__has_notable_instance__003__neighbor__zh_night_ride_kaifeng_henan_cuisine_neighbor_7__th__surface_001	zh_night_ride_kaifeng_henan_cuisine__has_notable_instance__003__neighbor__zh_night_ride_kaifeng_henan_cuisine_neighbor_7__th__surface_001	zh_night_ride_kaifeng_henan_cuisine__has_notable_instance__003__neighbor__zh_night_ride_kaifeng_henan_cuisine_neighbor_7__en__surface_001	zh_night_ride_kaifeng_henan_cuisine	zh_night_ride_kaifeng_henan_cuisine__has_notable_instance__003	neighbor	surface	has_notable_instance	True	ok	none	5	5	5	5	Accurate and natural translation.	Name the spicy soup that is a common breakfast staple in Henan cuisine.	Hulatang	จงบอกชื่อซุปเผ็ดที่เป็นอาหารเช้าหลักทั่วไปในอาหารเหอหนาน	หูลาทัง	Name the spicy soup that is a common staple breakfast in Henan cuisine.	Hulatang
th	th:100:ja_mof_protests_house_councillors__key_issue_or_demand__013__target__ja_mof_protests_house_councillors_target_target_key_issue_2__th__surface_002	ja_mof_protests_house_councillors__key_issue_or_demand__013__target__ja_mof_protests_house_councillors_target_target_key_issue_2__th__surface_002	ja_mof_protests_house_councillors__key_issue_or_demand__013__target__ja_mof_protests_house_councillors_target_target_key_issue_2__en__surface_002	ja_mof_protests_house_councillors	ja_mof_protests_house_councillors__key_issue_or_demand__013	target	surface	key_issue_or_demand	True	ok	none	5	5	5	5	Accurate and natural translation.	During the 2025 Ministry of Finance protests, what specific economic relief were the demonstrators calling for?	reduction in tax	ในระหว่างการประท้วงกระทรวงการคลังปี 2025 ผู้ประท้วงเรียกร้องการบรรเทาผลกระทบทางเศรษฐกิจใดโดยเฉพาะ?	การลดภาษี	During the 2025 Ministry of Finance protests, what economic relief did the protesters specifically demand?	Tax reduction
zh	zh:001:bn_noncooperation_interim_government__key_figures__011__neighbor__bn_noncooperation_interim_government_neighbor_neighbor_key_figures_4__zh__surface_002	bn_noncooperation_interim_government__key_figures__011__neighbor__bn_noncooperation_interim_government_neighbor_neighbor_key_figures_4__zh__surface_002	bn_noncooperation_interim_government__key_figures__011__neighbor__bn_noncooperation_interim_government_neighbor_neighbor_key_figures_4__en__surface_002	bn_noncooperation_interim_government	bn_noncooperation_interim_government__key_figures__011	neighbor	surface	key_figures	True	ok	none	5	5	5	5	Accurate and natural translation.	Name the political leader whose resignation as prime minister and departure to India led to the Yunus interim government.	Sheikh Hasina	哪位政治领导人辞去总理职务并前往印度，从而导致了尤努斯临时政府的成立？	谢赫·哈西娜	Which political leader resigned as prime minister and went to India, thereby leading to the establishment of the Yunus interim government?	Sheikh Hasina
zh	zh:002:en_brian_thompson_killing_luigi_mangione__legal_charges__003__target__en_brian_thompson_killing_luigi_mangione_target_target_legal_charges_4__zh__surface_001	en_brian_thompson_killing_luigi_mangione__legal_charges__003__target__en_brian_thompson_killing_luigi_mangione_target_target_legal_charges_4__zh__surface_001	en_brian_thompson_killing_luigi_mangione__legal_charges__003__target__en_brian_thompson_killing_luigi_mangione_target_target_legal_charges_4__en__surface_001	en_brian_thompson_killing_luigi_mangione	en_brian_thompson_killing_luigi_mangione__legal_charges__003	target	surface	legal_charges	True	ok	none	5	5	5	5	Accurate and natural translation.	For what specific offense was Luigi Mangione indicted?	stalking	路易吉·曼吉奥内因什么具体罪名被起诉？	跟踪罪	What specific crime was Luigi Mangione charged with?	Stalking
zh	zh:003:zh_zhuhai_car_attack_wuxi_stabbing__incident_timeline__008__neighbor__zh_zhuhai_car_attack_wuxi_stabbing_neighbor_wuxi_time_2__zh__surface_001	zh_zhuhai_car_attack_wuxi_stabbing__incident_timeline__008__neighbor__zh_zhuhai_car_attack_wuxi_stabbing_neighbor_wuxi_time_2__zh__surface_001	zh_zhuhai_car_attack_wuxi_stabbing__incident_timeline__008__neighbor__zh_zhuhai_car_attack_wuxi_stabbing_neighbor_wuxi_time_2__en__surface_001	zh_zhuhai_car_attack_wuxi_stabbing	zh_zhuhai_car_attack_wuxi_stabbing__incident_timeline__008	neighbor	surface	incident_timeline	True	ok	none	5	5	5	5	Accurate and natural translation.	When was the report made regarding the arrest of the 2024 Wuxi stabbing suspect?	11:30 p.m.	2024年无锡持刀伤人案嫌疑人被捕的通报是什么时候发布的？	晚上11:30	When was the announcement of the suspect's arrest in the 2024 Wuxi stabbing incident released?	11:30 PM
zh	zh:004:sw_tanzania_protests_general_election__involved_organization__013__target__sw_tanzania_protests_general_election_target_target_org_1__zh__surface_003	sw_tanzania_protests_general_election__involved_organization__013__target__sw_tanzania_protests_general_election_target_target_org_1__zh__surface_003	sw_tanzania_protests_general_election__involved_organization__013__target__sw_tanzania_protests_general_election_target_target_org_1__en__surface_003	sw_tanzania_protests_general_election	sw_tanzania_protests_general_election__involved_organization__013	target	surface	involved_organization	True	ok	none	5	5	5	5	Accurate and natural translation.	Name the opposition group that alleged a death toll of 1,000 to 2,000 in the 2025 Tanzanian election protests.	Chadema	请说出在2025年坦桑尼亚选举抗议活动中声称死亡人数在1000到2000人之间的反对派组织名称。	查德玛	Please state the name of the opposition organization that claimed the death toll was between 1000 and 2000 during the 2025 Tanzania election protests.	Chadema
zh	zh:005:en_uk_riots_southport_stabbings__responding_official_or_politician__010__neighbor__en_uk_riots_southport_stabbings_neighbor_neighbor_official_1__zh__surface_003	en_uk_riots_southport_stabbings__responding_official_or_politician__010__neighbor__en_uk_riots_southport_stabbings_neighbor_neighbor_official_1__zh__surface_003	en_uk_riots_southport_stabbings__responding_official_or_politician__010__neighbor__en_uk_riots_southport_stabbings_neighbor_neighbor_official_1__en__surface_003	en_uk_riots_southport_stabbings	en_uk_riots_southport_stabbings__responding_official_or_politician__010	neighbor	surface	responding_official_or_politician	True	ok	none	5	5	5	5	Accurate and natural translation.	Name the Prime Minister who vowed to overhaul terrorism laws following the stabbings in Southport.	Keir Starmer	在绍斯波特持刀袭击事件后，誓言要彻底改革反恐法律的首相是谁？	基尔·斯塔默	Who is the Prime Minister who vowed to completely reform anti-terrorism laws after the Southport stabbing attack?	Keir Starmer
zh	zh:006:fr_imane_khelif_olympic_boxing__event_year__006__target__fr_imane_khelif_olympic_boxing_target_14__zh__surface_002	fr_imane_khelif_olympic_boxing__event_year__006__target__fr_imane_khelif_olympic_boxing_target_14__zh__surface_002	fr_imane_khelif_olympic_boxing__event_year__006__target__fr_imane_khelif_olympic_boxing_target_14__en__surface_002	fr_imane_khelif_olympic_boxing	fr_imane_khelif_olympic_boxing__event_year__006	target	surface	event_year	True	ok	none	5	5	5	5	Accurate and natural translation.	When did Imane Khelif become the Olympic gold medalist in the women's welterweight division?	2024	伊曼·哈利夫是何时成为奥运会女子次中量级金牌得主的？	2024	When did Imane Khelif become the Olympic women's welterweight gold medalist?	2024
zh	zh:007:bn_anti_hindu_violence_national_citizen_party__target_demographic__002__neighbor__bn_anti_hindu_violence_national_citizen_party_neighbor_neighbor_target_demographic_2__zh__surface_001	bn_anti_hindu_violence_national_citizen_party__target_demographic__002__neighbor__bn_anti_hindu_violence_national_citizen_party_neighbor_neighbor_target_demographic_2__zh__surface_001	bn_anti_hindu_violence_national_citizen_party__target_demographic__002__neighbor__bn_anti_hindu_violence_national_citizen_party_neighbor_neighbor_target_demographic_2__en__surface_001	bn_anti_hindu_violence_national_citizen_party	bn_anti_hindu_violence_national_citizen_party__target_demographic__002	neighbor	surface	target_demographic	True	ok	none	5	5	5	5	Accurate and natural translation.	The key figures and protest leaders of the National Citizen Party belong to which specific generation?	Gen Z	国家公民党的关键人物和抗议领袖属于哪个特定世代？	Z世代	Which specific generation do the key figures and protest leaders of the National Citizen Party belong to?	Generation Z
zh	zh:008:ja_hyogo_gubernatorial_2025_ldp_presidential__candidate_background__012__neighbor__ja_hyogo_gubernatorial_2025_ldp_presidential_neighbor_neighbor_candidate_background_1__zh__core	ja_hyogo_gubernatorial_2025_ldp_presidential__candidate_background__012__neighbor__ja_hyogo_gubernatorial_2025_ldp_presidential_neighbor_neighbor_candidate_background_1__zh__core	ja_hyogo_gubernatorial_2025_ldp_presidential__candidate_background__012__neighbor__ja_hyogo_gubernatorial_2025_ldp_presidential_neighbor_neighbor_candidate_background_1__en__core	ja_hyogo_gubernatorial_2025_ldp_presidential	ja_hyogo_gubernatorial_2025_ldp_presidential__candidate_background__012	neighbor	core	candidate_background	True	ok	none	5	5	5	5	Accurate and natural translation.	What prior role did Sanae Takaichi hold before running in the 2025 Liberal Democratic Party presidential election?	Minister of State for Economic Security	高市早苗在参加2025年自由民主党总裁选举之前曾担任什么职务？	经济安全保障担当大臣	What position did Sanae Takaichi hold before participating in the 2025 Liberal Democratic Party presidential election?	Minister of State for Economic Security
zh	zh:009:sw_tanzania_protests_general_election__casualty_report__005__neighbor__sw_tanzania_protests_general_election_neighbor_neighbor_casualty_1__zh__surface_003	sw_tanzania_protests_general_election__casualty_report__005__neighbor__sw_tanzania_protests_general_election_neighbor_neighbor_casualty_1__zh__surface_003	sw_tanzania_protests_general_election__casualty_report__005__neighbor__sw_tanzania_protests_general_election_neighbor_neighbor_casualty_1__en__surface_003	sw_tanzania_protests_general_election	sw_tanzania_protests_general_election__casualty_report__005	neighbor	surface	casualty_report	True	ok	none	5	5	5	5	Accurate and natural translation.	The Office of the UN High Commissioner for Human Rights reported at least how many confirmed deaths associated with the 2025 Tanzanian general election?	10	联合国人权事务高级专员办事处报告称，与2025年坦桑尼亚大选相关的确认死亡人数至少有多少？	10	The Office of the United Nations High Commissioner for Human Rights reported that there are at least how many confirmed deaths related to the 2025 Tanzanian general election?	10
zh	zh:010:sw_goma_offensive_drc_rwanda_peace__key_figure__014__target__sw_goma_offensive_drc_rwanda_peace_target_target_card_18__zh__core	sw_goma_offensive_drc_rwanda_peace__key_figure__014__target__sw_goma_offensive_drc_rwanda_peace_target_target_card_18__zh__core	sw_goma_offensive_drc_rwanda_peace__key_figure__014__target__sw_goma_offensive_drc_rwanda_peace_target_target_card_18__en__core	sw_goma_offensive_drc_rwanda_peace	sw_goma_offensive_drc_rwanda_peace__key_figure__014	target	core	key_figure	True	ok	none	5	5	5	5	Accurate and natural translation.	Who was appointed as the new military governor of North Kivu following the death of his predecessor during the 2025 Goma offensive?	Evariste Somo	在2025年戈马攻势期间其前任去世后，谁被任命为北基伍省的新任军事总督？	埃瓦里斯特·索莫	Who was appointed as the new military governor of North Kivu after the death of his predecessor during the 2025 Goma offensive?	Evariste Somo
zh	zh:011:fr_pelicot_case_gisele_pelicot__significant_location__009__target__fr_pelicot_case_gisele_pelicot_target_target_significant_location_2__zh__core	fr_pelicot_case_gisele_pelicot__significant_location__009__target__fr_pelicot_case_gisele_pelicot_target_target_significant_location_2__zh__core	fr_pelicot_case_gisele_pelicot__significant_location__009__target__fr_pelicot_case_gisele_pelicot_target_target_significant_location_2__en__core	fr_pelicot_case_gisele_pelicot	fr_pelicot_case_gisele_pelicot__significant_location__009	target	core	significant_location	True	ok	none	5	5	5	5	Accurate and fluent translation.	Where did the trial of Dominique Pelicot begin?	Avignon	多米尼克·佩利科的审判是在哪里开始的？	阿维尼翁	Where did Dominique Pelicot's trial start?	Avignon
zh	zh:012:es_venezuela_crisis_uruguay_election__international_reaction_country__002__neighbor__es_venezuela_crisis_uruguay_election_neighbor_neighbor_intl_reaction_2__zh__core	es_venezuela_crisis_uruguay_election__international_reaction_country__002__neighbor__es_venezuela_crisis_uruguay_election_neighbor_neighbor_intl_reaction_2__zh__core	es_venezuela_crisis_uruguay_election__international_reaction_country__002__neighbor__es_venezuela_crisis_uruguay_election_neighbor_neighbor_intl_reaction_2__en__core	es_venezuela_crisis_uruguay_election	es_venezuela_crisis_uruguay_election__international_reaction_country__002	neighbor	core	international_reaction_country	True	ok	none	5	5	5	5	Accurate and fluent translation.	Which country's president, Luiz Inácio Lula da Silva, congratulated Yamandú Orsi on his victory in the 2024 Uruguayan general election?	Brazil	哪个国家的总统路易斯·伊纳西奥·卢拉·达席尔瓦祝贺亚曼杜·奥尔西在2024年乌拉圭大选中获胜？	巴西	Which country's president, Luiz Inácio Lula da Silva, congratulated Yamandú Orsi on winning the 2024 Uruguayan general election?	Brazil
zh	zh:013:de_munich_car_attack_federal_election__involved_organization__002__target__de_munich_car_attack_federal_election_target_target_involved_organization_4__zh__surface_003	de_munich_car_attack_federal_election__involved_organization__002__target__de_munich_car_attack_federal_election_target_target_involved_organization_4__zh__surface_003	de_munich_car_attack_federal_election__involved_organization__002__target__de_munich_car_attack_federal_election_target_target_involved_organization_4__en__surface_003	de_munich_car_attack_federal_election	de_munich_car_attack_federal_election__involved_organization__002	target	surface	involved_organization	True	ok	none	5	5	5	5	Accurate and fluent translation. The acronym BAMF is properly retained.	Name the office that was involved with the asylum claim of the individual responsible for the 2025 Munich car attack.	BAMF	请说出涉及2025年慕尼黑汽车袭击事件责任人庇护申请的机构名称。	BAMF	Please state the name of the organization involved in the asylum application of the person responsible for the 2025 Munich car attack.	BAMF
zh	zh:014:de_aschaffenburg_stabbing_merz_cabinet__participant__009__target__de_aschaffenburg_stabbing_merz_cabinet_target_target_participant_2__zh__surface_001	de_aschaffenburg_stabbing_merz_cabinet__participant__009__target__de_aschaffenburg_stabbing_merz_cabinet_target_target_participant_2__zh__surface_001	de_aschaffenburg_stabbing_merz_cabinet__participant__009__target__de_aschaffenburg_stabbing_merz_cabinet_target_target_participant_2__en__surface_001	de_aschaffenburg_stabbing_merz_cabinet	de_aschaffenburg_stabbing_merz_cabinet__participant__009	target	surface	participant	True	ok	none	5	5	5	5	Accurate and fluent translation.	Who was the Chancellor when deportations were increased in response to the Aschaffenburg stabbing?	Friedrich Merz	作为对阿沙芬堡刺伤事件的回应而增加驱逐出境人数时，当时的总理是谁？	弗里德里希·默茨	When the number of deportations was increased in response to the Aschaffenburg stabbing incident, who was the Chancellor at that time?	Friedrich Merz
zh	zh:015:sw_kenyan_protests_albert_ojwang__location__001__target__sw_kenyan_protests_albert_ojwang_target_target_location_1__zh__surface_003	sw_kenyan_protests_albert_ojwang__location__001__target__sw_kenyan_protests_albert_ojwang_target_target_location_1__zh__surface_003	sw_kenyan_protests_albert_ojwang__location__001__target__sw_kenyan_protests_albert_ojwang_target_target_location_1__en__surface_003	sw_kenyan_protests_albert_ojwang	sw_kenyan_protests_albert_ojwang__location__001	target	surface	location	True	ok	none	5	5	5	5	Accurate and fluent translation.	The June 9, 2025 protests in Kenya saw demonstrators assemble in which city?	Nairobi	在2025年6月9日的肯尼亚抗议活动中，示威者聚集在哪个城市？	内罗毕	During the Kenyan protests on June 9, 2025, in which city did the protesters gather?	Nairobi
zh	zh:016:zh_night_ride_kaifeng_henan_cuisine__involves_demographic__015__target__zh_night_ride_kaifeng_henan_cuisine_target_17__zh__surface_002	zh_night_ride_kaifeng_henan_cuisine__involves_demographic__015__target__zh_night_ride_kaifeng_henan_cuisine_target_17__zh__surface_002	zh_night_ride_kaifeng_henan_cuisine__involves_demographic__015__target__zh_night_ride_kaifeng_henan_cuisine_target_17__en__surface_002	zh_night_ride_kaifeng_henan_cuisine	zh_night_ride_kaifeng_henan_cuisine__involves_demographic__015	target	surface	involves_demographic	True	ok	none	5	5	5	5	Accurate and fluent translation.	Who joined the Night ride to Kaifeng in large numbers, prompting worry from the Henan Provincial Department of Education and local police?	working adults	哪些人大量参与了“夜骑开封”，从而引起了河南省教育厅和当地警方的担忧？	在职成年人	"Who participated in large numbers in the ""Night Ride to Kaifeng"", thereby causing concern for the Henan Provincial Department of Education and the local police?"	Working adults
zh	zh:017:ar_haniyeh_assassination_masoud_pezeshkian__associated_person__009__neighbor__ar_haniyeh_assassination_masoud_pezeshkian_neighbor_3__zh__surface_001	ar_haniyeh_assassination_masoud_pezeshkian__associated_person__009__neighbor__ar_haniyeh_assassination_masoud_pezeshkian_neighbor_3__zh__surface_001	ar_haniyeh_assassination_masoud_pezeshkian__associated_person__009__neighbor__ar_haniyeh_assassination_masoud_pezeshkian_neighbor_3__en__surface_001	ar_haniyeh_assassination_masoud_pezeshkian	ar_haniyeh_assassination_masoud_pezeshkian__associated_person__009	neighbor	surface	associated_person	True	ok	none	5	5	5	5	Accurate and fluent translation.	Masoud Pezeshkian presided over strikes in response to the assassination of which individual?	Ismail Haniyeh	马苏德·佩泽希齐扬主持了旨在回应哪位人物被暗杀的袭击？	伊斯梅尔·哈尼亚	Masoud Pezeshkian presided over the attack aimed at responding to the assassination of which person?	Ismail Haniyeh
zh	zh:018:es_catatumbo_clashes_ecuador_election__involved_group__007__target__es_catatumbo_clashes_ecuador_election_target_target_involved_group_2__zh__surface_003	es_catatumbo_clashes_ecuador_election__involved_group__007__target__es_catatumbo_clashes_ecuador_election_target_target_involved_group_2__zh__surface_003	es_catatumbo_clashes_ecuador_election__involved_group__007__target__es_catatumbo_clashes_ecuador_election_target_target_involved_group_2__en__surface_003	es_catatumbo_clashes_ecuador_election	es_catatumbo_clashes_ecuador_election__involved_group__007	target	surface	involved_group	True	ok	none	5	5	5	5	Accurate and fluent translation.	During the 2025 Catatumbo clashes, which armed group was the target of the attacks?	FARC dissidents	在2025年卡塔通博冲突期间，哪个武装组织是袭击的目标？	哥伦比亚革命武装力量异见分子	During the 2025 Catatumbo clashes, which armed group was the target of the attack?	FARC dissidents
zh	zh:019:sw_kenyan_protests_albert_ojwang__involved_person__008__target__sw_kenyan_protests_albert_ojwang_target_target_involved_person_1__zh__core	sw_kenyan_protests_albert_ojwang__involved_person__008__target__sw_kenyan_protests_albert_ojwang_target_target_involved_person_1__zh__core	sw_kenyan_protests_albert_ojwang__involved_person__008__target__sw_kenyan_protests_albert_ojwang_target_target_involved_person_1__en__core	sw_kenyan_protests_albert_ojwang	sw_kenyan_protests_albert_ojwang__involved_person__008	target	core	involved_person	True	ok	none	5	5	5	5	Accurate and fluent translation.	Who was the Kenyan President during the 2025 Kenyan protests?	William Ruto	2025年肯尼亚抗议活动期间的肯尼亚总统是谁？	威廉·鲁托	Who was the President of Kenya during the 2025 Kenyan protests?	William Ruto
zh	zh:020:de_aschaffenburg_stabbing_merz_cabinet__participant__013__neighbor__de_aschaffenburg_stabbing_merz_cabinet_neighbor_neighbor_participant_6__zh__surface_001	de_aschaffenburg_stabbing_merz_cabinet__participant__013__neighbor__de_aschaffenburg_stabbing_merz_cabinet_neighbor_neighbor_participant_6__zh__surface_001	de_aschaffenburg_stabbing_merz_cabinet__participant__013__neighbor__de_aschaffenburg_stabbing_merz_cabinet_neighbor_neighbor_participant_6__en__surface_001	de_aschaffenburg_stabbing_merz_cabinet	de_aschaffenburg_stabbing_merz_cabinet__participant__013	neighbor	surface	participant	True	ok	none	5	5	5	5	Accurate and fluent translation.	Which person was included in the SPD delegation during the coalition negotiations?	Boris Pistorius	在组阁谈判期间，哪个人被列入了社民党代表团？	鲍里斯·皮斯托里乌斯	During the cabinet formation negotiations, which person was included in the Social Democratic Party delegation?	Boris Pistorius
zh	zh:021:ar_syrian_offensives_transitional_government__international_reaction__003__target__ar_syrian_offensives_transitional_government_target_target_reaction_2__zh__surface_003	ar_syrian_offensives_transitional_government__international_reaction__003__target__ar_syrian_offensives_transitional_government_target_target_reaction_2__zh__surface_003	ar_syrian_offensives_transitional_government__international_reaction__003__target__ar_syrian_offensives_transitional_government_target_target_reaction_2__en__surface_003	ar_syrian_offensives_transitional_government	ar_syrian_offensives_transitional_government__international_reaction__003	target	surface	international_reaction	True	ok	none	5	5	5	5	Accurate and natural translation.	Who labeled the 2024 Syrian opposition offensives a plot by the U.S. and the Zionist regime?	Iran	谁将2024年叙利亚反对派攻势称为美国和犹太复国主义政权的阴谋？	伊朗	Who called the 2024 Syrian opposition offensive a conspiracy by the United States and the Zionist regime?	Iran
zh	zh:022:ar_lebanon_device_attacks_hq_strike__reaction_by_country_or_org__007__neighbor__ar_lebanon_device_attacks_hq_strike_neighbor_reaction_6__zh__surface_001	ar_lebanon_device_attacks_hq_strike__reaction_by_country_or_org__007__neighbor__ar_lebanon_device_attacks_hq_strike_neighbor_reaction_6__zh__surface_001	ar_lebanon_device_attacks_hq_strike__reaction_by_country_or_org__007__neighbor__ar_lebanon_device_attacks_hq_strike_neighbor_reaction_6__en__surface_001	ar_lebanon_device_attacks_hq_strike	ar_lebanon_device_attacks_hq_strike__reaction_by_country_or_org__007	neighbor	surface	reaction_by_country_or_org	True	ok	none	5	5	5	5	Perfectly translated.	What nation condemned the assassination by Israel in response to the 2024 Hezbollah headquarters strike?	Russia	针对2024年真主党总部遭袭事件，哪个国家谴责了以色列的暗杀行动？	俄罗斯	In response to the 2024 attack on the Hezbollah headquarters, which country condemned Israel's assassination action?	Russia
zh	zh:023:bn_hasina_resignation_2026_election__significant_date__012__target__bn_hasina_resignation_2026_election_target_16__zh__surface_003	bn_hasina_resignation_2026_election__significant_date__012__target__bn_hasina_resignation_2026_election_target_16__zh__surface_003	bn_hasina_resignation_2026_election__significant_date__012__target__bn_hasina_resignation_2026_election_target_16__en__surface_003	bn_hasina_resignation_2026_election	bn_hasina_resignation_2026_election__significant_date__012	target	surface	significant_date	True	ok	none	5	5	4	5	Accurate translation, slightly formal/literal structure but perfectly understandable and usable.	Which day marks the end of Sheikh Hasina's tenure as Prime Minister due to her resignation?	5 August 2024	哪一天标志着谢赫·哈西娜因辞职而结束其总理任期？	2024年8月5日	Which day marks the end of Sheikh Hasina's term as Prime Minister due to resignation?	August 5, 2024
zh	zh:024:zh_shenzhen_stabbing_wuxi_stabbing__aftermath_actions__014__target__zh_shenzhen_stabbing_wuxi_stabbing_target_target_action_3__zh__core	zh_shenzhen_stabbing_wuxi_stabbing__aftermath_actions__014__target__zh_shenzhen_stabbing_wuxi_stabbing_target_target_action_3__zh__core	zh_shenzhen_stabbing_wuxi_stabbing__aftermath_actions__014__target__zh_shenzhen_stabbing_wuxi_stabbing_target_target_action_3__en__core	zh_shenzhen_stabbing_wuxi_stabbing	zh_shenzhen_stabbing_wuxi_stabbing__aftermath_actions__014	target	core	aftermath_actions	True	ok	none	5	5	5	5	Excellent and natural translation.	What action was taken regarding the Shenzhen Japanese School after the 2024 Shenzhen stabbing?	closed for a week	2024年深圳持刀伤人事件发生后，深圳日本人学校采取了什么行动？	关闭一周	After the 2024 Shenzhen stabbing incident, what action did the Shenzhen Japanese School take?	Closed for a week
zh	zh:025:th_cambodian_border_crisis_myanmar_earthquake__international_response_entity__005__neighbor__th_cambodian_border_crisis_myanmar_earthquake_neighbor_myanmar_earthquake_org_1__zh__surface_003	th_cambodian_border_crisis_myanmar_earthquake__international_response_entity__005__neighbor__th_cambodian_border_crisis_myanmar_earthquake_neighbor_myanmar_earthquake_org_1__zh__surface_003	th_cambodian_border_crisis_myanmar_earthquake__international_response_entity__005__neighbor__th_cambodian_border_crisis_myanmar_earthquake_neighbor_myanmar_earthquake_org_1__en__surface_003	th_cambodian_border_crisis_myanmar_earthquake	th_cambodian_border_crisis_myanmar_earthquake__international_response_entity__005	neighbor	surface	international_response_entity	True	ok	none	5	5	5	5	Accurate and fluent translation.	Who gave 93 million dollars in humanitarian aid in response to the 2025 Myanmar earthquake?	United Nations	谁为应对2025年缅甸地震提供了9300万美元的人道主义援助？	联合国	Who provided 93 million US dollars in humanitarian aid in response to the 2025 Myanmar earthquake?	United Nations
zh	zh:026:es_venezuela_protests_presidential_election__involved_organization__011__target__es_venezuela_protests_presidential_election_target_target_involved_organization_2__zh__surface_003	es_venezuela_protests_presidential_election__involved_organization__011__target__es_venezuela_protests_presidential_election_target_target_involved_organization_2__zh__surface_003	es_venezuela_protests_presidential_election__involved_organization__011__target__es_venezuela_protests_presidential_election_target_target_involved_organization_2__en__surface_003	es_venezuela_protests_presidential_election	es_venezuela_protests_presidential_election__involved_organization__011	target	surface	involved_organization	True	ok	none	5	5	5	5	Good translation.	During the 2024 Venezuelan presidential election protests, which organization was involved?	Amnesty International	在2024年委内瑞拉总统选举抗议活动期间，有哪个组织参与其中？	国际特赦组织	Which organization was involved during the 2024 Venezuelan presidential election protests?	Amnesty International
zh	zh:027:bn_noncooperation_interim_government__key_figures__013__target__bn_noncooperation_interim_government_target_target_key_figures_6__zh__surface_001	bn_noncooperation_interim_government__key_figures__013__target__bn_noncooperation_interim_government_target_target_key_figures_6__zh__surface_001	bn_noncooperation_interim_government__key_figures__013__target__bn_noncooperation_interim_government_target_target_key_figures_6__en__surface_001	bn_noncooperation_interim_government	bn_noncooperation_interim_government__key_figures__013	target	surface	key_figures	True	ok	none	5	5	5	5	Accurate translation of the query and correct transliteration of the name.	Who convened the meeting that called for the establishment of an interim government during the 2024 Non-cooperation movement?	Waker-uz-Zaman	谁在2024年不合作运动期间召集了呼吁建立临时政府的会议？	瓦克尔·乌兹·扎曼	Who convened the meeting calling for the establishment of an interim government during the 2024 non-cooperation movement?	Waker-uz-Zaman
zh	zh:028:th_audit_office_bangkok_road_collapse__event_locations__011__target__th_audit_office_bangkok_road_collapse_target_target_event_locations_1__zh__core	th_audit_office_bangkok_road_collapse__event_locations__011__target__th_audit_office_bangkok_road_collapse_target_target_event_locations_1__zh__core	th_audit_office_bangkok_road_collapse__event_locations__011__target__th_audit_office_bangkok_road_collapse_target_target_event_locations_1__en__core	th_audit_office_bangkok_road_collapse	th_audit_office_bangkok_road_collapse__event_locations__011	target	core	event_locations	True	ok	none	5	5	5	5	Straightforward and natural.	Where did the Thailand State Audit Office building collapse?	Bangkok	泰国国家审计署大楼在哪里倒塌？	曼谷	Where did the State Audit Office of Thailand building collapse?	Bangkok
zh	zh:029:zh_shenzhen_stabbing_wuxi_stabbing__incident_locations__006__neighbor__zh_shenzhen_stabbing_wuxi_stabbing_neighbor_neighbor_loc_2__zh__core	zh_shenzhen_stabbing_wuxi_stabbing__incident_locations__006__neighbor__zh_shenzhen_stabbing_wuxi_stabbing_neighbor_neighbor_loc_2__zh__core	zh_shenzhen_stabbing_wuxi_stabbing__incident_locations__006__neighbor__zh_shenzhen_stabbing_wuxi_stabbing_neighbor_neighbor_loc_2__en__core	zh_shenzhen_stabbing_wuxi_stabbing	zh_shenzhen_stabbing_wuxi_stabbing__incident_locations__006	neighbor	core	incident_locations	True	ok	none	5	5	5	5	Perfect translation.	In which province did the 2024 Wuxi stabbing occur?	Jiangsu Province	2024年无锡持刀伤人事件发生在哪个省份？	江苏省	In which province did the 2024 Wuxi stabbing incident occur?	Jiangsu Province
zh	zh:030:es_venezuela_crisis_uruguay_election__international_reaction_country__006__target__es_venezuela_crisis_uruguay_election_target_target_intl_reaction_6__zh__surface_002	es_venezuela_crisis_uruguay_election__international_reaction_country__006__target__es_venezuela_crisis_uruguay_election_target_target_intl_reaction_6__zh__surface_002	es_venezuela_crisis_uruguay_election__international_reaction_country__006__target__es_venezuela_crisis_uruguay_election_target_target_intl_reaction_6__en__surface_002	es_venezuela_crisis_uruguay_election	es_venezuela_crisis_uruguay_election__international_reaction_country__006	target	surface	international_reaction_country	True	ok	none	5	5	5	5	Accurate and fluent.	Name the country whose leader strongly condemned the 2024 election results in Venezuela and labeled Maduro a dictator.	Argentina	请说出哪个国家的领导人强烈谴责了2024年委内瑞拉选举结果，并称马杜罗为独裁者。	阿根廷	Please name which country's leader strongly condemned the 2024 Venezuelan election results and called Maduro a dictator.	Argentina
zh	zh:031:en_tesla_vandalism_doge__employed_tactic__007__neighbor__en_tesla_vandalism_doge_neighbor_neighbor_employed_tactic_1__zh__core	en_tesla_vandalism_doge__employed_tactic__007__neighbor__en_tesla_vandalism_doge_neighbor_neighbor_employed_tactic_1__zh__core	en_tesla_vandalism_doge__employed_tactic__007__neighbor__en_tesla_vandalism_doge_neighbor_neighbor_employed_tactic_1__en__core	en_tesla_vandalism_doge	en_tesla_vandalism_doge__employed_tactic__007	neighbor	core	employed_tactic	True	ok	none	5	5	5	5	Accurate and fluent.	What tactic did Gavin Kliger conduct at the CFPB?	mass layoffs	加文·克利格在CFPB实施了什么策略？	大规模裁员	What strategy did Gavin Klig implement at the CFPB?	Mass layoffs
zh	zh:032:zh_zhuhai_car_attack_wuxi_stabbing__incident_location__009__neighbor__zh_zhuhai_car_attack_wuxi_stabbing_neighbor_wuxi_loc_3__zh__surface_003	zh_zhuhai_car_attack_wuxi_stabbing__incident_location__009__neighbor__zh_zhuhai_car_attack_wuxi_stabbing_neighbor_wuxi_loc_3__zh__surface_003	zh_zhuhai_car_attack_wuxi_stabbing__incident_location__009__neighbor__zh_zhuhai_car_attack_wuxi_stabbing_neighbor_wuxi_loc_3__en__surface_003	zh_zhuhai_car_attack_wuxi_stabbing	zh_zhuhai_car_attack_wuxi_stabbing__incident_location__009	neighbor	surface	incident_location	True	ok	none	5	5	5	5	Accurate and fluent.	Which province was the site of the 2024 Wuxi stabbing?	Jiangsu Province	2024年无锡持刀伤人事件发生在哪个省份？	江苏省	In which province did the 2024 Wuxi stabbing incident occur?	Jiangsu Province
zh	zh:033:de_solingen_stabbing_magdeburg_attack__perpetrator_background_trait__001__target__de_solingen_stabbing_magdeburg_attack_target_de_solingen_stabbing_trait_4__zh__surface_001	de_solingen_stabbing_magdeburg_attack__perpetrator_background_trait__001__target__de_solingen_stabbing_magdeburg_attack_target_de_solingen_stabbing_trait_4__zh__surface_001	de_solingen_stabbing_magdeburg_attack__perpetrator_background_trait__001__target__de_solingen_stabbing_magdeburg_attack_target_de_solingen_stabbing_trait_4__en__surface_001	de_solingen_stabbing_magdeburg_attack	de_solingen_stabbing_magdeburg_attack__perpetrator_background_trait__001	target	surface	perpetrator_background_trait	True	ok	none	5	5	5	5	Accurate and fluent.	What was the specific religious denomination of the attacker in the 2024 Solingen stabbing?	Sunni	2024年索林根刺伤事件中袭击者的具体宗教教派是什么？	逊尼派	What was the specific religious denomination of the attacker in the 2024 Solingen stabbing incident?	Sunni
zh	zh:034:ja_mof_protests_house_councillors__key_issue_or_demand__013__neighbor__ja_mof_protests_house_councillors_neighbor_neighbor_key_issue_2__zh__surface_003	ja_mof_protests_house_councillors__key_issue_or_demand__013__neighbor__ja_mof_protests_house_councillors_neighbor_neighbor_key_issue_2__zh__surface_003	ja_mof_protests_house_councillors__key_issue_or_demand__013__neighbor__ja_mof_protests_house_councillors_neighbor_neighbor_key_issue_2__en__surface_003	ja_mof_protests_house_councillors	ja_mof_protests_house_councillors__key_issue_or_demand__013	neighbor	surface	key_issue_or_demand	True	ok	none	5	5	5	5	Accurate and fluent.	What societal and border-related issue played a key role in the 2025 Japanese House of Councillors election?	immigration	哪项社会及边境相关议题在2025年日本参议院选举中发挥了关键作用？	移民	Which social and border-related issue played a key role in the 2025 Japanese House of Councillors election?	Immigration
zh	zh:035:sw_goma_offensive_drc_rwanda_peace__involved_armed_group__008__target__sw_goma_offensive_drc_rwanda_peace_target_target_card_8__zh__surface_001	sw_goma_offensive_drc_rwanda_peace__involved_armed_group__008__target__sw_goma_offensive_drc_rwanda_peace_target_target_card_8__zh__surface_001	sw_goma_offensive_drc_rwanda_peace__involved_armed_group__008__target__sw_goma_offensive_drc_rwanda_peace_target_target_card_8__en__surface_001	sw_goma_offensive_drc_rwanda_peace	sw_goma_offensive_drc_rwanda_peace__involved_armed_group__008	target	surface	involved_armed_group	True	ok	none	5	5	5	5	Accurate and fluent. The acronym is correctly kept in Latin script.	What is the name of the Democratic Republic of the Congo's military force that set up defenses in the 2025 Goma offensive?	FARDC	在2025年戈马攻势中建立防御的刚果民主共和国军队的名称是什么？	FARDC	What is the name of the Democratic Republic of the Congo army that established defenses in the 2025 Goma offensive?	FARDC
zh	zh:036:ar_haniyeh_assassination_masoud_pezeshkian__associated_country__003__target__ar_haniyeh_assassination_masoud_pezeshkian_target_11__zh__core	ar_haniyeh_assassination_masoud_pezeshkian__associated_country__003__target__ar_haniyeh_assassination_masoud_pezeshkian_target_11__zh__core	ar_haniyeh_assassination_masoud_pezeshkian__associated_country__003__target__ar_haniyeh_assassination_masoud_pezeshkian_target_11__en__core	ar_haniyeh_assassination_masoud_pezeshkian	ar_haniyeh_assassination_masoud_pezeshkian__associated_country__003	target	core	associated_country	True	ok	none	5	5	5	5	Accurate and fluent.	In which country had Ismail Haniyeh been living since he left the Gaza Strip in 2019?	Qatar	自2019年离开加沙地带以来，伊斯梅尔·哈尼亚一直居住在哪个国家？	卡塔尔	In which country has Ismail Haniyeh been living since leaving the Gaza Strip in 2019?	Qatar
zh	zh:037:de_solingen_stabbing_magdeburg_attack__perpetrator_background_trait__001__neighbor__de_solingen_stabbing_magdeburg_attack_neighbor_de_magdeburg_attack_trait_2__zh__surface_003	de_solingen_stabbing_magdeburg_attack__perpetrator_background_trait__001__neighbor__de_solingen_stabbing_magdeburg_attack_neighbor_de_magdeburg_attack_trait_2__zh__surface_003	de_solingen_stabbing_magdeburg_attack__perpetrator_background_trait__001__neighbor__de_solingen_stabbing_magdeburg_attack_neighbor_de_magdeburg_attack_trait_2__en__surface_003	de_solingen_stabbing_magdeburg_attack	de_solingen_stabbing_magdeburg_attack__perpetrator_background_trait__001	neighbor	surface	perpetrator_background_trait	True	minor	overliteral	5	4	4	5	The English source answer 'Islamophobe' is grammatically mismatched with the question asking for a 'sentiment'. The translation literally maps 'Islamophobe' to '伊斯兰恐惧症患者', which results in slightly unnatural grammar when paired with the question (具有...患者). A better contextual translation for the answer would be '伊斯兰恐惧症' (Islamophobia).	What specific anti-religious sentiment was the 2024 Magdeburg car attack suspect described as having?	Islamophobe	2024年马格德堡汽车袭击事件的嫌疑人被描述为具有什么特定的反宗教情绪？	伊斯兰恐惧症患者	What specific anti-religious sentiment was the suspect of the 2024 Magdeburg car attack described as having?	Islamophobe
zh	zh:038:de_aschaffenburg_stabbing_merz_cabinet__participant__011__neighbor__de_aschaffenburg_stabbing_merz_cabinet_neighbor_neighbor_participant_4__zh__surface_001	de_aschaffenburg_stabbing_merz_cabinet__participant__011__neighbor__de_aschaffenburg_stabbing_merz_cabinet_neighbor_neighbor_participant_4__zh__surface_001	de_aschaffenburg_stabbing_merz_cabinet__participant__011__neighbor__de_aschaffenburg_stabbing_merz_cabinet_neighbor_neighbor_participant_4__en__surface_001	de_aschaffenburg_stabbing_merz_cabinet	de_aschaffenburg_stabbing_merz_cabinet__participant__011	neighbor	surface	participant	True	ok	none	5	5	5	5	Accurate and fluent.	Name the CSU leader who participated in the coalition negotiations as part of the CDU team.	Markus Söder	请说出作为基民盟团队一员参与联合政府谈判的基社盟领导人的名字。	马库斯·索德尔	Please name the CSU leader who participated in the coalition government negotiations as a member of the CDU team.	Markus Söder
zh	zh:039:sw_goma_offensive_drc_rwanda_peace__involved_armed_group__009__neighbor__sw_goma_offensive_drc_rwanda_peace_neighbor_neighbor_card_10__zh__core	sw_goma_offensive_drc_rwanda_peace__involved_armed_group__009__neighbor__sw_goma_offensive_drc_rwanda_peace_neighbor_neighbor_card_10__zh__core	sw_goma_offensive_drc_rwanda_peace__involved_armed_group__009__neighbor__sw_goma_offensive_drc_rwanda_peace_neighbor_neighbor_card_10__en__core	sw_goma_offensive_drc_rwanda_peace	sw_goma_offensive_drc_rwanda_peace__involved_armed_group__009	neighbor	core	involved_armed_group	True	ok	none	5	5	5	5	Accurate and fluent.	Which armed force engaged in fighting with M23 despite the ceasefire of the 2025 DRC–Rwanda peace agreement?	FARDC	尽管2025年刚果（金）-卢旺达和平协议达成了停火，哪支武装力量仍与M23发生了交战？	FARDC	Despite the ceasefire reached in the 2025 DRC-Rwanda peace agreement, which armed force still engaged in combat with M23?	FARDC
zh	zh:040:ar_lebanon_device_attacks_hq_strike__reaction_by_country_or_org__003__target__ar_lebanon_device_attacks_hq_strike_target_reaction_2__zh__core	ar_lebanon_device_attacks_hq_strike__reaction_by_country_or_org__003__target__ar_lebanon_device_attacks_hq_strike_target_reaction_2__zh__core	ar_lebanon_device_attacks_hq_strike__reaction_by_country_or_org__003__target__ar_lebanon_device_attacks_hq_strike_target_reaction_2__en__core	ar_lebanon_device_attacks_hq_strike	ar_lebanon_device_attacks_hq_strike__reaction_by_country_or_org__003	target	core	reaction_by_country_or_org	True	ok	none	5	5	5	5	Accurate and fluent.	"Which country reacted to the 2024 Lebanon electronic device attacks by referring to them as ""Israeli terrorism""?"	Iran	哪个国家在回应2024年黎巴嫩电子设备袭击事件时将其称为“以色列恐怖主义”？	伊朗	"Which country, in response to the 2024 Lebanon electronic device attacks, called it ""Israeli terrorism""?"	Iran
zh	zh:041:th_cambodian_border_crisis_myanmar_earthquake__key_figure__002__neighbor__th_cambodian_border_crisis_myanmar_earthquake_neighbor_myanmar_earthquake_person_2__zh__core	th_cambodian_border_crisis_myanmar_earthquake__key_figure__002__neighbor__th_cambodian_border_crisis_myanmar_earthquake_neighbor_myanmar_earthquake_person_2__zh__core	th_cambodian_border_crisis_myanmar_earthquake__key_figure__002__neighbor__th_cambodian_border_crisis_myanmar_earthquake_neighbor_myanmar_earthquake_person_2__en__core	th_cambodian_border_crisis_myanmar_earthquake	th_cambodian_border_crisis_myanmar_earthquake__key_figure__002	neighbor	core	key_figure	True	ok	none	5	5	5	5	Accurate and natural translation.	Which Thai Prime Minister held an emergency meeting regarding the 2025 Myanmar earthquake?	Paetongtarn Shinawatra	哪位泰国总理就2025年缅甸地震召开了紧急会议？	佩通坦·西那瓦	Which Thai Prime Minister convened an emergency meeting regarding the 2025 Myanmar earthquake?	Paetongtarn Shinawatra
zh	zh:042:zh_night_ride_kaifeng_henan_cuisine__has_associated_location__005__target__zh_night_ride_kaifeng_henan_cuisine_target_2__zh__surface_002	zh_night_ride_kaifeng_henan_cuisine__has_associated_location__005__target__zh_night_ride_kaifeng_henan_cuisine_target_2__zh__surface_002	zh_night_ride_kaifeng_henan_cuisine__has_associated_location__005__target__zh_night_ride_kaifeng_henan_cuisine_target_2__en__surface_002	zh_night_ride_kaifeng_henan_cuisine	zh_night_ride_kaifeng_henan_cuisine__has_associated_location__005	target	surface	has_associated_location	True	ok	none	5	5	5	5	Accurate and natural translation.	What city served as the endpoint for the massive shared bike rides starting from Zhengzhou?	Kaifeng	从郑州出发的大规模共享单车骑行活动的终点是哪座城市？	开封	Which city is the destination of the large-scale shared bicycle riding event departing from Zhengzhou?	Kaifeng
zh	zh:043:ja_hyuga_nada_earthquake_expo_pavilions__organization_involved__012__neighbor__ja_hyuga_nada_earthquake_expo_pavilions_neighbor_neighbor_organization_1__zh__surface_001	ja_hyuga_nada_earthquake_expo_pavilions__organization_involved__012__neighbor__ja_hyuga_nada_earthquake_expo_pavilions_neighbor_neighbor_organization_1__zh__surface_001	ja_hyuga_nada_earthquake_expo_pavilions__organization_involved__012__neighbor__ja_hyuga_nada_earthquake_expo_pavilions_neighbor_neighbor_organization_1__en__surface_001	ja_hyuga_nada_earthquake_expo_pavilions	ja_hyuga_nada_earthquake_expo_pavilions__organization_involved__012	neighbor	surface	organization_involved	True	ok	none	5	5	5	5	Accurate and natural translation.	What association was responsible for constructing the type X pavilions for Expo 2025?	expo association	哪个协会负责建造2025年世博会的X类展馆？	世博会协会	Which association is responsible for building the Type X pavilions for the 2025 Expo?	Expo Association
zh	zh:044:bn_hasina_resignation_2026_election__participant_person__004__neighbor__bn_hasina_resignation_2026_election_neighbor_1__zh__surface_002	bn_hasina_resignation_2026_election__participant_person__004__neighbor__bn_hasina_resignation_2026_election_neighbor_1__zh__surface_002	bn_hasina_resignation_2026_election__participant_person__004__neighbor__bn_hasina_resignation_2026_election_neighbor_1__en__surface_002	bn_hasina_resignation_2026_election	bn_hasina_resignation_2026_election__participant_person__004	neighbor	surface	participant_person	True	ok	none	5	5	5	5	Accurate and natural translation.	Name the person at the helm of the Bangladesh Nationalist Party during their landslide victory in 2026.	Tarique Rahman	请说出在2026年孟加拉国民族主义党取得压倒性胜利时掌舵该党的人的名字。	塔里克·拉赫曼	Please state the name of the person at the helm of the Bangladesh Nationalist Party when it achieved a landslide victory in 2026.	Tarique Rahman
zh	zh:045:es_venezuela_crisis_uruguay_election__involved_political_organization__013__neighbor__es_venezuela_crisis_uruguay_election_neighbor_neighbor_involved_org_1__zh__surface_001	es_venezuela_crisis_uruguay_election__involved_political_organization__013__neighbor__es_venezuela_crisis_uruguay_election_neighbor_neighbor_involved_org_1__zh__surface_001	es_venezuela_crisis_uruguay_election__involved_political_organization__013__neighbor__es_venezuela_crisis_uruguay_election_neighbor_neighbor_involved_org_1__en__surface_001	es_venezuela_crisis_uruguay_election	es_venezuela_crisis_uruguay_election__involved_political_organization__013	neighbor	surface	involved_political_organization	True	ok	none	5	5	5	5	Accurate and natural translation.	Yamandú Orsi was the candidate for which political organization during the 2024 Uruguayan election?	Broad Front	在2024年乌拉圭选举中，亚曼杜·奥尔西是哪个政治组织的候选人？	广泛阵线	In the 2024 Uruguay election, Yamandú Orsi is the candidate of which political organization?	Broad Front
zh	zh:046:sw_goma_offensive_drc_rwanda_peace__involved_armed_group__008__target__sw_goma_offensive_drc_rwanda_peace_target_target_card_8__zh__surface_002	sw_goma_offensive_drc_rwanda_peace__involved_armed_group__008__target__sw_goma_offensive_drc_rwanda_peace_target_target_card_8__zh__surface_002	sw_goma_offensive_drc_rwanda_peace__involved_armed_group__008__target__sw_goma_offensive_drc_rwanda_peace_target_target_card_8__en__surface_002	sw_goma_offensive_drc_rwanda_peace	sw_goma_offensive_drc_rwanda_peace__involved_armed_group__008	target	surface	involved_armed_group	True	ok	none	5	5	5	5	Accurate and natural translation.	During the 2025 Goma offensive, which military organization established a defensive line?	FARDC	在2025年戈马攻势期间，哪个军事组织建立了防线？	FARDC	During the 2025 Goma offensive, which military organization established a defensive line?	FARDC
zh	zh:047:ja_hyuga_nada_earthquake_expo_pavilions__infrastructure_or_building_involved__015__target__ja_hyuga_nada_earthquake_expo_pavilions_target_target_infrastructure_3__zh__core	ja_hyuga_nada_earthquake_expo_pavilions__infrastructure_or_building_involved__015__target__ja_hyuga_nada_earthquake_expo_pavilions_target_target_infrastructure_3__zh__core	ja_hyuga_nada_earthquake_expo_pavilions__infrastructure_or_building_involved__015__target__ja_hyuga_nada_earthquake_expo_pavilions_target_target_infrastructure_3__en__core	ja_hyuga_nada_earthquake_expo_pavilions	ja_hyuga_nada_earthquake_expo_pavilions__infrastructure_or_building_involved__015	target	core	infrastructure_or_building_involved	True	ok	none	5	5	5	5	Accurate and natural translation.	Which national route was closed due to rockfalls caused by the 2024 Hyūga-nada earthquake?	National Route 220	哪条国道因2024年日向滩地震引发的落石而封闭？	220国道	Which national highway was closed due to rockfalls caused by the 2024 Hyuga-nada earthquake?	National Highway 220
zh	zh:048:ar_lebanon_device_attacks_hq_strike__reaction_by_country_or_org__004__neighbor__ar_lebanon_device_attacks_hq_strike_neighbor_reaction_3__zh__surface_002	ar_lebanon_device_attacks_hq_strike__reaction_by_country_or_org__004__neighbor__ar_lebanon_device_attacks_hq_strike_neighbor_reaction_3__zh__surface_002	ar_lebanon_device_attacks_hq_strike__reaction_by_country_or_org__004__neighbor__ar_lebanon_device_attacks_hq_strike_neighbor_reaction_3__en__surface_002	ar_lebanon_device_attacks_hq_strike	ar_lebanon_device_attacks_hq_strike__reaction_by_country_or_org__004	neighbor	surface	reaction_by_country_or_org	True	ok	none	5	5	5	5	Accurate and natural translation.	Which government reached out to the Lebanese authority to avoid more instability following the 2024 Hezbollah headquarters strike?	France	在2024年真主党总部遭袭事件后，哪个政府联系了黎巴嫩当局以避免更多动荡？	法国	After the 2024 Hezbollah headquarters attack, which government contacted Lebanese authorities to avoid further unrest?	France
zh	zh:049:ja_mof_protests_house_councillors__person_making_statement__008__neighbor__ja_mof_protests_house_councillors_neighbor_neighbor_person_statement_2__zh__core	ja_mof_protests_house_councillors__person_making_statement__008__neighbor__ja_mof_protests_house_councillors_neighbor_neighbor_person_statement_2__zh__core	ja_mof_protests_house_councillors__person_making_statement__008__neighbor__ja_mof_protests_house_councillors_neighbor_neighbor_person_statement_2__en__core	ja_mof_protests_house_councillors	ja_mof_protests_house_councillors__person_making_statement__008	neighbor	core	person_making_statement	True	ok	none	5	5	5	5	Accurate and natural translation.	Who criticized Ishiba’s speech at the LDP party convention?	Takayuki Kobayashi	谁在自民党大会上批评了石破的演讲？	小林鹰之	Who criticized Ishiba's speech at the LDP convention?	Takayuki Kobayashi
zh	zh:050:en_brian_thompson_killing_luigi_mangione__key_locations__012__neighbor__en_brian_thompson_killing_luigi_mangione_neighbor_neighbor_key_locations_1__zh__surface_002	en_brian_thompson_killing_luigi_mangione__key_locations__012__neighbor__en_brian_thompson_killing_luigi_mangione_neighbor_neighbor_key_locations_1__zh__surface_002	en_brian_thompson_killing_luigi_mangione__key_locations__012__neighbor__en_brian_thompson_killing_luigi_mangione_neighbor_neighbor_key_locations_1__en__surface_002	en_brian_thompson_killing_luigi_mangione	en_brian_thompson_killing_luigi_mangione__key_locations__012	neighbor	surface	key_locations	True	ok	none	5	5	5	5	Accurate and natural translation.	What is the name of the area where Brian Thompson was murdered?	Midtown Manhattan	布莱恩·汤普森被谋杀的地区叫什么名字？	曼哈顿中城	What is the name of the area where Brian Thompson was murdered?	Midtown Manhattan
zh	zh:051:bn_anti_hindu_violence_national_citizen_party__target_demographic__001__target__bn_anti_hindu_violence_national_citizen_party_target_target_target_demographic_1__zh__surface_001	bn_anti_hindu_violence_national_citizen_party__target_demographic__001__target__bn_anti_hindu_violence_national_citizen_party_target_target_target_demographic_1__zh__surface_001	bn_anti_hindu_violence_national_citizen_party__target_demographic__001__target__bn_anti_hindu_violence_national_citizen_party_target_target_target_demographic_1__en__surface_001	bn_anti_hindu_violence_national_citizen_party	bn_anti_hindu_violence_national_citizen_party__target_demographic__001	target	surface	target_demographic	True	ok	none	5	5	5	5	Accurate and fluent translation.	After Sheikh Hasina resigned, which religious community faced a wave of attacks in Bangladesh?	Hindus	谢赫·哈西娜辞职后，孟加拉国哪个宗教群体遭遇了一波袭击？	印度教徒	After Sheikh Hasina's resignation, which religious group in Bangladesh suffered a wave of attacks?	Hindus
zh	zh:052:fr_olympics_opening_closing_ceremony__athlete_participant__013__target__fr_olympics_opening_closing_ceremony_target_target_athlete_participant_2__zh__surface_003	fr_olympics_opening_closing_ceremony__athlete_participant__013__target__fr_olympics_opening_closing_ceremony_target_target_athlete_participant_2__zh__surface_003	fr_olympics_opening_closing_ceremony__athlete_participant__013__target__fr_olympics_opening_closing_ceremony_target_target_athlete_participant_2__en__surface_003	fr_olympics_opening_closing_ceremony	fr_olympics_opening_closing_ceremony__athlete_participant__013	target	surface	athlete_participant	True	ok	none	5	5	5	5	Accurate and fluent translation.	During the opening ceremony of the 2024 Summer Olympics, who carried the Olympic flame?	Rafael Nadal	在2024年夏季奥运会开幕式上，谁传递了奥运圣火？	拉斐尔·纳达尔	At the 2024 Summer Olympics opening ceremony, who passed the Olympic flame?	Rafael Nadal
zh	zh:053:bn_anti_hindu_violence_national_citizen_party__associated_event__004__target__bn_anti_hindu_violence_national_citizen_party_target_target_associated_event_3__zh__core	bn_anti_hindu_violence_national_citizen_party__associated_event__004__target__bn_anti_hindu_violence_national_citizen_party_target_target_associated_event_3__zh__core	bn_anti_hindu_violence_national_citizen_party__associated_event__004__target__bn_anti_hindu_violence_national_citizen_party_target_target_associated_event_3__en__core	bn_anti_hindu_violence_national_citizen_party	bn_anti_hindu_violence_national_citizen_party__associated_event__004	target	core	associated_event	True	ok	none	5	5	5	5	Accurate and fluent translation.	What movement morphed into a fierce anti-government non-cooperation movement in July 2024?	quota reform movement	2024年7月，哪场运动演变成了一场激烈的反政府不合作运动？	配额改革运动	In July 2024, which movement evolved into a fierce anti-government non-cooperation movement?	Quota Reform Movement
zh	zh:054:ja_hyuga_nada_earthquake_expo_pavilions__infrastructure_or_building_involved__015__neighbor__ja_hyuga_nada_earthquake_expo_pavilions_neighbor_neighbor_infrastructure_4__zh__core	ja_hyuga_nada_earthquake_expo_pavilions__infrastructure_or_building_involved__015__neighbor__ja_hyuga_nada_earthquake_expo_pavilions_neighbor_neighbor_infrastructure_4__zh__core	ja_hyuga_nada_earthquake_expo_pavilions__infrastructure_or_building_involved__015__neighbor__ja_hyuga_nada_earthquake_expo_pavilions_neighbor_neighbor_infrastructure_4__en__core	ja_hyuga_nada_earthquake_expo_pavilions	ja_hyuga_nada_earthquake_expo_pavilions__infrastructure_or_building_involved__015	neighbor	core	infrastructure_or_building_involved	True	ok	none	5	5	5	5	Accurate and fluent translation.	What structure did Sou Fujimoto design for Expo 2025?	Grand Ring	藤本壮介为2025年世博会设计了什么建筑？	大圆环	What building did Sou Fujimoto design for the 2025 Expo?	Grand Ring
zh	zh:055:ar_haniyeh_assassination_masoud_pezeshkian__associated_person__008__neighbor__ar_haniyeh_assassination_masoud_pezeshkian_neighbor_2__zh__surface_003	ar_haniyeh_assassination_masoud_pezeshkian__associated_person__008__neighbor__ar_haniyeh_assassination_masoud_pezeshkian_neighbor_2__zh__surface_003	ar_haniyeh_assassination_masoud_pezeshkian__associated_person__008__neighbor__ar_haniyeh_assassination_masoud_pezeshkian_neighbor_2__en__surface_003	ar_haniyeh_assassination_masoud_pezeshkian	ar_haniyeh_assassination_masoud_pezeshkian__associated_person__008	neighbor	surface	associated_person	True	ok	none	5	5	5	5	Accurate and fluent translation.	Against which person did Masoud Pezeshkian compete and win the presidential election?	Saeed Jalili	马苏德·佩泽什基安在总统选举中与哪个人竞争并获胜？	赛义德·贾利利	Which person did Masoud Pezeshkian compete with and win against in the presidential election?	Saeed Jalili
zh	zh:056:en_tesla_vandalism_doge__key_person__006__target__en_tesla_vandalism_doge_target_target_key_person_3__zh__surface_003	en_tesla_vandalism_doge__key_person__006__target__en_tesla_vandalism_doge_target_target_key_person_3__zh__surface_003	en_tesla_vandalism_doge__key_person__006__target__en_tesla_vandalism_doge_target_target_key_person_3__en__surface_003	en_tesla_vandalism_doge	en_tesla_vandalism_doge__key_person__006	target	surface	key_person	True	ok	none	5	5	5	5	Accurate and natural translation. '发神经' fits perfectly for 'being psycho' here.	Name the person who told the vandals targeting Tesla cars to stop being psycho.	Elon Musk	请说出那个告诉针对特斯拉汽车的破坏者不要再发神经的人的名字。	埃隆·马斯克	Please name the person who told the vandals targeting Tesla cars to stop acting crazy.	Elon Musk
zh	zh:057:bn_noncooperation_interim_government__locations_of_significant_events__001__neighbor__bn_noncooperation_interim_government_neighbor_neighbor_locations_1__zh__surface_001	bn_noncooperation_interim_government__locations_of_significant_events__001__neighbor__bn_noncooperation_interim_government_neighbor_neighbor_locations_1__zh__surface_001	bn_noncooperation_interim_government__locations_of_significant_events__001__neighbor__bn_noncooperation_interim_government_neighbor_neighbor_locations_1__en__surface_001	bn_noncooperation_interim_government	bn_noncooperation_interim_government__locations_of_significant_events__001	neighbor	surface	locations_of_significant_events	True	ok	none	5	5	5	5	Accurate and fluent translation.	In what building did the swearing-in ceremony for Muhammad Yunus as Chief Adviser take place?	Bangabhaban	穆罕默德·尤努斯就任首席顾问的宣誓就职仪式是在哪座建筑举行的？	孟加拉国总统府	In which building was the swearing-in ceremony of Muhammad Yunus as Chief Adviser held?	Presidential Palace of Bangladesh
zh	zh:058:en_tesla_vandalism_doge__affected_entity__011__neighbor__en_tesla_vandalism_doge_neighbor_neighbor_affected_entity_2__zh__surface_003	en_tesla_vandalism_doge__affected_entity__011__neighbor__en_tesla_vandalism_doge_neighbor_neighbor_affected_entity_2__zh__surface_003	en_tesla_vandalism_doge__affected_entity__011__neighbor__en_tesla_vandalism_doge_neighbor_neighbor_affected_entity_2__en__surface_003	en_tesla_vandalism_doge	en_tesla_vandalism_doge__affected_entity__011	neighbor	surface	affected_entity	True	ok	none	5	5	5	5	Accurate and fluent translation.	What is slated to be downsized by DOGE's efforts to make the government smaller?	federal workforce	DOGE为了缩小政府规模而做出的努力计划裁减什么？	联邦雇员	What do DOGE's efforts to reduce the size of the government plan to cut?	Federal employees
zh	zh:059:th_political_crisis_same_sex_marriage__key_figure__008__target__th_political_crisis_same_sex_marriage_target_th_political_crisis_2025_key_figure_5__zh__surface_002	th_political_crisis_same_sex_marriage__key_figure__008__target__th_political_crisis_same_sex_marriage_target_th_political_crisis_2025_key_figure_5__zh__surface_002	th_political_crisis_same_sex_marriage__key_figure__008__target__th_political_crisis_same_sex_marriage_target_th_political_crisis_2025_key_figure_5__en__surface_002	th_political_crisis_same_sex_marriage	th_political_crisis_same_sex_marriage__key_figure__008	target	surface	key_figure	True	ok	none	5	5	5	5	Accurate and fluent translation.	Name the person serving as the head of the People's Party amidst the 2025 Thai political crisis.	Natthaphong Ruengpanyawut	请说出在2025年泰国政治危机期间担任人民党领袖的人。	纳塔蓬·伦班亚武	Please name the person who served as the leader of the People's Party during the 2025 Thai political crisis.	Natthaphong Ruengpanyawut
zh	zh:060:th_political_crisis_same_sex_marriage__key_figure__008__neighbor__th_political_crisis_same_sex_marriage_neighbor_th_same_sex_marriage_key_figure_5__zh__surface_001	th_political_crisis_same_sex_marriage__key_figure__008__neighbor__th_political_crisis_same_sex_marriage_neighbor_th_same_sex_marriage_key_figure_5__zh__surface_001	th_political_crisis_same_sex_marriage__key_figure__008__neighbor__th_political_crisis_same_sex_marriage_neighbor_th_same_sex_marriage_key_figure_5__en__surface_001	th_political_crisis_same_sex_marriage	th_political_crisis_same_sex_marriage__key_figure__008	neighbor	surface	key_figure	True	ok	none	5	5	5	5	Accurate and fluent translation.	Who is the Prime Minister that took to social media to welcome the promulgation of the Marriage Equality Act?	Paetongtarn Shinawatra	在社交媒体上发文欢迎《婚姻平等法》颁布的总理是谁？	佩通坦·钦那瓦	Who is the Prime Minister who posted on social media welcoming the enactment of the Marriage Equality Act?	Paetongtarn Shinawatra
zh	zh:061:bn_hasina_resignation_2026_election__participant_person__005__neighbor__bn_hasina_resignation_2026_election_neighbor_2__zh__surface_002	bn_hasina_resignation_2026_election__participant_person__005__neighbor__bn_hasina_resignation_2026_election_neighbor_2__zh__surface_002	bn_hasina_resignation_2026_election__participant_person__005__neighbor__bn_hasina_resignation_2026_election_neighbor_2__en__surface_002	bn_hasina_resignation_2026_election	bn_hasina_resignation_2026_election__participant_person__005	neighbor	surface	participant_person	True	ok	none	5	5	5	5	Accurate and natural translation.	Name the person who served as the leader of the interim government during the 2026 election in Bangladesh.	Muhammad Yunus	请说出在2026年孟加拉国选举期间担任临时政府领导人的姓名。	穆罕默德·尤努斯	Please state the name of the leader of the interim government during the 2026 Bangladesh election.	Muhammad Yunus
zh	zh:062:es_catatumbo_clashes_ecuador_election__involved_group__008__neighbor__es_catatumbo_clashes_ecuador_election_neighbor_neighbor_involved_group_4__zh__surface_003	es_catatumbo_clashes_ecuador_election__involved_group__008__neighbor__es_catatumbo_clashes_ecuador_election_neighbor_neighbor_involved_group_4__zh__surface_003	es_catatumbo_clashes_ecuador_election__involved_group__008__neighbor__es_catatumbo_clashes_ecuador_election_neighbor_neighbor_involved_group_4__en__surface_003	es_catatumbo_clashes_ecuador_election	es_catatumbo_clashes_ecuador_election__involved_group__008	neighbor	surface	involved_group	True	ok	none	5	5	5	5	Accurate and natural translation.	In the 2025 general election in Ecuador, which specific party managed to win 9 seats in the National Assembly?	Pachakutik	在2025年厄瓜多尔大选中，哪个特定政党在国民代表大会中成功赢得了9个席位？	帕查库蒂克	In the 2025 Ecuadorian general election, which specific political party successfully won 9 seats in the National Assembly?	Pachakutik
zh	zh:063:es_venezuela_protests_presidential_election__event_location__007__neighbor__es_venezuela_protests_presidential_election_neighbor_neighbor_event_location_4__zh__surface_001	es_venezuela_protests_presidential_election__event_location__007__neighbor__es_venezuela_protests_presidential_election_neighbor_neighbor_event_location_4__zh__surface_001	es_venezuela_protests_presidential_election__event_location__007__neighbor__es_venezuela_protests_presidential_election_neighbor_neighbor_event_location_4__en__surface_001	es_venezuela_protests_presidential_election	es_venezuela_protests_presidential_election__event_location__007	neighbor	surface	event_location	True	ok	none	5	5	5	5	Accurate and natural translation.	Where was a campaign rally prevented from happening during the 2024 Venezuelan presidential election?	Petare	2024年委内瑞拉总统选举期间，一场竞选集会在哪里被阻止举行？	佩塔雷	During the 2024 Venezuelan presidential election, where was a campaign rally prevented from being held?	Petare
zh	zh:064:ja_mof_protests_house_councillors__person_making_statement__008__target__ja_mof_protests_house_councillors_target_target_person_statement_2__zh__surface_001	ja_mof_protests_house_councillors__person_making_statement__008__target__ja_mof_protests_house_councillors_target_target_person_statement_2__zh__surface_001	ja_mof_protests_house_councillors__person_making_statement__008__target__ja_mof_protests_house_councillors_target_target_person_statement_2__en__surface_001	ja_mof_protests_house_councillors	ja_mof_protests_house_councillors__person_making_statement__008	target	surface	person_making_statement	True	ok	none	5	5	5	5	Accurate and natural translation.	Which individual remarked that the 2025 Ministry of Finance protests demonstrate public anger and dissatisfaction?	Shigeru Ishiba	哪位人士表示，2025年财务省抗议活动表明了公众的愤怒和不满？	石破茂	Who stated that the 2025 Ministry of Finance protests demonstrated public anger and dissatisfaction?	Shigeru Ishiba
zh	zh:065:zh_zhuhai_car_attack_wuxi_stabbing__censorship_target__014__neighbor__zh_zhuhai_car_attack_wuxi_stabbing_neighbor_wuxi_cen_2__zh__surface_002	zh_zhuhai_car_attack_wuxi_stabbing__censorship_target__014__neighbor__zh_zhuhai_car_attack_wuxi_stabbing_neighbor_wuxi_cen_2__zh__surface_002	zh_zhuhai_car_attack_wuxi_stabbing__censorship_target__014__neighbor__zh_zhuhai_car_attack_wuxi_stabbing_neighbor_wuxi_cen_2__en__surface_002	zh_zhuhai_car_attack_wuxi_stabbing	zh_zhuhai_car_attack_wuxi_stabbing__censorship_target__014	neighbor	surface	censorship_target	True	ok	none	5	5	5	5	Accurate and natural translation.	What digital space saw heavy restrictions on information concerning the 2024 Wuxi stabbing?	Chinese internet	关于2024年无锡持刀伤人事件的信息在哪个数字空间受到了严格限制？	中国互联网	In which digital space was information about the 2024 Wuxi stabbing incident strictly restricted?	Chinese internet
zh	zh:066:en_uk_riots_southport_stabbings__involved_city_or_town__004__neighbor__en_uk_riots_southport_stabbings_neighbor_neighbor_city_4__zh__core	en_uk_riots_southport_stabbings__involved_city_or_town__004__neighbor__en_uk_riots_southport_stabbings_neighbor_neighbor_city_4__zh__core	en_uk_riots_southport_stabbings__involved_city_or_town__004__neighbor__en_uk_riots_southport_stabbings_neighbor_neighbor_city_4__en__core	en_uk_riots_southport_stabbings	en_uk_riots_southport_stabbings__involved_city_or_town__004	neighbor	core	involved_city_or_town	True	ok	none	5	5	5	5	Accurate and natural translation.	In which town is The Acorns School, attended by Axel Rudakubana, located?	Ormskirk	阿克塞尔·鲁达库巴纳就读的阿康斯学校（The Acorns School）位于哪个城镇？	奥姆斯柯克	In which town is The Acorns School, attended by Axel Rudakubana, located?	Ormskirk
zh	zh:067:ja_hyuga_nada_earthquake_expo_pavilions__cancelled_or_delayed_entity__006__neighbor__ja_hyuga_nada_earthquake_expo_pavilions_neighbor_neighbor_cancelled_2__zh__core	ja_hyuga_nada_earthquake_expo_pavilions__cancelled_or_delayed_entity__006__neighbor__ja_hyuga_nada_earthquake_expo_pavilions_neighbor_neighbor_cancelled_2__zh__core	ja_hyuga_nada_earthquake_expo_pavilions__cancelled_or_delayed_entity__006__neighbor__ja_hyuga_nada_earthquake_expo_pavilions_neighbor_neighbor_cancelled_2__en__core	ja_hyuga_nada_earthquake_expo_pavilions	ja_hyuga_nada_earthquake_expo_pavilions__cancelled_or_delayed_entity__006	neighbor	core	cancelled_or_delayed_entity	True	ok	none	5	5	5	5	Accurate and natural translation.	What phase of Malta's pavilion for Expo 2025 was delayed and did not begin until December 2024?	construction	2025年世博会马耳他馆的哪个阶段被推迟，直到2024年12月才开始？	建设	Which phase of the 2025 Expo Malta Pavilion was delayed and did not start until December 2024?	Construction
zh	zh:068:fr_imane_khelif_olympic_boxing__event_year__004__target__fr_imane_khelif_olympic_boxing_target_11__zh__surface_003	fr_imane_khelif_olympic_boxing__event_year__004__target__fr_imane_khelif_olympic_boxing_target_11__zh__surface_003	fr_imane_khelif_olympic_boxing__event_year__004__target__fr_imane_khelif_olympic_boxing_target_11__en__surface_003	fr_imane_khelif_olympic_boxing	fr_imane_khelif_olympic_boxing__event_year__004	target	surface	event_year	True	ok	none	5	5	5	5	Accurate and natural translation.	What year marks Imane Khelif's appearance at the AIBA Women's World Boxing Championships?	2018	伊曼·哈利夫亮相AIBA世界女子拳击锦标赛是在哪一年？	2018	In what year did Imane Khelif make her appearance at the AIBA Women's World Boxing Championships?	2018
zh	zh:069:es_venezuela_protests_presidential_election__involved_person__013__target__es_venezuela_protests_presidential_election_target_target_involved_person_4__zh__surface_002	es_venezuela_protests_presidential_election__involved_person__013__target__es_venezuela_protests_presidential_election_target_target_involved_person_4__zh__surface_002	es_venezuela_protests_presidential_election__involved_person__013__target__es_venezuela_protests_presidential_election_target_target_involved_person_4__en__surface_002	es_venezuela_protests_presidential_election	es_venezuela_protests_presidential_election__involved_person__013	target	surface	involved_person	True	ok	none	5	5	5	5	Accurate and natural translation.	Which key person played a role in the protests surrounding the 2024 Venezuelan presidential election?	Tarek William Saab	哪位关键人物在围绕2024年委内瑞拉总统选举的抗议活动中发挥了作用？	塔雷克·威廉·萨阿卜	Which key figure played a role in the protests surrounding the 2024 Venezuelan presidential election?	Tarek William Saab
zh	zh:070:en_brian_thompson_killing_luigi_mangione__associated_organizations__006__target__en_brian_thompson_killing_luigi_mangione_target_target_associated_organizations_2__zh__surface_001	en_brian_thompson_killing_luigi_mangione__associated_organizations__006__target__en_brian_thompson_killing_luigi_mangione_target_target_associated_organizations_2__zh__surface_001	en_brian_thompson_killing_luigi_mangione__associated_organizations__006__target__en_brian_thompson_killing_luigi_mangione_target_target_associated_organizations_2__en__surface_001	en_brian_thompson_killing_luigi_mangione	en_brian_thompson_killing_luigi_mangione__associated_organizations__006	target	surface	associated_organizations	True	ok	none	5	5	5	5	Accurate and natural translation.	Which transportation organization operated the bus that brought the suspect in Brian Thompson's killing to New York City?	Greyhound	将布莱恩·汤普森谋杀案嫌疑人送至纽约市的巴士是由哪家交通运输机构运营的？	灰狗	Which transportation agency operated the bus that transported the Brian Thompson murder suspect to New York City?	Greyhound
zh	zh:071:th_audit_office_bangkok_road_collapse__event_measurements__009__neighbor__th_audit_office_bangkok_road_collapse_neighbor_neighbor_event_measurements_3__zh__core	th_audit_office_bangkok_road_collapse__event_measurements__009__neighbor__th_audit_office_bangkok_road_collapse_neighbor_neighbor_event_measurements_3__zh__core	th_audit_office_bangkok_road_collapse__event_measurements__009__neighbor__th_audit_office_bangkok_road_collapse_neighbor_neighbor_event_measurements_3__en__core	th_audit_office_bangkok_road_collapse	th_audit_office_bangkok_road_collapse__event_measurements__009	neighbor	core	event_measurements	True	ok	none	5	5	5	5	Accurate and natural translation.	What distance is covered by the Taopoon–National Library tunnel section?	4.8 kilometers	涛本至国家图书馆隧道段的距离是多少？	4.8公里	What is the distance of the tunnel section from Tao Poon to the National Library?	4.8 kilometers
zh	zh:072:ja_hyogo_gubernatorial_2025_ldp_presidential__candidate__006__target__ja_hyogo_gubernatorial_2025_ldp_presidential_target_target_candidate_4__zh__surface_002	ja_hyogo_gubernatorial_2025_ldp_presidential__candidate__006__target__ja_hyogo_gubernatorial_2025_ldp_presidential_target_target_candidate_4__zh__surface_002	ja_hyogo_gubernatorial_2025_ldp_presidential__candidate__006__target__ja_hyogo_gubernatorial_2025_ldp_presidential_target_target_candidate_4__en__surface_002	ja_hyogo_gubernatorial_2025_ldp_presidential	ja_hyogo_gubernatorial_2025_ldp_presidential__candidate__006	target	surface	candidate	True	ok	none	5	5	5	5	Perfect translation, including correct use of Japanese kanji for the candidate's name.	Name the Japanese Communist Party's endorsed candidate for the 2024 Hyogo gubernatorial election.	Yoshikiyo Osawa	请说出日本共产党在2024年兵库县知事选举中推荐的候选人。	大泽芳清	Please name the candidate recommended by the Japanese Communist Party in the 2024 Hyogo gubernatorial election.	Yoshikiyo Osawa
zh	zh:073:zh_zhuhai_car_attack_wuxi_stabbing__casualty_count__004__neighbor__zh_zhuhai_car_attack_wuxi_stabbing_neighbor_wuxi_cas_1__zh__core	zh_zhuhai_car_attack_wuxi_stabbing__casualty_count__004__neighbor__zh_zhuhai_car_attack_wuxi_stabbing_neighbor_wuxi_cas_1__zh__core	zh_zhuhai_car_attack_wuxi_stabbing__casualty_count__004__neighbor__zh_zhuhai_car_attack_wuxi_stabbing_neighbor_wuxi_cas_1__en__core	zh_zhuhai_car_attack_wuxi_stabbing	zh_zhuhai_car_attack_wuxi_stabbing__casualty_count__004	neighbor	core	casualty_count	True	ok	none	5	5	5	5	Accurate and natural.	How many deaths resulted from the 2024 Wuxi stabbing?	Eight	2024年无锡持刀伤人事件导致多少人死亡？	8	How many people died in the 2024 Wuxi stabbing incident?	8
zh	zh:074:en_uk_riots_southport_stabbings__involved_city_or_town__003__neighbor__en_uk_riots_southport_stabbings_neighbor_neighbor_city_3__zh__surface_002	en_uk_riots_southport_stabbings__involved_city_or_town__003__neighbor__en_uk_riots_southport_stabbings_neighbor_neighbor_city_3__zh__surface_002	en_uk_riots_southport_stabbings__involved_city_or_town__003__neighbor__en_uk_riots_southport_stabbings_neighbor_neighbor_city_3__en__surface_002	en_uk_riots_southport_stabbings	en_uk_riots_southport_stabbings__involved_city_or_town__003	neighbor	surface	involved_city_or_town	True	ok	none	5	5	5	5	Good translation.	Axel Rudakubana's family made their home in which large village near Southport?	Banks	阿克塞尔·鲁达库巴纳的家人定居在绍斯波特附近的哪个大村庄？	班克斯	In which large village near Southport did Axel Rudakubana's family settle?	Banks
zh	zh:075:de_munich_car_attack_federal_election__involved_organization__003__target__de_munich_car_attack_federal_election_target_target_involved_organization_5__zh__core	de_munich_car_attack_federal_election__involved_organization__003__target__de_munich_car_attack_federal_election_target_target_involved_organization_5__zh__core	de_munich_car_attack_federal_election__involved_organization__003__target__de_munich_car_attack_federal_election_target_target_involved_organization_5__en__core	de_munich_car_attack_federal_election	de_munich_car_attack_federal_election__involved_organization__003	target	core	involved_organization	True	ok	none	5	5	5	5	Accurate, perfectly localizes the political party acronym to standard Chinese terminology.	Which political party does Bavarian Interior Minister Joachim Herrmann, who responded to the 2025 Munich car attack, belong to?	CSU	应对2025年慕尼黑汽车袭击事件的巴伐利亚州内政部长约阿希姆·赫尔曼属于哪个政党？	基社盟	Which political party does Joachim Herrmann, the Bavarian Interior Minister who responded to the 2025 Munich car attack, belong to?	CSU
zh	zh:076:ja_hyogo_gubernatorial_2025_ldp_presidential__candidate_background__012__target__ja_hyogo_gubernatorial_2025_ldp_presidential_target_target_candidate_background_2__zh__surface_002	ja_hyogo_gubernatorial_2025_ldp_presidential__candidate_background__012__target__ja_hyogo_gubernatorial_2025_ldp_presidential_target_target_candidate_background_2__zh__surface_002	ja_hyogo_gubernatorial_2025_ldp_presidential__candidate_background__012__target__ja_hyogo_gubernatorial_2025_ldp_presidential_target_target_candidate_background_2__en__surface_002	ja_hyogo_gubernatorial_2025_ldp_presidential	ja_hyogo_gubernatorial_2025_ldp_presidential__candidate_background__012	target	surface	candidate_background	True	ok	none	5	5	5	5	Perfect translation.	What was Takayuki Shimizu's political position prior to entering the 2024 Hyogo gubernatorial race?	member of the House of Councillors	在参加2024年兵库县知事选举之前，清水贵之的政治职务是什么？	参议院议员	What was Takayuki Shimizu's political position before participating in the 2024 Hyogo gubernatorial election?	Member of the House of Councillors
zh	zh:077:fr_pelicot_case_gisele_pelicot__significant_location__009__neighbor__fr_pelicot_case_gisele_pelicot_neighbor_neighbor_significant_location_1__zh__core	fr_pelicot_case_gisele_pelicot__significant_location__009__neighbor__fr_pelicot_case_gisele_pelicot_neighbor_neighbor_significant_location_1__zh__core	fr_pelicot_case_gisele_pelicot__significant_location__009__neighbor__fr_pelicot_case_gisele_pelicot_neighbor_neighbor_significant_location_1__en__core	fr_pelicot_case_gisele_pelicot	fr_pelicot_case_gisele_pelicot__significant_location__009	neighbor	core	significant_location	True	ok	none	5	5	5	5	Accurate and natural.	In which town did the abuse in the Gisèle Pelicot case mostly occur?	Mazan	吉赛尔·佩利科案中的虐待事件主要发生在哪个城镇？	马藏	In which town did the abuse incidents in the Gisèle Pelicot case primarily occur?	Mazan
zh	zh:078:bn_noncooperation_interim_government__key_figures__014__target__bn_noncooperation_interim_government_target_target_key_figures_7__zh__surface_002	bn_noncooperation_interim_government__key_figures__014__target__bn_noncooperation_interim_government_target_target_key_figures_7__zh__surface_002	bn_noncooperation_interim_government__key_figures__014__target__bn_noncooperation_interim_government_target_target_key_figures_7__en__surface_002	bn_noncooperation_interim_government	bn_noncooperation_interim_government__key_figures__014	target	surface	key_figures	True	ok	none	5	5	5	5	Accurate and faithful translation.	Which individual is known to be the son of Sheikh Hasina?	Sajeeb Wazed	哪位人士被认为是谢赫·哈西娜的儿子？	萨吉布·瓦吉德	Which person is considered to be Sheikh Hasina's son?	Sajeeb Wazed
zh	zh:079:zh_shenzhen_stabbing_wuxi_stabbing__perpetrator_attributes__004__target__zh_shenzhen_stabbing_wuxi_stabbing_target_target_perp_1__zh__surface_003	zh_shenzhen_stabbing_wuxi_stabbing__perpetrator_attributes__004__target__zh_shenzhen_stabbing_wuxi_stabbing_target_target_perp_1__zh__surface_003	zh_shenzhen_stabbing_wuxi_stabbing__perpetrator_attributes__004__target__zh_shenzhen_stabbing_wuxi_stabbing_target_target_perp_1__en__surface_003	zh_shenzhen_stabbing_wuxi_stabbing	zh_shenzhen_stabbing_wuxi_stabbing__perpetrator_attributes__004	target	surface	perpetrator_attributes	True	ok	none	5	5	5	5	Good translation.	By what name is the suspect of the 2024 Shenzhen stabbing known?	Zhong Changchun	2024年深圳刺人事件的嫌疑人叫什么名字？	钟长春	What is the name of the suspect in the 2024 Shenzhen stabbing incident?	Zhong Changchun
zh	zh:080:ar_syrian_offensives_transitional_government__key_event_date__014__neighbor__ar_syrian_offensives_transitional_government_neighbor_neighbor_date_2__zh__surface_003	ar_syrian_offensives_transitional_government__key_event_date__014__neighbor__ar_syrian_offensives_transitional_government_neighbor_neighbor_date_2__zh__surface_003	ar_syrian_offensives_transitional_government__key_event_date__014__neighbor__ar_syrian_offensives_transitional_government_neighbor_neighbor_date_2__en__surface_003	ar_syrian_offensives_transitional_government	ar_syrian_offensives_transitional_government__key_event_date__014	neighbor	surface	key_event_date	True	ok	none	5	5	5	5	Accurate and natural translation.	On which day was the provisional constitution, known as the Constitutional Declaration of the Syrian Arab Republic, officially ratified by al-Sharaa?	13 March 2025	被称为《阿拉伯叙利亚共和国宪法宣言》的临时宪法是在哪一天被沙雷正式批准的？	2025年3月13日	On what date was the interim constitution known as the 'Constitutional Declaration of the Syrian Arab Republic' officially approved by Sharaa?	March 13, 2025
zh	zh:081:de_aschaffenburg_stabbing_merz_cabinet__participant__009__neighbor__de_aschaffenburg_stabbing_merz_cabinet_neighbor_neighbor_participant_2__zh__surface_001	de_aschaffenburg_stabbing_merz_cabinet__participant__009__neighbor__de_aschaffenburg_stabbing_merz_cabinet_neighbor_neighbor_participant_2__zh__surface_001	de_aschaffenburg_stabbing_merz_cabinet__participant__009__neighbor__de_aschaffenburg_stabbing_merz_cabinet_neighbor_neighbor_participant_2__en__surface_001	de_aschaffenburg_stabbing_merz_cabinet	de_aschaffenburg_stabbing_merz_cabinet__participant__009	neighbor	surface	participant	True	ok	none	5	5	5	5	Accurate and natural translation.	Which Chancellor's cabinet immediately preceded the Merz cabinet?	Olaf Scholz	哪位总理的内阁紧接在梅尔茨内阁之前？	奥拉夫·朔尔茨	Which chancellor's cabinet immediately preceded the Merz cabinet?	Olaf Scholz
zh	zh:082:de_solingen_stabbing_magdeburg_attack__perpetrator_background_trait__012__neighbor__de_solingen_stabbing_magdeburg_attack_neighbor_de_magdeburg_attack_trait_3__zh__core	de_solingen_stabbing_magdeburg_attack__perpetrator_background_trait__012__neighbor__de_solingen_stabbing_magdeburg_attack_neighbor_de_magdeburg_attack_trait_3__zh__core	de_solingen_stabbing_magdeburg_attack__perpetrator_background_trait__012__neighbor__de_solingen_stabbing_magdeburg_attack_neighbor_de_magdeburg_attack_trait_3__en__core	de_solingen_stabbing_magdeburg_attack	de_solingen_stabbing_magdeburg_attack__perpetrator_background_trait__012	neighbor	core	perpetrator_background_trait	True	ok	none	5	5	5	5	Perfect translation.	What country was the perpetrator of the 2024 Magdeburg car attack from?	Saudi Arabia	2024年马格德堡汽车袭击事件的肇事者来自哪个国家？	沙特阿拉伯	Which country did the perpetrator of the 2024 Magdeburg car attack come from?	Saudi Arabia
zh	zh:083:en_uk_riots_southport_stabbings__responding_official_or_politician__009__neighbor__en_uk_riots_southport_stabbings_neighbor_neighbor_official_2__zh__surface_003	en_uk_riots_southport_stabbings__responding_official_or_politician__009__neighbor__en_uk_riots_southport_stabbings_neighbor_neighbor_official_2__zh__surface_003	en_uk_riots_southport_stabbings__responding_official_or_politician__009__neighbor__en_uk_riots_southport_stabbings_neighbor_neighbor_official_2__en__surface_003	en_uk_riots_southport_stabbings	en_uk_riots_southport_stabbings__responding_official_or_politician__009	neighbor	surface	responding_official_or_politician	True	ok	none	5	5	5	5	Faithful and highly fluent.	Which British politician serving as Home Secretary voiced concern about the Southport incident while praising first responders?	Yvette Cooper	哪位担任内政大臣的英国政治家对绍斯波特事件表示担忧，同时赞扬了一线救援人员？	伊薇特·库珀	Which British politician serving as Home Secretary expressed concern over the Southport incident while praising first responders?	Yvette Cooper
zh	zh:084:sw_tanzania_protests_general_election__event_date__014__target__sw_tanzania_protests_general_election_target_target_date_2__zh__surface_002	sw_tanzania_protests_general_election__event_date__014__target__sw_tanzania_protests_general_election_target_target_date_2__zh__surface_002	sw_tanzania_protests_general_election__event_date__014__target__sw_tanzania_protests_general_election_target_target_date_2__en__surface_002	sw_tanzania_protests_general_election	sw_tanzania_protests_general_election__event_date__014	target	surface	event_date	True	ok	none	5	5	5	5	Accurate translation, matching meaning properly.	Which day saw the UN's OHCHR issue a statement of alarm regarding the deaths and injuries from the 2025 Tanzanian election protests?	31 October	联合国人权高专办在哪一天就2025年坦桑尼亚选举抗议活动造成的死伤事件发表声明表示震惊？	10月31日	On what day did the UN Office of the High Commissioner for Human Rights issue a statement expressing shock over the deaths and injuries caused by the 2025 Tanzania election protests?	October 31
zh	zh:085:th_audit_office_bangkok_road_collapse__contributing_factors__003__neighbor__th_audit_office_bangkok_road_collapse_neighbor_neighbor_contributing_factors_2__zh__surface_002	th_audit_office_bangkok_road_collapse__contributing_factors__003__neighbor__th_audit_office_bangkok_road_collapse_neighbor_neighbor_contributing_factors_2__zh__surface_002	th_audit_office_bangkok_road_collapse__contributing_factors__003__neighbor__th_audit_office_bangkok_road_collapse_neighbor_neighbor_contributing_factors_2__en__surface_002	th_audit_office_bangkok_road_collapse	th_audit_office_bangkok_road_collapse__contributing_factors__003	neighbor	surface	contributing_factors	True	ok	none	5	5	5	5	Excellent and precise terminology choices.	What flaw that formed within the tunnel was a contributing factor to the sinkhole collapse in Bangkok in 2025?	cracks	隧道内形成的什么缺陷是导致2025年曼谷天坑塌陷的促成因素？	裂缝	What defect formed inside the tunnel was a contributing factor leading to the 2025 Bangkok sinkhole collapse?	Cracks
zh	zh:086:zh_night_ride_kaifeng_henan_cuisine__has_associated_location__006__target__zh_night_ride_kaifeng_henan_cuisine_target_4__zh__core	zh_night_ride_kaifeng_henan_cuisine__has_associated_location__006__target__zh_night_ride_kaifeng_henan_cuisine_target_4__zh__core	zh_night_ride_kaifeng_henan_cuisine__has_associated_location__006__target__zh_night_ride_kaifeng_henan_cuisine_target_4__en__core	zh_night_ride_kaifeng_henan_cuisine	zh_night_ride_kaifeng_henan_cuisine__has_associated_location__006	target	core	has_associated_location	True	ok	none	5	5	5	5	Natural and accurate phrasing.	Which smaller city experienced a short-term tourism boom when its local cuisine trended on social media?	Zibo	哪座小城市因当地美食在社交媒体上走红而迎来了短期旅游热潮？	淄博	Which small city experienced a short-term tourism boom because its local food went viral on social media?	Zibo
zh	zh:087:es_catatumbo_clashes_ecuador_election__location__004__neighbor__es_catatumbo_clashes_ecuador_election_neighbor_neighbor_location_4__zh__surface_001	es_catatumbo_clashes_ecuador_election__location__004__neighbor__es_catatumbo_clashes_ecuador_election_neighbor_neighbor_location_4__zh__surface_001	es_catatumbo_clashes_ecuador_election__location__004__neighbor__es_catatumbo_clashes_ecuador_election_neighbor_neighbor_location_4__en__surface_001	es_catatumbo_clashes_ecuador_election	es_catatumbo_clashes_ecuador_election__location__004	neighbor	surface	location	True	ok	none	5	5	5	5	Accurate and clear.	Where were the hundreds of polling station minutes located that Andrés Arauz contested?	Sucumbíos Province	安德烈斯·阿劳斯提出异议的数百份投票站记录位于哪里？	苏昆比奥斯省	Where are the hundreds of polling station records contested by Andrés Arauz located?	Sucumbíos Province
zh	zh:088:th_cambodian_border_crisis_myanmar_earthquake__affected_location__010__target__th_cambodian_border_crisis_myanmar_earthquake_target_th_cambodian_border_crisis_loc_6__zh__surface_003	th_cambodian_border_crisis_myanmar_earthquake__affected_location__010__target__th_cambodian_border_crisis_myanmar_earthquake_target_th_cambodian_border_crisis_loc_6__zh__surface_003	th_cambodian_border_crisis_myanmar_earthquake__affected_location__010__target__th_cambodian_border_crisis_myanmar_earthquake_target_th_cambodian_border_crisis_loc_6__en__surface_003	th_cambodian_border_crisis_myanmar_earthquake	th_cambodian_border_crisis_myanmar_earthquake__affected_location__010	target	surface	affected_location	True	ok	none	5	5	5	5	Faithful and correct use of Thai regional nomenclature in Chinese.	The disaster area declaration on 28 July 2025 in the context of the Cambodian–Thai border crisis applied to which province?	Surin province	在柬泰边境危机背景下，2025年7月28日的灾区宣告适用于哪个省份？	素林府	In the context of the Cambodian-Thai border crisis, which province did the disaster area declaration of July 28, 2025 apply to?	Surin Province
zh	zh:089:sw_kenyan_protests_albert_ojwang__location__002__target__sw_kenyan_protests_albert_ojwang_target_target_location_3__zh__surface_002	sw_kenyan_protests_albert_ojwang__location__002__target__sw_kenyan_protests_albert_ojwang_target_target_location_3__zh__surface_002	sw_kenyan_protests_albert_ojwang__location__002__target__sw_kenyan_protests_albert_ojwang_target_target_location_3__en__surface_002	sw_kenyan_protests_albert_ojwang	sw_kenyan_protests_albert_ojwang__location__002	target	surface	location	True	ok	none	5	5	5	5	Accurate translation.	During the 2024 protests against the Kenya Finance Bill, what specific building did the protesters storm?	Parliament	在2024年反对《肯尼亚财政法案》的抗议活动中，抗议者冲击了哪座特定建筑？	议会	During the 2024 protests against the Kenya Finance Bill, which specific building did the protesters storm?	Parliament
zh	zh:090:sw_kenyan_protests_albert_ojwang__location__001__target__sw_kenyan_protests_albert_ojwang_target_target_location_1__zh__surface_001	sw_kenyan_protests_albert_ojwang__location__001__target__sw_kenyan_protests_albert_ojwang_target_target_location_1__zh__surface_001	sw_kenyan_protests_albert_ojwang__location__001__target__sw_kenyan_protests_albert_ojwang_target_target_location_1__en__surface_001	sw_kenyan_protests_albert_ojwang	sw_kenyan_protests_albert_ojwang__location__001	target	surface	location	True	ok	none	5	5	5	5	Accurate and clear.	In which city did the June 9, 2025 Kenyan protests take place?	Nairobi	2025年6月9日的肯尼亚抗议活动发生在哪座城市？	内罗毕	In which city did the Kenyan protests on June 9, 2025 take place?	Nairobi
zh	zh:091:de_munich_car_attack_federal_election__involved_organization__013__target__de_munich_car_attack_federal_election_target_target_involved_organization_2__zh__core	de_munich_car_attack_federal_election__involved_organization__013__target__de_munich_car_attack_federal_election_target_target_involved_organization_2__zh__core	de_munich_car_attack_federal_election__involved_organization__013__target__de_munich_car_attack_federal_election_target_target_involved_organization_2__en__core	de_munich_car_attack_federal_election	de_munich_car_attack_federal_election__involved_organization__013	target	core	involved_organization	True	ok	none	5	5	5	5	Accurate and fluent translation.	Which organization responded to the 2025 Munich car attack?	Bavarian Police	哪个组织应对了2025年慕尼黑汽车袭击事件？	巴伐利亚州警察	Which organization responded to the 2025 Munich car attack?	Bavarian State Police
zh	zh:092:bn_hasina_resignation_2026_election__participant_person__004__neighbor__bn_hasina_resignation_2026_election_neighbor_1__zh__surface_003	bn_hasina_resignation_2026_election__participant_person__004__neighbor__bn_hasina_resignation_2026_election_neighbor_1__zh__surface_003	bn_hasina_resignation_2026_election__participant_person__004__neighbor__bn_hasina_resignation_2026_election_neighbor_1__en__surface_003	bn_hasina_resignation_2026_election	bn_hasina_resignation_2026_election__participant_person__004	neighbor	surface	participant_person	True	ok	none	5	5	5	5	Accurate and fluent translation.	Under whose leadership did the Bangladesh Nationalist Party achieve a sweeping victory in the 2026 election?	Tarique Rahman	孟加拉国民族主义党在谁的领导下于2026年选举中取得了压倒性胜利？	塔里克·拉赫曼	Under whose leadership did the Bangladesh Nationalist Party achieve an overwhelming victory in the 2026 election?	Tarique Rahman
zh	zh:093:fr_pelicot_case_gisele_pelicot__significant_location__008__target__fr_pelicot_case_gisele_pelicot_target_target_significant_location_1__zh__core	fr_pelicot_case_gisele_pelicot__significant_location__008__target__fr_pelicot_case_gisele_pelicot_target_target_significant_location_1__zh__core	fr_pelicot_case_gisele_pelicot__significant_location__008__target__fr_pelicot_case_gisele_pelicot_target_target_significant_location_1__en__core	fr_pelicot_case_gisele_pelicot	fr_pelicot_case_gisele_pelicot__significant_location__008	target	core	significant_location	True	ok	none	5	5	5	5	Accurate and fluent translation.	Where is Dominique Pelicot from?	Mazan	多米尼克·佩利科特来自哪里？	马藏	Where is Dominique Pelicot from?	Mazan
zh	zh:094:th_political_crisis_same_sex_marriage__official_action_or_decision__003__neighbor__th_political_crisis_same_sex_marriage_neighbor_th_same_sex_marriage_official_action_4__zh__surface_003	th_political_crisis_same_sex_marriage__official_action_or_decision__003__neighbor__th_political_crisis_same_sex_marriage_neighbor_th_same_sex_marriage_official_action_4__zh__surface_003	th_political_crisis_same_sex_marriage__official_action_or_decision__003__neighbor__th_political_crisis_same_sex_marriage_neighbor_th_same_sex_marriage_official_action_4__en__surface_003	th_political_crisis_same_sex_marriage	th_political_crisis_same_sex_marriage__official_action_or_decision__003	neighbor	surface	official_action_or_decision	True	ok	none	5	5	5	5	Accurate and fluent translation.	How was section 1448 of Thailand's Civil and Commercial Code, then limiting marriage to men and women, ruled on in 2021?	was constitutional	2021年，当时将婚姻限制在男女之间的泰国《民商法典》第1448条被裁定为什么？	是合宪的	In 2021, what was Section 1448 of Thailand's Civil and Commercial Code, which at the time restricted marriage to between a man and a woman, ruled to be?	is constitutional
zh	zh:095:fr_olympics_opening_closing_ceremony__dignitary_present__009__neighbor__fr_olympics_opening_closing_ceremony_neighbor_neighbor_dignitary_present_2__zh__surface_001	fr_olympics_opening_closing_ceremony__dignitary_present__009__neighbor__fr_olympics_opening_closing_ceremony_neighbor_neighbor_dignitary_present_2__zh__surface_001	fr_olympics_opening_closing_ceremony__dignitary_present__009__neighbor__fr_olympics_opening_closing_ceremony_neighbor_neighbor_dignitary_present_2__en__surface_001	fr_olympics_opening_closing_ceremony	fr_olympics_opening_closing_ceremony__dignitary_present__009	neighbor	surface	dignitary_present	True	ok	none	5	5	5	5	Accurate and fluent translation.	Who delivered a speech at the 2024 Summer Olympics closing ceremony as the president of the organizing committee?	Tony Estanguet	在2024年夏季奥运会闭幕式上，谁作为组委会主席发表了演讲？	托尼·埃斯坦盖	Who gave a speech as the president of the organizing committee at the closing ceremony of the 2024 Summer Olympics?	Tony Estanguet
zh	zh:096:ar_syrian_offensives_transitional_government__key_event_date__013__target__ar_syrian_offensives_transitional_government_target_target_date_2__zh__surface_002	ar_syrian_offensives_transitional_government__key_event_date__013__target__ar_syrian_offensives_transitional_government_target_target_date_2__zh__surface_002	ar_syrian_offensives_transitional_government__key_event_date__013__target__ar_syrian_offensives_transitional_government_target_target_date_2__en__surface_002	ar_syrian_offensives_transitional_government	ar_syrian_offensives_transitional_government__key_event_date__013	target	surface	key_event_date	True	ok	none	5	5	5	5	Accurate and highly readable translation, helpful inclusion of full proper noun for HTS.	What was the exact date that HTS breached the city of Aleppo?	29 November 2024	沙姆解放组织（HTS）攻入阿勒颇市的确切日期是哪一天？	2024年11月29日	What is the exact date when Hayat Tahrir al-Sham (HTS) entered the city of Aleppo?	November 29, 2024
zh	zh:097:es_venezuela_protests_presidential_election__event_location__007__target__es_venezuela_protests_presidential_election_target_target_event_location_6__zh__surface_003	es_venezuela_protests_presidential_election__event_location__007__target__es_venezuela_protests_presidential_election_target_target_event_location_6__zh__surface_003	es_venezuela_protests_presidential_election__event_location__007__target__es_venezuela_protests_presidential_election_target_target_event_location_6__en__surface_003	es_venezuela_protests_presidential_election	es_venezuela_protests_presidential_election__event_location__007	target	surface	event_location	True	ok	none	5	5	5	5	Accurate and fluent translation.	Which Venezuelan city had its 2024 election protests dispersed by tear gas early in the day?	Maracay	哪座委内瑞拉城市的2024年选举抗议活动在当天早些时候被催泪瓦斯驱散？	马拉凯	Which Venezuelan city's 2024 election protests were dispersed by tear gas earlier in the day?	Maracay
zh	zh:098:sw_tanzania_protests_general_election__involved_organization__001__target__sw_tanzania_protests_general_election_target_target_org_4__zh__surface_002	sw_tanzania_protests_general_election__involved_organization__001__target__sw_tanzania_protests_general_election_target_target_org_4__zh__surface_002	sw_tanzania_protests_general_election__involved_organization__001__target__sw_tanzania_protests_general_election_target_target_org_4__en__surface_002	sw_tanzania_protests_general_election	sw_tanzania_protests_general_election__involved_organization__001	target	surface	involved_organization	True	ok	none	5	5	5	5	Accurate and fluent translation.	As a result of the post-election unrest, which airline stopped flying in and out of Dar es Salaam?	Emirates	由于选举后的动荡，哪家航空公司停飞了进出达累斯萨拉姆的航班？	阿联酋航空	Due to post-election unrest, which airline suspended flights in and out of Dar es Salaam?	Emirates
zh	zh:099:fr_imane_khelif_olympic_boxing__location_or_venue__003__neighbor__fr_imane_khelif_olympic_boxing_neighbor_16__zh__surface_002	fr_imane_khelif_olympic_boxing__location_or_venue__003__neighbor__fr_imane_khelif_olympic_boxing_neighbor_16__zh__surface_002	fr_imane_khelif_olympic_boxing__location_or_venue__003__neighbor__fr_imane_khelif_olympic_boxing_neighbor_16__en__surface_002	fr_imane_khelif_olympic_boxing	fr_imane_khelif_olympic_boxing__location_or_venue__003	neighbor	surface	location_or_venue	True	ok	none	5	5	5	5	Accurate and fluent translation.	In what location did the 2024 Summer Olympic boxing matches take place?	Paris	2024年夏季奥运会拳击比赛在哪个地点举行？	巴黎	At which location is the 2024 Summer Olympics boxing competition held?	Paris
zh	zh:100:fr_olympics_opening_closing_ceremony__dignitary_present__009__target__fr_olympics_opening_closing_ceremony_target_target_dignitary_present_2__zh__core	fr_olympics_opening_closing_ceremony__dignitary_present__009__target__fr_olympics_opening_closing_ceremony_target_target_dignitary_present_2__zh__core	fr_olympics_opening_closing_ceremony__dignitary_present__009__target__fr_olympics_opening_closing_ceremony_target_target_dignitary_present_2__en__core	fr_olympics_opening_closing_ceremony	fr_olympics_opening_closing_ceremony__dignitary_present__009	target	core	dignitary_present	True	ok	none	5	5	5	5	Accurate and fluent translation.	Which International Olympic Committee president attended the 2024 Summer Olympics opening ceremony?	Thomas Bach	哪位国际奥委会主席出席了2024年夏季奥运会开幕式？	托马斯·巴赫	Which President of the International Olympic Committee attended the opening ceremony of the 2024 Summer Olympics?	Thomas Bach
