language	qa_id	source_qa_id	flags	question	expected_answer	backtranslation_expected_answer
ar	en_uk_riots_southport_stabbings__responding_official_or_politician__009__target__en_uk_riots_southport_stabbings_target_target_official_1__ar__surface_003	en_uk_riots_southport_stabbings__responding_official_or_politician__009__target__en_uk_riots_southport_stabbings_target_target_official_1__en__surface_003	source_aliases_not_translated	بعد حادثة الطعن في ساوثبورت، أي زعيم سياسي بريطاني وضع الزهور في مكان الحادث؟	كير ستارمر	Keir Starmer
ar	en_brian_thompson_killing_luigi_mangione__key_locations__013__neighbor__en_brian_thompson_killing_luigi_mangione_neighbor_neighbor_key_locations_3__ar__surface_002	en_brian_thompson_killing_luigi_mangione__key_locations__013__neighbor__en_brian_thompson_killing_luigi_mangione_neighbor_neighbor_key_locations_3__en__surface_002	source_aliases_not_translated	أي مدينة استضافت مساحة العيش المشترك التي عاش فيها لويجي مانجيوني؟	هونولولو	Honolulu
ar	en_brian_thompson_killing_luigi_mangione__key_locations__011__target__en_brian_thompson_killing_luigi_mangione_target_target_key_locations_1__ar__surface_001	en_brian_thompson_killing_luigi_mangione__key_locations__011__target__en_brian_thompson_killing_luigi_mangione_target_target_key_locations_1__en__surface_001	source_aliases_not_translated	في أي منطقة تحديدًا وقع حادث إطلاق النار المميت على برايان طومسون؟	ميدتاون مانهاتن	Midtown Manhattan
ar	en_brian_thompson_killing_luigi_mangione__involved_legal_figures__015__target__en_brian_thompson_killing_luigi_mangione_target_target_involved_legal_figures_2__ar__surface_001	en_brian_thompson_killing_luigi_mangione__involved_legal_figures__015__target__en_brian_thompson_killing_luigi_mangione_target_target_involved_legal_figures_2__en__surface_001	source_aliases_not_translated	أي محامٍ مثّل لويجي مانجيوني كمحامي دفاع عنه؟	توماس ديكي	Thomas Dickey
ar	en_brian_thompson_killing_luigi_mangione__key_locations__012__target__en_brian_thompson_killing_luigi_mangione_target_target_key_locations_2__ar__surface_002	en_brian_thompson_killing_luigi_mangione__key_locations__012__target__en_brian_thompson_killing_luigi_mangione_target_target_key_locations_2__en__surface_002	source_aliases_not_translated	ما هو موقع القبض على لويجي مانجيوني؟	ألتونا، بنسلفانيا	Altoona, Pennsylvania
ar	en_brian_thompson_killing_luigi_mangione__key_locations__013__target__en_brian_thompson_killing_luigi_mangione_target_target_key_locations_3__ar__surface_002	en_brian_thompson_killing_luigi_mangione__key_locations__013__target__en_brian_thompson_killing_luigi_mangione_target_target_key_locations_3__en__surface_002	source_aliases_not_translated	ما هو موقع آخر محل إقامة معروف للويجي مانجيوني؟	هونولولو، هاواي	Honolulu, Hawaii
ar	en_brian_thompson_killing_luigi_mangione__key_locations__014__target__en_brian_thompson_killing_luigi_mangione_target_target_key_locations_4__ar__surface_003	en_brian_thompson_killing_luigi_mangione__key_locations__014__target__en_brian_thompson_killing_luigi_mangione_target_target_key_locations_4__en__surface_003	source_aliases_not_translated	ما كانت نقطة انطلاق الحافلة التي استخدمها المشتبه به للسفر إلى مدينة نيويورك في قضية برايان طومسون؟	أتلانتا، جورجيا	Atlanta, Georgia
ar	en_tesla_vandalism_doge__key_person__005__target__en_tesla_vandalism_doge_target_target_key_person_2__ar__surface_002	en_tesla_vandalism_doge__key_person__005__target__en_tesla_vandalism_doge_target_target_key_person_2__en__surface_002	source_aliases_not_translated	اذكر اسم المدعي العام الذي أعلن أعمال تخريب تسلا لعام 2025 إرهاباً محلياً.	بام بوندي	Pam Bondi
ar	en_tesla_vandalism_doge__associated_legal_issue__010__target__en_tesla_vandalism_doge_target_target_associated_legal_issue_2__ar__core	en_tesla_vandalism_doge__associated_legal_issue__010__target__en_tesla_vandalism_doge_target_target_associated_legal_issue_2__en__core	source_aliases_not_translated	تحت أي نوع من الجرائم حققت إدارة شرطة مدينة نيويورك في حادثة تخريب سيارات تسلا عام 2025؟	جريمة كراهية	Hate crime
ar	en_tesla_vandalism_doge__key_person__006__neighbor__en_tesla_vandalism_doge_neighbor_neighbor_key_person_4__ar__surface_002	en_tesla_vandalism_doge__key_person__006__neighbor__en_tesla_vandalism_doge_neighbor_neighbor_key_person_4__en__surface_002	source_aliases_not_translated	اذكر اسم الشخص الذي اختاره ترامب ليكون رئيساً لمكتب الإدارة والميزانية.	راسل فوت	Russell Vought
ar	en_tesla_vandalism_doge__key_person__006__neighbor__en_tesla_vandalism_doge_neighbor_neighbor_key_person_4__ar__core	en_tesla_vandalism_doge__key_person__006__neighbor__en_tesla_vandalism_doge_neighbor_neighbor_key_person_4__en__core	source_aliases_not_translated	من رشح ترامب لقيادة مكتب الإدارة والميزانية؟	راسل فوت	Russell Vought
ar	en_tesla_vandalism_doge__key_person__005__target__en_tesla_vandalism_doge_target_target_key_person_2__ar__surface_003	en_tesla_vandalism_doge__key_person__005__target__en_tesla_vandalism_doge_target_target_key_person_2__en__surface_003	source_aliases_not_translated	من قبل أي مدعٍ عام تم تصنيف تخريب تسلا عام 2025 على أنه إرهاب محلي؟	بام بوندي	Pam Bondi
ar	en_tesla_vandalism_doge__key_person__005__neighbor__en_tesla_vandalism_doge_neighbor_neighbor_key_person_3__ar__surface_001	en_tesla_vandalism_doge__key_person__005__neighbor__en_tesla_vandalism_doge_neighbor_neighbor_key_person_3__en__surface_001	backtranslated_answer_not_matched_by_heuristic,source_aliases_not_translated	من طلب صلاحيات وصول المسؤول إلى notify.gov وأنظمة أخرى بصفته المدير الجديد لـ GSA؟	توماس شيد	Thomas Scheid
ar	en_tesla_vandalism_doge__associated_legal_issue__010__neighbor__en_tesla_vandalism_doge_neighbor_neighbor_associated_legal_issue_3__ar__surface_002	en_tesla_vandalism_doge__associated_legal_issue__010__neighbor__en_tesla_vandalism_doge_neighbor_neighbor_associated_legal_issue_3__en__surface_002	source_aliases_not_translated	ما هو النص القانوني الذي قرر قاضٍ أنه من المحتمل أن يكون قد تم المساس به بسبب مشاركة إيلون ماسك في وزارة الكفاءة الحكومية؟	بند التعيينات	Appointments Clause
ar	en_tesla_vandalism_doge__employed_tactic__008__neighbor__en_tesla_vandalism_doge_neighbor_neighbor_employed_tactic_2__ar__surface_003	en_tesla_vandalism_doge__employed_tactic__008__neighbor__en_tesla_vandalism_doge_neighbor_neighbor_employed_tactic_2__en__surface_003	backtranslated_answer_not_matched_by_heuristic	من خلال أي طريقة ادعت DOGE أنها حققت وفورات كبيرة؟	إلغاء العقود	Canceling contracts
ar	en_tesla_vandalism_doge__key_person__005__target__en_tesla_vandalism_doge_target_target_key_person_2__ar__surface_001	en_tesla_vandalism_doge__key_person__005__target__en_tesla_vandalism_doge_target_target_key_person_2__en__surface_001	source_aliases_not_translated	من كان المدعي العام الذي صنف تخريب تسلا عام 2025 كعمل من أعمال الإرهاب المحلي؟	بام بوندي	Pam Bondi
ar	ar_haniyeh_assassination_masoud_pezeshkian__associated_country__003__target__ar_haniyeh_assassination_masoud_pezeshkian_target_11__ar__surface_002	ar_haniyeh_assassination_masoud_pezeshkian__associated_country__003__target__ar_haniyeh_assassination_masoud_pezeshkian_target_11__en__surface_002	source_aliases_not_translated	أي دولة كانت بمثابة مقر إقامة لإسماعيل هنية منذ عام 2019 فصاعداً؟	قطر	Qatar
ar	ar_haniyeh_assassination_masoud_pezeshkian__associated_country__015__neighbor__ar_haniyeh_assassination_masoud_pezeshkian_neighbor_11__ar__surface_003	ar_haniyeh_assassination_masoud_pezeshkian__associated_country__015__neighbor__ar_haniyeh_assassination_masoud_pezeshkian_neighbor_11__en__surface_003	source_aliases_not_translated	ما هي الدولة التي كان مسعود بزشكيان يأمل في إعادة التواصل معها لإحياء الاتفاق النووي الإيراني؟	الولايات المتحدة	The United States
ar	ar_haniyeh_assassination_masoud_pezeshkian__associated_country__001__target__ar_haniyeh_assassination_masoud_pezeshkian_target_9__ar__surface_001	ar_haniyeh_assassination_masoud_pezeshkian__associated_country__001__target__ar_haniyeh_assassination_masoud_pezeshkian_target_9__en__surface_001	source_aliases_not_translated	أين وقع اغتيال إسماعيل هنية؟	إيران	Iran
ar	ar_haniyeh_assassination_masoud_pezeshkian__associated_country__014__neighbor__ar_haniyeh_assassination_masoud_pezeshkian_neighbor_14__ar__surface_003	ar_haniyeh_assassination_masoud_pezeshkian__associated_country__014__neighbor__ar_haniyeh_assassination_masoud_pezeshkian_neighbor_14__en__surface_003	source_aliases_not_translated	أي دولة شهدت تعزيزاً للعلاقات الدبلوماسية مع مسعود بزشكيان؟	السعودية	Saudi Arabia
ar	ar_haniyeh_assassination_masoud_pezeshkian__associated_person__007__neighbor__ar_haniyeh_assassination_masoud_pezeshkian_neighbor_1__ar__surface_001	ar_haniyeh_assassination_masoud_pezeshkian__associated_person__007__neighbor__ar_haniyeh_assassination_masoud_pezeshkian_neighbor_1__en__surface_001	source_aliases_not_translated	من هو السياسي الذي أصبح مسعود بزشكيان جزءاً من إدارته في عام 1997؟	محمد خاتمي	Mohammad Khatami
ar	ar_haniyeh_assassination_masoud_pezeshkian__associated_country__002__target__ar_haniyeh_assassination_masoud_pezeshkian_target_10__ar__surface_003	ar_haniyeh_assassination_masoud_pezeshkian__associated_country__002__target__ar_haniyeh_assassination_masoud_pezeshkian_target_10__en__surface_003	source_aliases_not_translated	أي دولة قدمت التعهد باستهداف قادة حماس انتقاماً لهجوم 7 أكتوبر؟	إسرائيل	Israel
ar	ar_haniyeh_assassination_masoud_pezeshkian__associated_country__015__neighbor__ar_haniyeh_assassination_masoud_pezeshkian_neighbor_11__ar__surface_002	ar_haniyeh_assassination_masoud_pezeshkian__associated_country__015__neighbor__ar_haniyeh_assassination_masoud_pezeshkian_neighbor_11__en__surface_002	source_aliases_not_translated	مع أي دولة أراد مسعود بزشكيان إحياء الاتفاق المتعلق ببرنامج إيران النووي؟	الولايات المتحدة	The United States
ar	ar_lebanon_device_attacks_hq_strike__statement_by_key_figure__013__neighbor__ar_lebanon_device_attacks_hq_strike_neighbor_statement_1__ar__surface_002	ar_lebanon_device_attacks_hq_strike__statement_by_key_figure__013__neighbor__ar_lebanon_device_attacks_hq_strike_neighbor_statement_1__en__surface_002	source_aliases_not_translated	قبل وقت قصير من الضربة على مقر حزب الله عام 2024، من أخبر الأمم المتحدة أن إسرائيل ملتزمة بالسلام؟	بنيامين نتنياهو	Benjamin Netanyahu
ar	ar_lebanon_device_attacks_hq_strike__location_of_event__010__target__ar_lebanon_device_attacks_hq_strike_target_location_2__ar__surface_003	ar_lebanon_device_attacks_hq_strike__location_of_event__010__target__ar_lebanon_device_attacks_hq_strike_target_location_2__en__surface_003	source_aliases_not_translated	اذكر اسم البلد خارج لبنان الذي انفجرت فيه الأجهزة خلال هجمات الأجهزة الإلكترونية عام 2024.	سوريا	Syria
ar	ar_lebanon_device_attacks_hq_strike__reaction_by_country_or_org__006__target__ar_lebanon_device_attacks_hq_strike_target_reaction_5__ar__surface_001	ar_lebanon_device_attacks_hq_strike__reaction_by_country_or_org__006__target__ar_lebanon_device_attacks_hq_strike_target_reaction_5__en__surface_001	source_aliases_not_translated	رئيس أي دولة انتقد إسرائيل رداً على هجمات الأجهزة الإلكترونية في لبنان عام 2024؟	تركيا	Turkey
ar	ar_lebanon_device_attacks_hq_strike__statement_by_key_figure__014__target__ar_lebanon_device_attacks_hq_strike_target_statement_2__ar__core	ar_lebanon_device_attacks_hq_strike__statement_by_key_figure__014__target__ar_lebanon_device_attacks_hq_strike_target_statement_2__en__core	source_aliases_not_translated	من أكد المسؤولية الإسرائيلية عن هجمات الأجهزة الإلكترونية في لبنان عام 2024؟	بنيامين نتنياهو	Benjamin Netanyahu
ar	ar_lebanon_device_attacks_hq_strike__statement_by_key_figure__014__target__ar_lebanon_device_attacks_hq_strike_target_statement_2__ar__surface_002	ar_lebanon_device_attacks_hq_strike__statement_by_key_figure__014__target__ar_lebanon_device_attacks_hq_strike_target_statement_2__en__surface_002	source_aliases_not_translated	اذكر اسم الشخص الذي أكد علناً تورط إسرائيل في هجمات الأجهزة الإلكترونية في لبنان عام 2024.	بنيامين نتنياهو	Benjamin Netanyahu
ar	ar_lebanon_device_attacks_hq_strike__reaction_by_country_or_org__004__target__ar_lebanon_device_attacks_hq_strike_target_reaction_3__ar__surface_003	ar_lebanon_device_attacks_hq_strike__reaction_by_country_or_org__004__target__ar_lebanon_device_attacks_hq_strike_target_reaction_3__en__surface_003	source_aliases_not_translated	من الذي رد على هجمات الأجهزة الإلكترونية في لبنان عام 2024 بتزويد المستشفيات اللبنانية بالمساعدات الطبية؟	العراق	Iraq
ar	ar_lebanon_device_attacks_hq_strike__reaction_by_country_or_org__005__neighbor__ar_lebanon_device_attacks_hq_strike_neighbor_reaction_4__ar__surface_002	ar_lebanon_device_attacks_hq_strike__reaction_by_country_or_org__005__neighbor__ar_lebanon_device_attacks_hq_strike_neighbor_reaction_4__en__surface_002	source_aliases_not_translated	اذكر اسم الدولة التي ردت على ضربة مقر حزب الله عام 2024 بالقول إنها هجوم "شديد الخطورة".	ألمانيا	Germany
ar	ar_lebanon_device_attacks_hq_strike__statement_by_key_figure__014__neighbor__ar_lebanon_device_attacks_hq_strike_neighbor_statement_2__ar__surface_001	ar_lebanon_device_attacks_hq_strike__statement_by_key_figure__014__neighbor__ar_lebanon_device_attacks_hq_strike_neighbor_statement_2__en__surface_001	source_aliases_not_translated	من هي الشخصية التي أصدرت إدانة لضربة مقر حزب الله عام 2024 والهجمات الإسرائيلية السابقة؟	نجيب ميقاتي	Najib Mikati
ar	ar_syrian_offensives_transitional_government__international_reaction__003__target__ar_syrian_offensives_transitional_government_target_target_reaction_2__ar__surface_003	ar_syrian_offensives_transitional_government__international_reaction__003__target__ar_syrian_offensives_transitional_government_target_target_reaction_2__en__surface_003	source_aliases_not_translated	من وصف هجمات المعارضة السورية عام 2024 بأنها مؤامرة من قبل الولايات المتحدة والنظام الصهيوني؟	إيران	Iran
ar	ar_syrian_offensives_transitional_government__international_reaction__006__neighbor__ar_syrian_offensives_transitional_government_neighbor_neighbor_reaction_6__ar__surface_002	ar_syrian_offensives_transitional_government__international_reaction__006__neighbor__ar_syrian_offensives_transitional_government_neighbor_neighbor_reaction_6__en__surface_002	source_aliases_not_translated	ما هي الدولة التي كان رد فعلها الدولي هو الترحيب بتشكيل الحكومة الانتقالية السورية؟	ألمانيا	Germany
ar	bn_noncooperation_interim_government__key_figures__012__neighbor__bn_noncooperation_interim_government_neighbor_neighbor_key_figures_5__ar__surface_003	bn_noncooperation_interim_government__key_figures__012__neighbor__bn_noncooperation_interim_government_neighbor_neighbor_key_figures_5__en__surface_003	source_aliases_not_translated	من كان مستشار الحكومة المؤقتة المسؤول عن القانون والعدل والشؤون البرلمانية؟	آصف نذرول	Asif Nazrul
ar	bn_noncooperation_interim_government__key_figures__008__neighbor__bn_noncooperation_interim_government_neighbor_neighbor_key_figures_1__ar__surface_003	bn_noncooperation_interim_government__key_figures__008__neighbor__bn_noncooperation_interim_government_neighbor_neighbor_key_figures_1__en__surface_003	source_aliases_not_translated	من هو الشخص الذي تولى رسمياً منصب كبير مستشاري بنغلاديش بعد أدائه اليمين؟	محمد يونس	Muhammad Yunus
ar	bn_noncooperation_interim_government__key_figures__015__neighbor__bn_noncooperation_interim_government_neighbor_neighbor_key_figures_8__ar__surface_002	bn_noncooperation_interim_government__key_figures__015__neighbor__bn_noncooperation_interim_government_neighbor_neighbor_key_figures_8__en__surface_002	source_aliases_not_translated	اذكر اسم رئيس الصين الذي صرح بدعمه الكامل لحكومة بنغلاديش المؤقتة.	شي جين بينغ	Xi Jinping
ar	bn_noncooperation_interim_government__key_figures__010__target__bn_noncooperation_interim_government_target_target_key_figures_3__ar__surface_002	bn_noncooperation_interim_government__key_figures__010__target__bn_noncooperation_interim_government_target_target_key_figures_3__en__surface_002	source_aliases_not_translated	اذكر اسم الشخص الذي تحدث إلى الحشد المتجمع في شهيد مينار بخصوص المطلب الوحيد للحركة.	ناهد إسلام	Nahid Islam
ar	bn_noncooperation_interim_government__key_figures__009__neighbor__bn_noncooperation_interim_government_neighbor_neighbor_key_figures_2__ar__surface_001	bn_noncooperation_interim_government__key_figures__009__neighbor__bn_noncooperation_interim_government_neighbor_neighbor_key_figures_2__en__surface_001	source_aliases_not_translated	أي رئيس أدار مراسم أداء اليمين لمحمد يونس؟	محمد شهاب الدين	Mohammed Shahabuddin
ar	bn_noncooperation_interim_government__key_figures__012__neighbor__bn_noncooperation_interim_government_neighbor_neighbor_key_figures_5__ar__surface_001	bn_noncooperation_interim_government__key_figures__012__neighbor__bn_noncooperation_interim_government_neighbor_neighbor_key_figures_5__en__surface_001	source_aliases_not_translated	من هو الشخص الذي شغل منصب مستشار القانون والعدل والشؤون البرلمانية في الحكومة المؤقتة؟	آصف نذرول	Asif Nazrul
ar	bn_noncooperation_interim_government__key_figures__015__target__bn_noncooperation_interim_government_target_target_key_figures_8__ar__surface_001	bn_noncooperation_interim_government__key_figures__015__target__bn_noncooperation_interim_government_target_target_key_figures_8__en__surface_001	source_aliases_not_translated	من هو مستشار الأمن القومي الهندي الذي التقى بالشيخة حسينة عند وصولها إلى محطة هيندان الجوية؟	أجيت دوفال	Ajit Doval
ar	bn_hasina_resignation_2026_election__participant_organization__008__target__bn_hasina_resignation_2026_election_target_6__ar__core	bn_hasina_resignation_2026_election__participant_organization__008__target__bn_hasina_resignation_2026_election_target_6__en__core	source_aliases_not_translated	ما هو الحزب السياسي للشيخة حسينة؟	رابطة عوامي	Awami League
ar	bn_hasina_resignation_2026_election__participant_organization__009__neighbor__bn_hasina_resignation_2026_election_neighbor_8__ar__core	bn_hasina_resignation_2026_election__participant_organization__009__neighbor__bn_hasina_resignation_2026_election_neighbor_8__en__core	source_aliases_not_translated	أي حزب سياسي تم حظره ولم يتمكن من المشاركة في الانتخابات العامة البنغلاديشية لعام 2026؟	رابطة عوامي	Awami League
ar	bn_hasina_resignation_2026_election__participant_person__004__target__bn_hasina_resignation_2026_election_target_1__ar__surface_001	bn_hasina_resignation_2026_election__participant_person__004__target__bn_hasina_resignation_2026_election_target_1__en__surface_001	source_aliases_not_translated	أي شخصية سياسية تنحت عن منصب رئيس وزراء بنغلاديش؟	الشيخة حسينة	Sheikh Hasina
ar	bn_hasina_resignation_2026_election__public_statement_maker__003__target__bn_hasina_resignation_2026_election_target_24__ar__surface_001	bn_hasina_resignation_2026_election__public_statement_maker__003__target__bn_hasina_resignation_2026_election_target_24__en__surface_001	source_aliases_not_translated	من هو وزير الشؤون الخارجية الهندي الذي أبلغ البرلمان الهندي بشأن طلب الشيخة حسينة دخول الهند؟	إس. جايشانكار	S. Jaishankar
ar	bn_hasina_resignation_2026_election__participant_organization__008__target__bn_hasina_resignation_2026_election_target_6__ar__surface_003	bn_hasina_resignation_2026_election__participant_organization__008__target__bn_hasina_resignation_2026_election_target_6__en__surface_003	source_aliases_not_translated	اذكر الحزب السياسي الذي تمثله الشيخة حسينة.	رابطة عوامي	Awami League
ar	bn_hasina_resignation_2026_election__participant_person__004__neighbor__bn_hasina_resignation_2026_election_neighbor_1__ar__surface_003	bn_hasina_resignation_2026_election__participant_person__004__neighbor__bn_hasina_resignation_2026_election_neighbor_1__en__surface_003	source_aliases_not_translated	تحت قيادة من حقق الحزب الوطني البنغلاديشي انتصاراً ساحقاً في انتخابات عام 2026؟	طارق رحمن	Tarique Rahman
ar	bn_hasina_resignation_2026_election__participant_person__005__neighbor__bn_hasina_resignation_2026_election_neighbor_2__ar__surface_002	bn_hasina_resignation_2026_election__participant_person__005__neighbor__bn_hasina_resignation_2026_election_neighbor_2__en__surface_002	source_aliases_not_translated	اذكر اسم الشخص الذي تولى قيادة الحكومة المؤقتة خلال انتخابات عام 2026 في بنغلاديش.	محمد يونس	Muhammad Yunus
ar	bn_hasina_resignation_2026_election__participant_organization__008__neighbor__bn_hasina_resignation_2026_election_neighbor_7__ar__surface_003	bn_hasina_resignation_2026_election__participant_organization__008__neighbor__bn_hasina_resignation_2026_election_neighbor_7__en__surface_003	source_aliases_not_translated	اذكر اسم المجموعة السياسية التي حصلت على ثاني أكبر عدد من المقاعد خلال انتخابات عام 2026 في بنغلاديش.	الجماعة الإسلامية في بنغلاديش	Bangladesh Jamaat-e-Islami
ar	bn_anti_hindu_violence_national_citizen_party__target_demographic__001__neighbor__bn_anti_hindu_violence_national_citizen_party_neighbor_neighbor_target_demographic_1__ar__core	bn_anti_hindu_violence_national_citizen_party__target_demographic__001__neighbor__bn_anti_hindu_violence_national_citizen_party_neighbor_neighbor_target_demographic_1__en__core	source_aliases_not_translated	ما هي الفئة الديموغرافية التي تقود حزب المواطن الوطني؟	الشباب	Youth
ar	bn_anti_hindu_violence_national_citizen_party__commentator_or_reactor__003__target__bn_anti_hindu_violence_national_citizen_party_target_target_commentator_or_reactor_1__ar__surface_002	bn_anti_hindu_violence_national_citizen_party__commentator_or_reactor__003__target__bn_anti_hindu_violence_national_citizen_party_target_target_commentator_or_reactor_1__en__surface_002	source_aliases_not_translated	من قبل أي رئيس أمريكي سابق تمت إدانة العنف ضد الأقليات الدينية في بنغلاديش في بيان مكتوب؟	دونالد ترامب	Donald Trump
ar	bn_anti_hindu_violence_national_citizen_party__target_demographic__002__neighbor__bn_anti_hindu_violence_national_citizen_party_neighbor_neighbor_target_demographic_2__ar__surface_003	bn_anti_hindu_violence_national_citizen_party__target_demographic__002__neighbor__bn_anti_hindu_violence_national_citizen_party_neighbor_neighbor_target_demographic_2__en__surface_003	backtranslated_answer_not_matched_by_heuristic	إلى أي جيل ينتمي قادة الاحتجاجات المرتبطون بحزب المواطن الوطني؟	الجيل زد	Generation Z
ar	bn_anti_hindu_violence_national_citizen_party__target_demographic__002__target__bn_anti_hindu_violence_national_citizen_party_target_target_target_demographic_2__ar__surface_003	bn_anti_hindu_violence_national_citizen_party__target_demographic__002__target__bn_anti_hindu_violence_national_citizen_party_target_target_target_demographic_2__en__surface_003	backtranslated_answer_not_matched_by_heuristic	ما هي الفئة الديموغرافية المحددة من المسلمين التي وثقها مكتب الأمم المتحدة لحقوق الإنسان كضحايا لأعمال العنف المناهضة للهندوس في بنغلاديش عام 2024؟	المسلمون الأحمديون	Ahmadi Muslims
ar	bn_anti_hindu_violence_national_citizen_party__associated_event__004__target__bn_anti_hindu_violence_national_citizen_party_target_target_associated_event_3__ar__core	bn_anti_hindu_violence_national_citizen_party__associated_event__004__target__bn_anti_hindu_violence_national_citizen_party_target_target_associated_event_3__en__core	backtranslated_answer_not_matched_by_heuristic	ما هي الحركة التي تحولت إلى حركة عدم تعاون شرسة مناهضة للحكومة في يوليو 2024؟	حركة إصلاح نظام الحصص	Quota system reform movement
ar	bn_anti_hindu_violence_national_citizen_party__target_demographic__001__neighbor__bn_anti_hindu_violence_national_citizen_party_neighbor_neighbor_target_demographic_1__ar__surface_001	bn_anti_hindu_violence_national_citizen_party__target_demographic__001__neighbor__bn_anti_hindu_violence_national_citizen_party_neighbor_neighbor_target_demographic_1__en__surface_001	source_aliases_not_translated	أي فئة عمرية محددة يقدم حزب المواطن الوطني نفسه على أنها تقوده؟	الشباب	Youth
ar	bn_anti_hindu_violence_national_citizen_party__associated_event__004__target__bn_anti_hindu_violence_national_citizen_party_target_target_associated_event_3__ar__surface_002	bn_anti_hindu_violence_national_citizen_party__associated_event__004__target__bn_anti_hindu_violence_national_citizen_party_target_target_associated_event_3__en__surface_002	backtranslated_answer_not_matched_by_heuristic	في يوليو 2024، تطورت حركة عدم التعاون الشرسة المناهضة للحكومة من أي حملة سابقة؟	حركة إصلاح نظام الحصص	Quota system reform movement
ar	bn_anti_hindu_violence_national_citizen_party__commentator_or_reactor__003__neighbor__bn_anti_hindu_violence_national_citizen_party_neighbor_neighbor_commentator_or_reactor_2__ar__surface_003	bn_anti_hindu_violence_national_citizen_party__commentator_or_reactor__003__neighbor__bn_anti_hindu_violence_national_citizen_party_neighbor_neighbor_commentator_or_reactor_2__en__surface_003	source_aliases_not_translated	اذكر اسم كبير المستشارين الذي أعرب عن موافقته على مبادرة الطلاب لإنشاء حزب سياسي جديد.	محمد يونس	Muhammad Yunus
ar	de_solingen_stabbing_magdeburg_attack__perpetrator_background_trait__011__target__de_solingen_stabbing_magdeburg_attack_target_de_solingen_stabbing_trait_1__ar__core	de_solingen_stabbing_magdeburg_attack__perpetrator_background_trait__011__target__de_solingen_stabbing_magdeburg_attack_target_de_solingen_stabbing_trait_1__en__core	source_aliases_not_translated	ما هي خلفية منفذ عملية الطعن في زولينغن عام 2024؟	لاجئ سوري	Syrian refugee
ar	de_solingen_stabbing_magdeburg_attack__politician_responding__006__target__de_solingen_stabbing_magdeburg_attack_target_de_solingen_stabbing_politician_2__ar__surface_003	de_solingen_stabbing_magdeburg_attack__politician_responding__006__target__de_solingen_stabbing_magdeburg_attack_target_de_solingen_stabbing_politician_2__en__surface_003	source_aliases_not_translated	أي وزير داخلية اتحادي زار مسرح جريمة الطعن في زولينغن عام 2024؟	نانسي فيزر	Nancy Faeser
ar	de_solingen_stabbing_magdeburg_attack__perpetrator_background_trait__012__neighbor__de_solingen_stabbing_magdeburg_attack_neighbor_de_magdeburg_attack_trait_3__ar__surface_001	de_solingen_stabbing_magdeburg_attack__perpetrator_background_trait__012__neighbor__de_solingen_stabbing_magdeburg_attack_neighbor_de_magdeburg_attack_trait_3__en__surface_001	source_aliases_not_translated	من أي دولة ينحدر الطبيب الذي ارتكب هجوم ماغديبورغ بالسيارة عام 2024؟	السعودية	Saudi Arabia
ar	de_solingen_stabbing_magdeburg_attack__perpetrator_background_trait__001__neighbor__de_solingen_stabbing_magdeburg_attack_neighbor_de_magdeburg_attack_trait_2__ar__surface_003	de_solingen_stabbing_magdeburg_attack__perpetrator_background_trait__001__neighbor__de_solingen_stabbing_magdeburg_attack_neighbor_de_magdeburg_attack_trait_2__en__surface_003	backtranslated_answer_not_matched_by_heuristic	ما هي المشاعر المعادية للدين المحددة التي وُصف المشتبه به في هجوم ماغديبورغ بالسيارة عام 2024 بامتلاكها؟	معاد للإسلام	Anti-Islamic
ar	de_solingen_stabbing_magdeburg_attack__perpetrator_background_trait__011__target__de_solingen_stabbing_magdeburg_attack_target_de_solingen_stabbing_trait_1__ar__surface_002	de_solingen_stabbing_magdeburg_attack__perpetrator_background_trait__011__target__de_solingen_stabbing_magdeburg_attack_target_de_solingen_stabbing_trait_1__en__surface_002	source_aliases_not_translated	ما هي سمة الخلفية المحددة التي ميزت الشخص الذي نفذ حادث الطعن في زولينغن عام 2024؟	لاجئ سوري	Syrian refugee
ar	de_munich_car_attack_federal_election__involved_organization__013__neighbor__de_munich_car_attack_federal_election_neighbor_neighbor_involved_organization_4__ar__surface_001	de_munich_car_attack_federal_election__involved_organization__013__neighbor__de_munich_car_attack_federal_election_neighbor_neighbor_involved_organization_4__en__surface_001	source_aliases_not_translated	ما هو الحزب السياسي المعروف بمشاركته في الانتخابات الفيدرالية الألمانية لعام 2025؟	FDP	FDP
ar	de_munich_car_attack_federal_election__involved_person__008__neighbor__de_munich_car_attack_federal_election_neighbor_neighbor_involved_person_1__ar__surface_002	de_munich_car_attack_federal_election__involved_person__008__neighbor__de_munich_car_attack_federal_election_neighbor_neighbor_involved_person_1__en__surface_002	source_aliases_not_translated	من كان المستشار الحالي الذي شارك في الانتخابات الاتحادية الألمانية لعام 2025؟	أولاف شولتس	Olaf Scholz
ar	de_munich_car_attack_federal_election__involved_person__010__neighbor__de_munich_car_attack_federal_election_neighbor_neighbor_involved_person_3__ar__surface_003	de_munich_car_attack_federal_election__involved_person__010__neighbor__de_munich_car_attack_federal_election_neighbor_neighbor_involved_person_3__en__surface_003	source_aliases_not_translated	من هو الفرد المعروف بمشاركته في الانتخابات الاتحادية الألمانية لعام 2025؟	كريستيان ليندنر	Christian Lindner
ar	de_munich_car_attack_federal_election__involved_organization__003__target__de_munich_car_attack_federal_election_target_target_involved_organization_5__ar__surface_001	de_munich_car_attack_federal_election__involved_organization__003__target__de_munich_car_attack_federal_election_target_target_involved_organization_5__en__surface_001	source_aliases_not_translated	ما هو الحزب السياسي ليواخيم هيرمان، وزير الداخلية البافاري الذي استجاب لهجوم الدهس في ميونخ عام 2025؟	CSU	CSU
ar	de_munich_car_attack_federal_election__involved_organization__014__target__de_munich_car_attack_federal_election_target_target_involved_organization_3__ar__surface_003	de_munich_car_attack_federal_election__involved_organization__014__target__de_munich_car_attack_federal_election_target_target_involved_organization_3__en__surface_003	backtranslated_answer_not_matched_by_heuristic	تضمن المتظاهرون المشاركون في حادثة هجوم ميونخ بالسيارة عام 2025 موظفين من أي منظمة؟	شتادتفيركه ميونخ	Stadtwerke Munich
ar	de_munich_car_attack_federal_election__involved_person__008__target__de_munich_car_attack_federal_election_target_target_involved_person_1__ar__core	de_munich_car_attack_federal_election__involved_person__008__target__de_munich_car_attack_federal_election_target_target_involved_person_1__en__core	backtranslated_answer_not_matched_by_heuristic	من كان السائق المتورط في هجوم ميونخ بالسيارة عام 2025؟	فرهاد نوري	Farhad Nouri
ar	de_munich_car_attack_federal_election__involved_organization__013__neighbor__de_munich_car_attack_federal_election_neighbor_neighbor_involved_organization_4__ar__surface_003	de_munich_car_attack_federal_election__involved_organization__013__neighbor__de_munich_car_attack_federal_election_neighbor_neighbor_involved_organization_4__en__surface_003	source_aliases_not_translated	شهدت الانتخابات الاتحادية الألمانية لعام 2025 مشاركة أي منظمة محددة؟	FDP	FDP
ar	de_munich_car_attack_federal_election__involved_person__009__target__de_munich_car_attack_federal_election_target_target_involved_person_2__ar__core	de_munich_car_attack_federal_election__involved_person__009__target__de_munich_car_attack_federal_election_target_target_involved_person_2__en__core	source_aliases_not_translated	من شارك في الاستجابة لهجوم الدهس في ميونخ عام 2025؟	ديتر رايتر	Dieter Reiter
ar	de_aschaffenburg_stabbing_merz_cabinet__participant__014__target__de_aschaffenburg_stabbing_merz_cabinet_target_target_participant_7__ar__surface_003	de_aschaffenburg_stabbing_merz_cabinet__participant__014__target__de_aschaffenburg_stabbing_merz_cabinet_target_target_participant_7__en__surface_003	source_aliases_not_translated	من كان من بين الحاضرين في مراسم التأبين العامة في كنيسة شتيفتسكيرشه في أشافنبورغ؟	ماركوس زودر	Markus Söder
ar	de_aschaffenburg_stabbing_merz_cabinet__participant__013__target__de_aschaffenburg_stabbing_merz_cabinet_target_target_participant_6__ar__surface_002	de_aschaffenburg_stabbing_merz_cabinet__participant__013__target__de_aschaffenburg_stabbing_merz_cabinet_target_target_participant_6__en__surface_002	source_aliases_not_translated	اذكر اسم الشخص الذي شارك في حفل التأبين العام في كنيسة شتيفتسكيرشه في أشافنبورغ.	نانسي فيزر	Nancy Faeser
ar	de_aschaffenburg_stabbing_merz_cabinet__participant__011__neighbor__de_aschaffenburg_stabbing_merz_cabinet_neighbor_neighbor_participant_4__ar__core	de_aschaffenburg_stabbing_merz_cabinet__participant__011__neighbor__de_aschaffenburg_stabbing_merz_cabinet_neighbor_neighbor_participant_4__en__core	source_aliases_not_translated	أي زعيم لحزب الاتحاد الاجتماعي المسيحي كان جزءًا من فريق حزب الاتحاد الديمقراطي المسيحي لمفاوضات الائتلاف؟	ماركوس زودر	Markus Söder
ar	de_aschaffenburg_stabbing_merz_cabinet__participant__010__neighbor__de_aschaffenburg_stabbing_merz_cabinet_neighbor_neighbor_participant_3__ar__surface_003	de_aschaffenburg_stabbing_merz_cabinet__participant__010__neighbor__de_aschaffenburg_stabbing_merz_cabinet_neighbor_neighbor_participant_3__en__surface_003	source_aliases_not_translated	اذكر اسم الشخص الذي قاد مجلس الوزراء الألماني الرابع خلال ولاية 2018-2021.	أنجيلا ميركل	Angela Merkel
ar	de_aschaffenburg_stabbing_merz_cabinet__participant__009__neighbor__de_aschaffenburg_stabbing_merz_cabinet_neighbor_neighbor_participant_2__ar__surface_003	de_aschaffenburg_stabbing_merz_cabinet__participant__009__neighbor__de_aschaffenburg_stabbing_merz_cabinet_neighbor_neighbor_participant_2__en__surface_003	source_aliases_not_translated	اذكر اسم قائد مجلس الوزراء الذي حل مجلس وزراء ميرتس محله.	أولاف شولتس	Olaf Scholz
ar	de_aschaffenburg_stabbing_merz_cabinet__participant__009__target__de_aschaffenburg_stabbing_merz_cabinet_target_target_participant_2__ar__surface_002	de_aschaffenburg_stabbing_merz_cabinet__participant__009__target__de_aschaffenburg_stabbing_merz_cabinet_target_target_participant_2__en__surface_002	source_aliases_not_translated	أي مستشار كان يقود الحكومة التي كثفت عمليات الترحيل بعد هجوم الطعن في أشافنبورغ عام 2025؟	فريدريش ميرتس	Friedrich Merz
ar	de_aschaffenburg_stabbing_merz_cabinet__participant__013__neighbor__de_aschaffenburg_stabbing_merz_cabinet_neighbor_neighbor_participant_6__ar__surface_003	de_aschaffenburg_stabbing_merz_cabinet__participant__013__neighbor__de_aschaffenburg_stabbing_merz_cabinet_neighbor_neighbor_participant_6__en__surface_003	source_aliases_not_translated	من شارك في مفاوضات الائتلاف كعضو في وفد الحزب الاشتراكي الديمقراطي؟	بوريس بيستوريوس	Boris Pistorius
ar	de_aschaffenburg_stabbing_merz_cabinet__participant_role__005__neighbor__de_aschaffenburg_stabbing_merz_cabinet_neighbor_neighbor_role_2__ar__surface_002	de_aschaffenburg_stabbing_merz_cabinet__participant_role__005__neighbor__de_aschaffenburg_stabbing_merz_cabinet_neighbor_neighbor_role_2__en__surface_002	backtranslated_answer_not_matched_by_heuristic	ما هو اللقب الرسمي الذي يحمله ماركوس زودر؟	زعيم الاتحاد الاجتماعي المسيحي	Leader of the Christian Social Union
ar	de_aschaffenburg_stabbing_merz_cabinet__participant_role__001__neighbor__de_aschaffenburg_stabbing_merz_cabinet_neighbor_neighbor_role_1__ar__surface_002	de_aschaffenburg_stabbing_merz_cabinet__participant_role__001__neighbor__de_aschaffenburg_stabbing_merz_cabinet_neighbor_neighbor_role_1__en__surface_002	source_aliases_not_translated	ما هو المنصب الحكومي الذي يشغله فريدريش ميرتس؟	المستشار	Chancellor
ar	de_aschaffenburg_stabbing_merz_cabinet__participant__010__target__de_aschaffenburg_stabbing_merz_cabinet_target_target_participant_3__ar__surface_003	de_aschaffenburg_stabbing_merz_cabinet__participant__010__target__de_aschaffenburg_stabbing_merz_cabinet_target_target_participant_3__en__surface_003	source_aliases_not_translated	بواسطة أي قاضٍ رئيسي تم التأكيد على أنه من المحتمل ألا يتم إطلاق سراح عمرزاي خلال إجراءات قضية الطعن في أشافنبورغ عام 2025؟	كارستن كريبس	Carsten Krebs
ar	es_venezuela_protests_presidential_election__involved_person__010__target__es_venezuela_protests_presidential_election_target_target_involved_person_2__ar__surface_003	es_venezuela_protests_presidential_election__involved_person__010__target__es_venezuela_protests_presidential_election_target_target_involved_person_2__en__surface_003	backtranslated_answer_not_matched_by_heuristic	من هو أحد الأشخاص الرئيسيين المشاركين في احتجاجات الانتخابات الرئاسية الفنزويلية لعام 2024؟	إدموندو غونزاليس	Edmundo González
ar	es_venezuela_protests_presidential_election__involved_person__012__target__es_venezuela_protests_presidential_election_target_target_involved_person_3__ar__surface_002	es_venezuela_protests_presidential_election__involved_person__012__target__es_venezuela_protests_presidential_election_target_target_involved_person_3__en__surface_002	source_aliases_not_translated	اذكر شخصية رئيسية مرتبطة بالاحتجاجات خلال الانتخابات الرئاسية الفنزويلية لعام 2024.	ماريا كورينا ماتشادو	Maria Corina Machado
ar	es_venezuela_protests_presidential_election__involved_person__010__neighbor__es_venezuela_protests_presidential_election_neighbor_neighbor_involved_person_1__ar__surface_002	es_venezuela_protests_presidential_election__involved_person__010__neighbor__es_venezuela_protests_presidential_election_neighbor_neighbor_involved_person_1__en__surface_002	source_aliases_not_translated	اذكر شخصية رئيسية مرتبطة بالانتخابات الرئاسية الفنزويلية لعام 2024.	نيكولاس مادورو	Nicolás Maduro
ar	es_venezuela_protests_presidential_election__involved_person__014__target__es_venezuela_protests_presidential_election_target_target_involved_person_5__ar__core	es_venezuela_protests_presidential_election__involved_person__014__target__es_venezuela_protests_presidential_election_target_target_involved_person_5__en__core	source_aliases_not_translated	من هي إحدى الشخصيات الرئيسية المشاركة في احتجاجات الانتخابات الرئاسية الفنزويلية لعام 2024؟	فلاديمير بادرينو لوبيز	Vladimir Padrino López
ar	es_venezuela_protests_presidential_election__involved_person__010__target__es_venezuela_protests_presidential_election_target_target_involved_person_2__ar__core	es_venezuela_protests_presidential_election__involved_person__010__target__es_venezuela_protests_presidential_election_target_target_involved_person_2__en__core	backtranslated_answer_not_matched_by_heuristic	من هي الشخصية الرئيسية المشاركة في احتجاجات الانتخابات الرئاسية الفنزويلية لعام 2024؟	إدموندو غونزاليس	Edmundo González
ar	es_venezuela_protests_presidential_election__involved_organization__011__target__es_venezuela_protests_presidential_election_target_target_involved_organization_2__ar__surface_002	es_venezuela_protests_presidential_election__involved_organization__011__target__es_venezuela_protests_presidential_election_target_target_involved_organization_2__en__surface_002	source_aliases_not_translated	ما هي المنظمة المعروفة بمشاركتها في الاحتجاجات المحيطة بالانتخابات الرئاسية الفنزويلية لعام 2024؟	منظمة العفو الدولية	Amnesty International
ar	es_venezuela_protests_presidential_election__involved_person__013__neighbor__es_venezuela_protests_presidential_election_neighbor_neighbor_involved_person_3__ar__surface_002	es_venezuela_protests_presidential_election__involved_person__013__neighbor__es_venezuela_protests_presidential_election_neighbor_neighbor_involved_person_3__en__surface_002	source_aliases_not_translated	أي شخصية رئيسية لعبت دورًا في الانتخابات الرئاسية الفنزويلية لعام 2024؟	ماريا كورينا ماتشادو	Maria Corina Machado
ar	es_venezuela_crisis_uruguay_election__international_reaction_country__007__target__es_venezuela_crisis_uruguay_election_target_target_intl_reaction_7__ar__surface_003	es_venezuela_crisis_uruguay_election__international_reaction_country__007__target__es_venezuela_crisis_uruguay_election_target_target_intl_reaction_7__en__surface_003	source_aliases_not_translated	ما هي الدولة التي أصرت حكومتها على فرز كل صوت ونشر الحصيلة الشاملة للأصوات وسط الأزمة السياسية الفنزويلية لعام 2024؟	البرازيل	Brazil
ar	es_venezuela_crisis_uruguay_election__international_reaction_country__005__neighbor__es_venezuela_crisis_uruguay_election_neighbor_neighbor_intl_reaction_5__ar__surface_001	es_venezuela_crisis_uruguay_election__international_reaction_country__005__neighbor__es_venezuela_crisis_uruguay_election_neighbor_neighbor_intl_reaction_5__en__surface_001	source_aliases_not_translated	بصفتها رئيسة لأي دولة هنأت زيومارا كاسترو أورسي بفوزه في انتخابات الأوروغواي لعام 2024؟	هندوراس	Honduras
ar	es_venezuela_crisis_uruguay_election__international_reaction_country__001__target__es_venezuela_crisis_uruguay_election_target_target_intl_reaction_1__ar__surface_002	es_venezuela_crisis_uruguay_election__international_reaction_country__001__target__es_venezuela_crisis_uruguay_election_target_target_intl_reaction_1__en__surface_002	source_aliases_not_translated	سمّ الدولة التي أرسلت التهاني إلى مادورو لفوزه في الانتخابات وسط الأزمة السياسية الفنزويلية عام 2024.	كوبا	Cuba
ar	es_venezuela_crisis_uruguay_election__international_reaction_country__004__target__es_venezuela_crisis_uruguay_election_target_target_intl_reaction_4__ar__surface_001	es_venezuela_crisis_uruguay_election__international_reaction_country__004__target__es_venezuela_crisis_uruguay_election_target_target_intl_reaction_4__en__surface_001	source_aliases_not_translated	زعيم أي دولة أجنبية كان أول من أعرب عن شكه في نتائج CNE خلال الأزمة السياسية الفنزويلية لعام 2024؟	تشيلي	Chile
ar	es_venezuela_crisis_uruguay_election__international_reaction_country__007__neighbor__es_venezuela_crisis_uruguay_election_neighbor_neighbor_intl_reaction_7__ar__surface_002	es_venezuela_crisis_uruguay_election__international_reaction_country__007__neighbor__es_venezuela_crisis_uruguay_election_neighbor_neighbor_intl_reaction_7__en__surface_002	source_aliases_not_translated	ما هو البلد الذي مثله الرئيس خوسيه راؤول مولينو عندما هنأ أورسي على نتائج الانتخابات العامة في أوروغواي لعام 2024؟	بنما	Panama
ar	es_venezuela_crisis_uruguay_election__international_reaction_country__004__target__es_venezuela_crisis_uruguay_election_target_target_intl_reaction_4__ar__surface_003	es_venezuela_crisis_uruguay_election__international_reaction_country__004__target__es_venezuela_crisis_uruguay_election_target_target_intl_reaction_4__en__surface_003	source_aliases_not_translated	اذكر اسم الدولة التي كان زعيمها أول من طعن دولياً في نتيجة CNE للانتخابات الفنزويلية لعام 2024.	تشيلي	Chile
ar	es_venezuela_crisis_uruguay_election__international_reaction_country__008__target__es_venezuela_crisis_uruguay_election_target_target_intl_reaction_8__ar__core	es_venezuela_crisis_uruguay_election__international_reaction_country__008__target__es_venezuela_crisis_uruguay_election_target_target_intl_reaction_8__en__core	source_aliases_not_translated	ما هي الدولة التي رفضت نتائج الأزمة السياسية الفنزويلية لعام 2024 ودعت إلى فرز كامل للأصوات وإجراء تدقيق مستقل؟	كولومبيا	Colombia
ar	es_catatumbo_clashes_ecuador_election__key_figure__005__neighbor__es_catatumbo_clashes_ecuador_election_neighbor_neighbor_key_figure_1__ar__surface_002	es_catatumbo_clashes_ecuador_election__key_figure__005__neighbor__es_catatumbo_clashes_ecuador_election_neighbor_neighbor_key_figure_1__en__surface_002	source_aliases_not_translated	اذكر اسم الشخص الذي ضمن ولاية كاملة بفوزه في الانتخابات العامة الإكوادورية لعام 2025.	دانيال نوبوا	Daniel Noboa
ar	es_catatumbo_clashes_ecuador_election__involved_group__008__neighbor__es_catatumbo_clashes_ecuador_election_neighbor_neighbor_involved_group_4__ar__core	es_catatumbo_clashes_ecuador_election__involved_group__008__neighbor__es_catatumbo_clashes_ecuador_election_neighbor_neighbor_involved_group_4__en__core	source_aliases_not_translated	أي حزب فاز بـ 9 مقاعد في الجمعية الوطنية خلال الانتخابات العامة الإكوادورية 2025؟	باتشاكوتيك	Pachakutik
ar	es_catatumbo_clashes_ecuador_election__involved_group__008__neighbor__es_catatumbo_clashes_ecuador_election_neighbor_neighbor_involved_group_4__ar__surface_003	es_catatumbo_clashes_ecuador_election__involved_group__008__neighbor__es_catatumbo_clashes_ecuador_election_neighbor_neighbor_involved_group_4__en__surface_003	source_aliases_not_translated	في الانتخابات العامة في الإكوادور عام 2025، ما هو الحزب المحدد الذي تمكن من الفوز بـ 9 مقاعد في الجمعية الوطنية؟	باتشاكوتيك	Pachakutik
ar	es_catatumbo_clashes_ecuador_election__key_figure__005__target__es_catatumbo_clashes_ecuador_election_target_target_key_figure_1__ar__core	es_catatumbo_clashes_ecuador_election__key_figure__005__target__es_catatumbo_clashes_ecuador_election_target_target_key_figure_1__en__core	source_aliases_not_translated	من علق محادثات السلام الجارية مع ELN خلال اشتباكات كاتاتومبو عام 2025؟	غوستافو بيترو	Gustavo Petro
ar	es_catatumbo_clashes_ecuador_election__key_figure__014__target__es_catatumbo_clashes_ecuador_election_target_target_key_figure_2__ar__surface_002	es_catatumbo_clashes_ecuador_election__key_figure__014__target__es_catatumbo_clashes_ecuador_election_target_target_key_figure_2__en__surface_002	source_aliases_not_translated	اذكر اسم الشخص الذي تحدث علناً عن النزوح والخسائر في صفوف المدنيين خلال اشتباكات كاتاتومبو عام 2025.	ويليام فيلاميزار لاغوادو	William Villamizar Laguado
ar	es_catatumbo_clashes_ecuador_election__key_figure__005__target__es_catatumbo_clashes_ecuador_election_target_target_key_figure_1__ar__surface_002	es_catatumbo_clashes_ecuador_election__key_figure__005__target__es_catatumbo_clashes_ecuador_election_target_target_key_figure_1__en__surface_002	source_aliases_not_translated	خلال اشتباكات كاتاتومبو عام 2025، من اتخذ قرار تعليق محادثات السلام مع ELN؟	غوستافو بيترو	Gustavo Petro
ar	es_catatumbo_clashes_ecuador_election__key_figure__014__neighbor__es_catatumbo_clashes_ecuador_election_neighbor_neighbor_key_figure_3__ar__surface_002	es_catatumbo_clashes_ecuador_election__key_figure__014__neighbor__es_catatumbo_clashes_ecuador_election_neighbor_neighbor_key_figure_3__en__surface_002	backtranslated_answer_not_matched_by_heuristic	اذكر اسم المرشح الثانوي الذي لم يتجاوز الجولة الأولى من الانتخابات العامة الإكوادورية لعام 2025.	فيكتور أراوس	Victor Araus
ar	fr_olympics_opening_closing_ceremony__athlete_participant__012__neighbor__fr_olympics_opening_closing_ceremony_neighbor_neighbor_athlete_participant_2__ar__surface_001	fr_olympics_opening_closing_ceremony__athlete_participant__012__neighbor__fr_olympics_opening_closing_ceremony_neighbor_neighbor_athlete_participant_2__en__surface_001	source_aliases_not_translated	من مُنح الميدالية الذهبية للماراثون في الحفل الختامي لدورة الألعاب الأولمبية الصيفية 2024؟	سيفان حسن	Sifan Hassan
ar	fr_olympics_opening_closing_ceremony__athlete_participant__013__neighbor__fr_olympics_opening_closing_ceremony_neighbor_neighbor_athlete_participant_3__ar__core	fr_olympics_opening_closing_ceremony__athlete_participant__013__neighbor__fr_olympics_opening_closing_ceremony_neighbor_neighbor_athlete_participant_3__en__core	source_aliases_not_translated	من استلم العلم الأولمبي خلال عملية التسليم في الحفل الختامي لدورة الألعاب الأولمبية الصيفية 2024؟	سيمون بايلز	Simone Biles
ar	fr_olympics_opening_closing_ceremony__athlete_participant__013__neighbor__fr_olympics_opening_closing_ceremony_neighbor_neighbor_athlete_participant_3__ar__surface_001	fr_olympics_opening_closing_ceremony__athlete_participant__013__neighbor__fr_olympics_opening_closing_ceremony_neighbor_neighbor_athlete_participant_3__en__surface_001	source_aliases_not_translated	أي رياضي سُلِّم العلم الأولمبي في مراسم التسليم بالحفل الختامي للألعاب الأولمبية الصيفية 2024؟	سيمون بايلز	Simone Biles
ar	fr_imane_khelif_olympic_boxing__associated_competition__013__target__fr_imane_khelif_olympic_boxing_target_6__ar__core	fr_imane_khelif_olympic_boxing__associated_competition__013__target__fr_imane_khelif_olympic_boxing_target_6__en__core	source_aliases_not_translated	في أي بطولة فازت إيمان خليف بميدالية ذهبية؟	بطولة ستراندجا التذكارية	Strandja Memorial Tournament
ar	fr_imane_khelif_olympic_boxing__location_or_venue__009__target__fr_imane_khelif_olympic_boxing_target_15__ar__core	fr_imane_khelif_olympic_boxing__location_or_venue__009__target__fr_imane_khelif_olympic_boxing_target_15__en__core	backtranslated_answer_not_matched_by_heuristic	أين ولدت إيمان خليف؟	عين سيدي علي	Ain Sidi Ali
ar	fr_imane_khelif_olympic_boxing__location_or_venue__009__neighbor__fr_imane_khelif_olympic_boxing_neighbor_17__ar__surface_001	fr_imane_khelif_olympic_boxing__location_or_venue__009__neighbor__fr_imane_khelif_olympic_boxing_neighbor_17__en__surface_001	source_aliases_not_translated	ما هو المكان الذي استضاف مباريات الملاكمة التمهيدية لدورة الألعاب الأولمبية الصيفية 2024؟	أرينا باريس نورد	Arena Paris Nord
ar	fr_imane_khelif_olympic_boxing__associated_competition__013__target__fr_imane_khelif_olympic_boxing_target_6__ar__surface_002	fr_imane_khelif_olympic_boxing__associated_competition__013__target__fr_imane_khelif_olympic_boxing_target_6__en__surface_002	source_aliases_not_translated	في أي حدث ملاكمة محدد تنافست إيمان خليف لتحصل على ميدالية ذهبية؟	بطولة ستراندجا التذكارية	Strandja Memorial Tournament
ar	ja_mof_protests_house_councillors__person_making_statement__008__target__ja_mof_protests_house_councillors_target_target_person_statement_2__ar__surface_001	ja_mof_protests_house_councillors__person_making_statement__008__target__ja_mof_protests_house_councillors_target_target_person_statement_2__en__surface_001	source_aliases_not_translated	من هو الشخص الذي صرح بأن احتجاجات وزارة المالية لعام 2025 تظهر الغضب والاستياء العام؟	شيغيرو إيشيبا	Shigeru Ishiba
ar	ja_mof_protests_house_councillors__key_issue_or_demand__015__target__ja_mof_protests_house_councillors_target_target_key_issue_1__ar__surface_001	ja_mof_protests_house_councillors__key_issue_or_demand__015__target__ja_mof_protests_house_councillors_target_target_key_issue_1__en__surface_001	backtranslated_answer_not_matched_by_heuristic,source_aliases_not_translated	خلال احتجاجات وزارة المالية عام 2025، ماذا دعا بعض الداعمين إلى فعله بالوزارة بأكملها؟	حل الوزارة بأكملها	Dissolve the entire ministry
ar	ja_mof_protests_house_councillors__key_issue_or_demand__013__neighbor__ja_mof_protests_house_councillors_neighbor_neighbor_key_issue_2__ar__surface_002	ja_mof_protests_house_councillors__key_issue_or_demand__013__neighbor__ja_mof_protests_house_councillors_neighbor_neighbor_key_issue_2__en__surface_002	source_aliases_not_translated	ما هي القضية المحددة التي ركز عليها الناخبون بشدة في انتخابات مجلس المستشارين الياباني لعام 2025؟	الهجرة	Immigration
ar	ja_mof_protests_house_councillors__key_issue_or_demand__013__target__ja_mof_protests_house_councillors_target_target_key_issue_2__ar__core	ja_mof_protests_house_councillors__key_issue_or_demand__013__target__ja_mof_protests_house_councillors_target_target_key_issue_2__en__core	backtranslated_answer_not_matched_by_heuristic	ما الذي طالبت به احتجاجات وزارة المالية لعام 2025؟	تخفيض الضرائب	Tax reduction
ar	ja_hyogo_gubernatorial_2025_ldp_presidential__candidate__006__target__ja_hyogo_gubernatorial_2025_ldp_presidential_target_target_candidate_4__ar__surface_002	ja_hyogo_gubernatorial_2025_ldp_presidential__candidate__006__target__ja_hyogo_gubernatorial_2025_ldp_presidential_target_target_candidate_4__en__surface_002	source_aliases_not_translated	اذكر اسم المرشح المدعوم من الحزب الشيوعي الياباني لانتخابات حاكم محافظة هيوغو لعام 2024.	يوشيكيو أوساوا	Yoshikiyo Osawa
ar	ja_hyogo_gubernatorial_2025_ldp_presidential__candidate__004__neighbor__ja_hyogo_gubernatorial_2025_ldp_presidential_neighbor_neighbor_candidate_2__ar__surface_001	ja_hyogo_gubernatorial_2025_ldp_presidential__candidate__004__neighbor__ja_hyogo_gubernatorial_2025_ldp_presidential_neighbor_neighbor_candidate_2__en__surface_001	source_aliases_not_translated	اذكر اسم شخص ترشح في انتخابات رئاسة الحزب الليبرالي الديمقراطي لعام 2025.	شينجيرو كويزومي	Shinjiro Koizumi
ar	ja_hyogo_gubernatorial_2025_ldp_presidential__candidate_background__009__neighbor__ja_hyogo_gubernatorial_2025_ldp_presidential_neighbor_neighbor_candidate_background_3__ar__surface_002	ja_hyogo_gubernatorial_2025_ldp_presidential__candidate_background__009__neighbor__ja_hyogo_gubernatorial_2025_ldp_presidential_neighbor_neighbor_candidate_background_3__en__surface_002	source_aliases_not_translated	ما كان المنصب الرسمي ليوشيماسا هاياشي قبل ترشحه لرئاسة الحزب الليبرالي الديمقراطي في عام 2025؟	كبير أمناء مجلس الوزراء	Chief Cabinet Secretary
ar	ja_hyogo_gubernatorial_2025_ldp_presidential__candidate_background__009__target__ja_hyogo_gubernatorial_2025_ldp_presidential_target_target_candidate_background_3__ar__surface_001	ja_hyogo_gubernatorial_2025_ldp_presidential__candidate_background__009__target__ja_hyogo_gubernatorial_2025_ldp_presidential_target_target_candidate_background_3__en__surface_001	source_aliases_not_translated	ما هو المنصب الذي شغلته كازومي إينامورا قبل ترشحها في انتخابات حاكم هيوغو لعام 2024؟	عمدة أماغاساكي	Mayor of Amagasaki
ar	ja_hyogo_gubernatorial_2025_ldp_presidential__candidate__007__target__ja_hyogo_gubernatorial_2025_ldp_presidential_target_target_candidate_5__ar__surface_001	ja_hyogo_gubernatorial_2025_ldp_presidential__candidate__007__target__ja_hyogo_gubernatorial_2025_ldp_presidential_target_target_candidate_5__en__surface_001	source_aliases_not_translated	أي شخص ترشح للمنصب خلال انتخابات حاكم هيوغو لعام 2024؟	تاكاشي تاتشيبانا	Takashi Tachibana
ar	ja_hyogo_gubernatorial_2025_ldp_presidential__candidate__003__neighbor__ja_hyogo_gubernatorial_2025_ldp_presidential_neighbor_neighbor_candidate_1__ar__surface_001	ja_hyogo_gubernatorial_2025_ldp_presidential__candidate__003__neighbor__ja_hyogo_gubernatorial_2025_ldp_presidential_neighbor_neighbor_candidate_1__en__surface_001	source_aliases_not_translated	أي سياسي ترشح للقيادة في الانتخابات الرئاسية للحزب الليبرالي الديمقراطي لعام 2025؟	ساناي تاكايتشي	Sanae Takaichi
ar	ja_hyogo_gubernatorial_2025_ldp_presidential__candidate__006__target__ja_hyogo_gubernatorial_2025_ldp_presidential_target_target_candidate_4__ar__surface_003	ja_hyogo_gubernatorial_2025_ldp_presidential__candidate__006__target__ja_hyogo_gubernatorial_2025_ldp_presidential_target_target_candidate_4__en__surface_003	source_aliases_not_translated	في انتخابات حاكم هيوغو لعام 2024، من كان المرشح المدعوم من الحزب الشيوعي الياباني؟	يوشيكيو أوساوا	Yoshikiyo Osawa
ar	ja_hyogo_gubernatorial_2025_ldp_presidential__candidate_background__002__neighbor__ja_hyogo_gubernatorial_2025_ldp_presidential_neighbor_neighbor_candidate_background_2__ar__surface_001	ja_hyogo_gubernatorial_2025_ldp_presidential__candidate_background__002__neighbor__ja_hyogo_gubernatorial_2025_ldp_presidential_neighbor_neighbor_candidate_background_2__en__surface_001	backtranslated_answer_not_matched_by_heuristic	قبل ترشحه في الانتخابات الرئاسية للحزب الليبرالي الديمقراطي لعام 2025، ما هو المنصب الذي كان يشغله شينجيرو كويزومي؟	وزير الزراعة	Minister of Agriculture
ar	ja_hyuga_nada_earthquake_expo_pavilions__infrastructure_or_building_involved__014__target__ja_hyuga_nada_earthquake_expo_pavilions_target_target_infrastructure_2__ar__surface_003	ja_hyuga_nada_earthquake_expo_pavilions__infrastructure_or_building_involved__014__target__ja_hyuga_nada_earthquake_expo_pavilions_target_target_infrastructure_2__en__surface_003	source_aliases_not_translated	أي معلم في نيتشينان تضرر نتيجة زلزال هيوغا-نادا عام 2024؟	بلدة قلعة أوبي	Obi Castle town
ar	ja_hyuga_nada_earthquake_expo_pavilions__organization_involved__012__target__ja_hyuga_nada_earthquake_expo_pavilions_target_target_organization_2__ar__surface_001	ja_hyuga_nada_earthquake_expo_pavilions__organization_involved__012__target__ja_hyuga_nada_earthquake_expo_pavilions_target_target_organization_2__en__surface_001	source_aliases_not_translated	بعد زلزال هيوغا-نادا عام 2024، ما هي الوكالة التي أصدرت البيان الاستشاري 'معلومات إضافية عن زلزال خندق نانكاي'؟	وكالة الأرصاد الجوية اليابانية	Japan Meteorological Agency
ar	ja_hyuga_nada_earthquake_expo_pavilions__affected_or_involved_region__007__neighbor__ja_hyuga_nada_earthquake_expo_pavilions_neighbor_neighbor_affected_region_3__ar__surface_002	ja_hyuga_nada_earthquake_expo_pavilions__affected_or_involved_region__007__neighbor__ja_hyuga_nada_earthquake_expo_pavilions_neighbor_neighbor_affected_region_3__en__surface_002	source_aliases_not_translated	أي دولة انسحبت من المشاركة في إكسبو 2025؟	إستونيا	Estonia
ar	ja_hyuga_nada_earthquake_expo_pavilions__affected_or_involved_region__008__target__ja_hyuga_nada_earthquake_expo_pavilions_target_target_affected_region_4__ar__surface_001	ja_hyuga_nada_earthquake_expo_pavilions__affected_or_involved_region__008__target__ja_hyuga_nada_earthquake_expo_pavilions_target_target_affected_region_4__en__surface_001	source_aliases_not_translated	ما هي المحافظة التي أبلغت عن إصابتين بالضبط نتيجة زلزال هيوغا-نادا عام 2024؟	محافظة كوماموتو	Kumamoto Prefecture
ar	ja_hyuga_nada_earthquake_expo_pavilions__cancelled_or_delayed_entity__006__neighbor__ja_hyuga_nada_earthquake_expo_pavilions_neighbor_neighbor_cancelled_2__ar__surface_003	ja_hyuga_nada_earthquake_expo_pavilions__cancelled_or_delayed_entity__006__neighbor__ja_hyuga_nada_earthquake_expo_pavilions_neighbor_neighbor_cancelled_2__en__surface_003	source_aliases_not_translated	بالنسبة لإكسبو 2025، ما هي العملية الخاصة بجناح مالطا التي تم تأجيلها حتى ديسمبر 2024؟	البناء	Construction
ar	ja_hyuga_nada_earthquake_expo_pavilions__infrastructure_or_building_involved__014__neighbor__ja_hyuga_nada_earthquake_expo_pavilions_neighbor_neighbor_infrastructure_3__ar__surface_003	ja_hyuga_nada_earthquake_expo_pavilions__infrastructure_or_building_involved__014__neighbor__ja_hyuga_nada_earthquake_expo_pavilions_neighbor_neighbor_infrastructure_3__en__surface_003	source_aliases_not_translated	اذكر اسم الجناح الذي سيتم نقله إلى جزيرة أواجي بمجرد انتهاء المعرض.	جناح هولندا	Netherlands Pavilion
ar	sw_goma_offensive_drc_rwanda_peace__key_figure__012__neighbor__sw_goma_offensive_drc_rwanda_peace_neighbor_neighbor_card_15__ar__surface_002	sw_goma_offensive_drc_rwanda_peace__key_figure__012__neighbor__sw_goma_offensive_drc_rwanda_peace_neighbor_neighbor_card_15__en__surface_002	source_aliases_not_translated	اذكر اسم وزير الخارجية الأمريكي الذي أشرف على حفل توقيع اتفاقية السلام بين جمهورية الكونغو الديمقراطية ورواندا لعام 2025.	ماركو روبيو	Marco Rubio
ar	sw_goma_offensive_drc_rwanda_peace__involved_country__005__neighbor__sw_goma_offensive_drc_rwanda_peace_neighbor_neighbor_card_4__ar__surface_002	sw_goma_offensive_drc_rwanda_peace__involved_country__005__neighbor__sw_goma_offensive_drc_rwanda_peace_neighbor_neighbor_card_4__en__surface_002	source_aliases_not_translated	ما هي الدولة التي توسطت في محادثات اتفاق السلام بين جمهورية الكونغو الديمقراطية ورواندا لعام 2025؟	قطر	Qatar
ar	sw_goma_offensive_drc_rwanda_peace__involved_country__006__neighbor__sw_goma_offensive_drc_rwanda_peace_neighbor_neighbor_card_2__ar__core	sw_goma_offensive_drc_rwanda_peace__involved_country__006__neighbor__sw_goma_offensive_drc_rwanda_peace_neighbor_neighbor_card_2__en__core	source_aliases_not_translated	أي دولة وقعت اتفاق السلام لعام 2025 لإنهاء صراعها مع جمهورية الكونغو الديمقراطية؟	رواندا	Rwanda
ar	sw_goma_offensive_drc_rwanda_peace__involved_armed_group__008__target__sw_goma_offensive_drc_rwanda_peace_target_target_card_8__ar__surface_002	sw_goma_offensive_drc_rwanda_peace__involved_armed_group__008__target__sw_goma_offensive_drc_rwanda_peace_target_target_card_8__en__surface_002	backtranslated_answer_not_matched_by_heuristic	خلال هجوم غوما عام 2025، ما هي المنظمة العسكرية التي أقامت خطاً دفاعياً؟	القوات المسلحة لجمهورية الكونغو الديمقراطية	Armed Forces of the Democratic Republic of the Congo
ar	sw_goma_offensive_drc_rwanda_peace__key_figure__011__target__sw_goma_offensive_drc_rwanda_peace_target_target_card_12__ar__core	sw_goma_offensive_drc_rwanda_peace__key_figure__011__target__sw_goma_offensive_drc_rwanda_peace_target_target_card_12__en__core	backtranslated_answer_not_matched_by_heuristic	من دعا إلى تعبئة وطنية خلال هجوم غوما عام 2025؟	فيليكس تشيسيكيدي	Felix Tshisekedi
ar	sw_goma_offensive_drc_rwanda_peace__involved_country__005__neighbor__sw_goma_offensive_drc_rwanda_peace_neighbor_neighbor_card_4__ar__core	sw_goma_offensive_drc_rwanda_peace__involved_country__005__neighbor__sw_goma_offensive_drc_rwanda_peace_neighbor_neighbor_card_4__en__core	source_aliases_not_translated	أي دولة توسطت في مفاوضات اتفاق السلام بين جمهورية الكونغو الديمقراطية ورواندا لعام 2025؟	قطر	Qatar
ar	sw_goma_offensive_drc_rwanda_peace__key_figure__014__neighbor__sw_goma_offensive_drc_rwanda_peace_neighbor_neighbor_card_17__ar__surface_002	sw_goma_offensive_drc_rwanda_peace__key_figure__014__neighbor__sw_goma_offensive_drc_rwanda_peace_neighbor_neighbor_card_17__en__surface_002	backtranslated_answer_not_matched_by_heuristic	اذكر اسم زعيم جمهورية الكونغو الديمقراطية الذي وقع على اتفاقيات واشنطن للسلام.	فيليكس تشيسيكيدي	Felix Tshisekedi
ar	sw_goma_offensive_drc_rwanda_peace__key_figure__011__neighbor__sw_goma_offensive_drc_rwanda_peace_neighbor_neighbor_card_14__ar__surface_003	sw_goma_offensive_drc_rwanda_peace__key_figure__011__neighbor__sw_goma_offensive_drc_rwanda_peace_neighbor_neighbor_card_14__en__surface_003	source_aliases_not_translated	من هو وزير خارجية رواندا الذي وقع على اتفاقيات واشنطن للسلام؟	أوليفييه ندوهونغيريه	Olivier Nduhungirehe
ar	sw_kenyan_protests_albert_ojwang__police_officer_involved__006__target__sw_kenyan_protests_albert_ojwang_target_target_police_officer_involved_1__ar__surface_001	sw_kenyan_protests_albert_ojwang__police_officer_involved__006__target__sw_kenyan_protests_albert_ojwang_target_target_police_officer_involved_1__en__surface_001	source_aliases_not_translated	من كان نائب المفتش العام للشرطة الذي انتقده ألبرت أوموندي أوجوانج عبر الإنترنت؟	إليود لاغات	Eliud Lagat
ar	sw_kenyan_protests_albert_ojwang__police_officer_involved__006__neighbor__sw_kenyan_protests_albert_ojwang_neighbor_neighbor_police_officer_involved_2__ar__surface_003	sw_kenyan_protests_albert_ojwang__police_officer_involved__006__neighbor__sw_kenyan_protests_albert_ojwang_neighbor_neighbor_police_officer_involved_2__en__surface_003	backtranslated_answer_not_matched_by_heuristic,source_aliases_not_translated	من شغل منصب الضابط المسؤول عن المركز الذي احتجز أوجوانج؟	سامسون تالام	Samson Talam
ar	sw_kenyan_protests_albert_ojwang__involved_person__008__target__sw_kenyan_protests_albert_ojwang_target_target_involved_person_1__ar__surface_002	sw_kenyan_protests_albert_ojwang__involved_person__008__target__sw_kenyan_protests_albert_ojwang_target_target_involved_person_1__en__surface_002	source_aliases_not_translated	اذكر اسم الزعيم الكيني الذي واجهت إدارته الاحتجاجات الكينية لعام 2025.	ويليام روتو	William Ruto
ar	sw_kenyan_protests_albert_ojwang__location__002__neighbor__sw_kenyan_protests_albert_ojwang_neighbor_neighbor_location_1__ar__surface_001	sw_kenyan_protests_albert_ojwang__location__002__neighbor__sw_kenyan_protests_albert_ojwang_neighbor_neighbor_location_1__en__surface_001	source_aliases_not_translated	أين كان يقع مركز احتجاز الشرطة الذي توفي فيه ألبرت أوموندي أوجوانج؟	نيروبي	Nairobi
ar	sw_kenyan_protests_albert_ojwang__involved_person__009__target__sw_kenyan_protests_albert_ojwang_target_target_involved_person_3__ar__surface_002	sw_kenyan_protests_albert_ojwang__involved_person__009__target__sw_kenyan_protests_albert_ojwang_target_target_involved_person_3__en__surface_002	source_aliases_not_translated	من هو وزير الداخلية الذي أعلن عن اعتقال 1500 كيني؟	كيبتشومبا موركومين	Kipchumba Murkomen
ar	th_political_crisis_same_sex_marriage__key_figure__005__neighbor__th_political_crisis_same_sex_marriage_neighbor_th_same_sex_marriage_key_figure_2__ar__surface_002	th_political_crisis_same_sex_marriage__key_figure__005__neighbor__th_political_crisis_same_sex_marriage_neighbor_th_same_sex_marriage_key_figure_2__en__surface_002	source_aliases_not_translated	من هو الملك الذي تمت الموافقة رسمياً على قانون زواج المثليين في تايلاند من خلال مصادقته الملكية؟	الملك فاجيرالونغكورن	King Vajiralongkorn
ar	th_political_crisis_same_sex_marriage__key_figure__007__neighbor__th_political_crisis_same_sex_marriage_neighbor_th_same_sex_marriage_key_figure_4__ar__surface_001	th_political_crisis_same_sex_marriage__key_figure__007__neighbor__th_political_crisis_same_sex_marriage_neighbor_th_same_sex_marriage_key_figure_4__en__surface_001	source_aliases_not_translated	من كان النائب عن حزب السير إلى الأمام الذي اقترح مشروع قانون لإضفاء الشرعية على زواج المثليين في يونيو 2020؟	تونياوات كامولونغوات	Tunyawat Kamolwongwat
ar	th_political_crisis_same_sex_marriage__key_figure__009__target__th_political_crisis_same_sex_marriage_target_th_political_crisis_2025_key_figure_6__ar__core	th_political_crisis_same_sex_marriage__key_figure__009__target__th_political_crisis_same_sex_marriage_target_th_political_crisis_2025_key_figure_6__en__core	source_aliases_not_translated	من تولى منصب القائم بأعمال رئيس وزراء تايلاند بعد إيقاف بايتونجتارن شيناواترا؟	سوريا جوانجرونجروانجكيت	Suriya Juangroongruangkit
ar	th_political_crisis_same_sex_marriage__involved_organization__015__target__th_political_crisis_same_sex_marriage_target_th_political_crisis_2025_involved_organization_2__ar__core	th_political_crisis_same_sex_marriage__involved_organization__015__target__th_political_crisis_same_sex_marriage_target_th_political_crisis_2025_involved_organization_2__en__core	source_aliases_not_translated	أي حزب سياسي قاد الائتلاف الحاكم قبل انسحاب حزب بومجايتاي في عام 2025؟	حزب بيو تاي	Pheu Thai Party
ar	th_political_crisis_same_sex_marriage__key_figure__005__neighbor__th_political_crisis_same_sex_marriage_neighbor_th_same_sex_marriage_key_figure_2__ar__surface_001	th_political_crisis_same_sex_marriage__key_figure__005__neighbor__th_political_crisis_same_sex_marriage_neighbor_th_same_sex_marriage_key_figure_2__en__surface_001	source_aliases_not_translated	أي عاهل تايلاندي منح الموافقة الملكية على تشريع زواج المثليين؟	الملك فاجيرالونغكورن	King Vajiralongkorn
ar	th_political_crisis_same_sex_marriage__involved_organization__015__target__th_political_crisis_same_sex_marriage_target_th_political_crisis_2025_involved_organization_2__ar__surface_001	th_political_crisis_same_sex_marriage__involved_organization__015__target__th_political_crisis_same_sex_marriage_target_th_political_crisis_2025_involved_organization_2__en__surface_001	source_aliases_not_translated	قبل انسحاب حزب بومجايتاي في عام 2025، ما هي المنظمة التي كانت على رأس الائتلاف الحاكم؟	حزب بيو تاي	Pheu Thai Party
ar	th_political_crisis_same_sex_marriage__key_figure__006__neighbor__th_political_crisis_same_sex_marriage_neighbor_th_same_sex_marriage_key_figure_3__ar__surface_001	th_political_crisis_same_sex_marriage__key_figure__006__neighbor__th_political_crisis_same_sex_marriage_neighbor_th_same_sex_marriage_key_figure_3__en__surface_001	source_aliases_not_translated	من كان رئيس الوزراء الذي شكلت حكومته لجنة في عام 2012 لصياغة تشريع الشراكة المدنية؟	ينغلاك شيناواترا	Yingluck Shinawatra
ar	th_political_crisis_same_sex_marriage__involved_organization__011__neighbor__th_political_crisis_same_sex_marriage_neighbor_th_same_sex_marriage_involved_organization_4__ar__core	th_political_crisis_same_sex_marriage__involved_organization__011__neighbor__th_political_crisis_same_sex_marriage_neighbor_th_same_sex_marriage_involved_organization_4__en__core	source_aliases_not_translated	أي منظمة حكمت في عام 2021 بأن المادة 1448 من القانون المدني والتجاري دستورية؟	المحكمة الدستورية	Constitutional Court
ar	th_political_crisis_same_sex_marriage__key_figure__005__neighbor__th_political_crisis_same_sex_marriage_neighbor_th_same_sex_marriage_key_figure_2__ar__core	th_political_crisis_same_sex_marriage__key_figure__005__neighbor__th_political_crisis_same_sex_marriage_neighbor_th_same_sex_marriage_key_figure_2__en__core	source_aliases_not_translated	من منح الموافقة الملكية على قانون زواج المثليين في تايلاند؟	الملك فاجيرالونغكورن	King Vajiralongkorn
ar	th_cambodian_border_crisis_myanmar_earthquake__affected_location__009__target__th_cambodian_border_crisis_myanmar_earthquake_target_th_cambodian_border_crisis_loc_4__ar__surface_003	th_cambodian_border_crisis_myanmar_earthquake__affected_location__009__target__th_cambodian_border_crisis_myanmar_earthquake_target_th_cambodian_border_crisis_loc_4__en__surface_003	source_aliases_not_translated	اذكر اسم المقاطعة التي واجهت إجراءات جديدة لإدارة الحدود عندما تولى الجيش الملكي التايلاندي السلطة من وزارة الدفاع.	محافظة ترات	Trat Province
ar	th_cambodian_border_crisis_myanmar_earthquake__key_figure__004__target__th_cambodian_border_crisis_myanmar_earthquake_target_th_cambodian_border_crisis_person_4__ar__surface_002	th_cambodian_border_crisis_myanmar_earthquake__key_figure__004__target__th_cambodian_border_crisis_myanmar_earthquake_target_th_cambodian_border_crisis_person_4__en__surface_002	source_aliases_not_translated	أي رئيس أمريكي شهد حفل توقيع اتفاق كوالالمبور للسلام؟	دونالد ترامب	Donald Trump
ar	th_cambodian_border_crisis_myanmar_earthquake__affected_location__009__neighbor__th_cambodian_border_crisis_myanmar_earthquake_neighbor_myanmar_earthquake_loc_2__ar__core	th_cambodian_border_crisis_myanmar_earthquake__affected_location__009__neighbor__th_cambodian_border_crisis_myanmar_earthquake_neighbor_myanmar_earthquake_loc_2__en__core	source_aliases_not_translated	أي منطقة في ميانمار ضربها زلزال عام 2025؟	منطقة ساجاينغ	Sagaing Region
ar	th_cambodian_border_crisis_myanmar_earthquake__key_figure__003__neighbor__th_cambodian_border_crisis_myanmar_earthquake_neighbor_myanmar_earthquake_person_3__ar__surface_002	th_cambodian_border_crisis_myanmar_earthquake__key_figure__003__neighbor__th_cambodian_border_crisis_myanmar_earthquake_neighbor_myanmar_earthquake_person_3__en__surface_002	source_aliases_not_translated	اذكر اسم محافظ بانكوك الذي أعلن المدينة منطقة كوارث من المستوى الثاني.	تشادشارت سيتيبونت	Chadchart Sittipunt
ar	th_cambodian_border_crisis_myanmar_earthquake__key_figure__002__target__th_cambodian_border_crisis_myanmar_earthquake_target_th_cambodian_border_crisis_person_1__ar__surface_003	th_cambodian_border_crisis_myanmar_earthquake__key_figure__002__target__th_cambodian_border_crisis_myanmar_earthquake_target_th_cambodian_border_crisis_person_1__en__surface_003	source_aliases_not_translated	خلال أزمة الحدود الكمبودية التايلاندية عام 2025، من هو رئيس الوزراء الذي طلب حكماً من محكمة العدل الدولية؟	هون مانيت	Hun Manet
ar	th_cambodian_border_crisis_myanmar_earthquake__key_figure__002__target__th_cambodian_border_crisis_myanmar_earthquake_target_th_cambodian_border_crisis_person_1__ar__surface_001	th_cambodian_border_crisis_myanmar_earthquake__key_figure__002__target__th_cambodian_border_crisis_myanmar_earthquake_target_th_cambodian_border_crisis_person_1__en__surface_001	source_aliases_not_translated	من طلب حكماً من محكمة العدل الدولية نيابة عن كمبوديا خلال النزاع الحدودي مع تايلاند عام 2025؟	هون مانيت	Hun Manet
ar	th_cambodian_border_crisis_myanmar_earthquake__international_response_entity__006__neighbor__th_cambodian_border_crisis_myanmar_earthquake_neighbor_myanmar_earthquake_org_2__ar__surface_002	th_cambodian_border_crisis_myanmar_earthquake__international_response_entity__006__neighbor__th_cambodian_border_crisis_myanmar_earthquake_neighbor_myanmar_earthquake_org_2__en__surface_002	source_aliases_not_translated	ما هي الهيئة الدولية التي قدمت 2.5 مليون يورو مبدئياً كمساعدات طارئة استجابة لزلزال ميانمار عام 2025؟	الاتحاد الأوروبي	The European Union
ar	th_cambodian_border_crisis_myanmar_earthquake__key_figure__003__target__th_cambodian_border_crisis_myanmar_earthquake_target_th_cambodian_border_crisis_person_2__ar__surface_001	th_cambodian_border_crisis_myanmar_earthquake__key_figure__003__target__th_cambodian_border_crisis_myanmar_earthquake_target_th_cambodian_border_crisis_person_2__en__surface_001	source_aliases_not_translated	أي رئيس وزراء تايلاندي تواصل مع خلينغ هوت لتسهيل محادثة غير رسمية مع هون سين؟	بايتونجتارن شيناواترا	Paetongtarn Shinawatra
ar	th_cambodian_border_crisis_myanmar_earthquake__international_response_entity__006__target__th_cambodian_border_crisis_myanmar_earthquake_target_th_cambodian_border_crisis_org_3__ar__core	th_cambodian_border_crisis_myanmar_earthquake__international_response_entity__006__target__th_cambodian_border_crisis_myanmar_earthquake_target_th_cambodian_border_crisis_org_3__en__core	source_aliases_not_translated	ما هي الدولة التي استضافت اجتماعاً غير رسمي في شنغهاي مع مسؤولين كمبوديين وتايلانديين لإعادة التأكيد على التزامهم بوقف إطلاق النار خلال الأزمة الحدودية الكمبودية التايلاندية عام 2025؟	الصين	China
ar	th_audit_office_bangkok_road_collapse__event_locations__011__target__th_audit_office_bangkok_road_collapse_target_target_event_locations_1__ar__surface_002	th_audit_office_bangkok_road_collapse__event_locations__011__target__th_audit_office_bangkok_road_collapse_target_target_event_locations_1__en__surface_002	source_aliases_not_translated	في أي موقع تعرض مبنى مكتب التدقيق الحكومي التايلاندي للانهيار؟	بانكوك	Bangkok
ar	th_audit_office_bangkok_road_collapse__damaged_or_affected_entities__014__neighbor__th_audit_office_bangkok_road_collapse_neighbor_neighbor_damaged_or_affected_entities_2__ar__core	th_audit_office_bangkok_road_collapse__damaged_or_affected_entities__014__neighbor__th_audit_office_bangkok_road_collapse_neighbor_neighbor_damaged_or_affected_entities_2__en__core	source_aliases_not_translated	أثناء انهيار طريق بانكوك عام 2025، ما هو الهيكل القريب قيد الإنشاء الذي تسبب تدفق التربة إليه في حدوث الحفرة البالوعية؟	نفق مترو الأنفاق	Subway tunnel
ar	th_audit_office_bangkok_road_collapse__damaged_or_affected_entities__015__neighbor__th_audit_office_bangkok_road_collapse_neighbor_neighbor_damaged_or_affected_entities_3__ar__surface_002	th_audit_office_bangkok_road_collapse__damaged_or_affected_entities__015__neighbor__th_audit_office_bangkok_road_collapse_neighbor_neighbor_damaged_or_affected_entities_3__en__surface_002	source_aliases_not_translated	تسببت الحفرة البالوعية في حادثة انهيار طريق بانكوك عام 2025 في انهيار الرصيف المحيط وأي هياكل أخرى؟	أعمدة المرافق	Utility poles
ar	th_audit_office_bangkok_road_collapse__event_dates__013__neighbor__th_audit_office_bangkok_road_collapse_neighbor_neighbor_event_dates_4__ar__core	th_audit_office_bangkok_road_collapse__event_dates__013__neighbor__th_audit_office_bangkok_road_collapse_neighbor_neighbor_event_dates_4__en__core	source_aliases_not_translated	اعتبارًا من أي تاريخ تم الإبلاغ عن إغلاق طريق سامسين لأجل غير مسمى بسبب انهيار طريق بانكوك عام 2025؟	5 أكتوبر	October 5
ar	th_audit_office_bangkok_road_collapse__damaged_or_affected_entities__014__target__th_audit_office_bangkok_road_collapse_target_target_damaged_or_affected_entities_2__ar__surface_003	th_audit_office_bangkok_road_collapse__damaged_or_affected_entities__014__target__th_audit_office_bangkok_road_collapse_target_target_damaged_or_affected_entities_2__en__surface_003	source_aliases_not_translated	إلى جانب مبنى مكتب التدقيق الحكومي التايلاندي، ما هو الهيكل الآخر الذي انهار في منطقة أماتا سيتي تشونبوري الصناعية والمرتبط بنفس مورد الصلب؟	مبنى مصنع	Factory building
ar	th_audit_office_bangkok_road_collapse__damaged_or_affected_entities__014__neighbor__th_audit_office_bangkok_road_collapse_neighbor_neighbor_damaged_or_affected_entities_2__ar__surface_003	th_audit_office_bangkok_road_collapse__damaged_or_affected_entities__014__neighbor__th_audit_office_bangkok_road_collapse_neighbor_neighbor_damaged_or_affected_entities_2__en__surface_003	source_aliases_not_translated	في أحداث انهيار طريق بانكوك عام 2025، إلى ماذا تدفقت التربة مما أدى إلى تشكل حفرة غائرة؟	نفق مترو الأنفاق	Subway tunnel
ar	th_audit_office_bangkok_road_collapse__damaged_or_affected_entities__015__target__th_audit_office_bangkok_road_collapse_target_target_damaged_or_affected_entities_3__ar__surface_003	th_audit_office_bangkok_road_collapse__damaged_or_affected_entities__015__target__th_audit_office_bangkok_road_collapse_target_target_damaged_or_affected_entities_3__en__surface_003	source_aliases_not_translated	ما نوع الممتلكات التي أصيبت وتضررت أثناء انهيار مبنى المصنع في مدينة أماتا تشونبوري؟	مركبات	Vehicles
ar	th_audit_office_bangkok_road_collapse__event_dates__013__target__th_audit_office_bangkok_road_collapse_target_target_event_dates_3__ar__surface_003	th_audit_office_bangkok_road_collapse__event_dates__013__target__th_audit_office_bangkok_road_collapse_target_target_event_dates_3__en__surface_003	source_aliases_not_translated	في أعقاب انهيار مبنى مكتب تدقيق الدولة التايلاندي، في أي يوم اعتذر محافظ بانكوك عن بطء الاستجابة لجهود الإنقاذ؟	4 أبريل	April 4
ar	zh_shenzhen_stabbing_wuxi_stabbing__aftermath_actions__012__target__zh_shenzhen_stabbing_wuxi_stabbing_target_target_action_2__ar__surface_001	zh_shenzhen_stabbing_wuxi_stabbing__aftermath_actions__012__target__zh_shenzhen_stabbing_wuxi_stabbing_target_target_action_2__en__surface_001	source_aliases_not_translated	بعد حادثة الطعن في شنجن عام 2024، ما نوع التجمع الذي أقيم في طوكيو؟	وقفة بالشموع	Candlelight vigil
ar	zh_shenzhen_stabbing_wuxi_stabbing__incident_locations__002__target__zh_shenzhen_stabbing_wuxi_stabbing_target_target_loc_1__ar__surface_002	zh_shenzhen_stabbing_wuxi_stabbing__incident_locations__002__target__zh_shenzhen_stabbing_wuxi_stabbing_target_target_loc_1__en__surface_002	source_aliases_not_translated	أي مدينة في غوانغدونغ كانت موقع حادثة طعن تلميذ ياباني عام 2024؟	شنجن	Shenzhen
ar	zh_shenzhen_stabbing_wuxi_stabbing__aftermath_actions__013__target__zh_shenzhen_stabbing_wuxi_stabbing_target_target_action_4__ar__surface_002	zh_shenzhen_stabbing_wuxi_stabbing__aftermath_actions__013__target__zh_shenzhen_stabbing_wuxi_stabbing_target_target_action_4__en__surface_002	backtranslated_answer_not_matched_by_heuristic	كيف عدلت المدارس اليابانية في قوانغتشو وبكين عملياتها بعد حادثة الطعن في شنجن عام 2024؟	أوقفت الأنشطة اللامنهجية	Suspended extracurricular activities
ar	zh_shenzhen_stabbing_wuxi_stabbing__incident_locations__006__target__zh_shenzhen_stabbing_wuxi_stabbing_target_target_loc_2__ar__surface_003	zh_shenzhen_stabbing_wuxi_stabbing__incident_locations__006__target__zh_shenzhen_stabbing_wuxi_stabbing_target_target_loc_2__en__surface_003	source_aliases_not_translated	ما هي المقاطعة التي كانت موقع حادثة الطعن في شنتشن عام 2024؟	غوانغدونغ	Guangdong
ar	zh_shenzhen_stabbing_wuxi_stabbing__incident_locations__006__neighbor__zh_shenzhen_stabbing_wuxi_stabbing_neighbor_neighbor_loc_2__ar__surface_001	zh_shenzhen_stabbing_wuxi_stabbing__incident_locations__006__neighbor__zh_shenzhen_stabbing_wuxi_stabbing_neighbor_neighbor_loc_2__en__surface_001	source_aliases_not_translated	أين وقعت حادثة الطعن في ووشي عام 2024؟	مقاطعة جيانغسو	Jiangsu Province
ar	zh_shenzhen_stabbing_wuxi_stabbing__incident_locations__006__neighbor__zh_shenzhen_stabbing_wuxi_stabbing_neighbor_neighbor_loc_2__ar__surface_003	zh_shenzhen_stabbing_wuxi_stabbing__incident_locations__006__neighbor__zh_shenzhen_stabbing_wuxi_stabbing_neighbor_neighbor_loc_2__en__surface_003	source_aliases_not_translated	ما هي المقاطعة التي كانت موقعاً لحادثة الطعن في ووشي عام 2024؟	مقاطعة جيانغسو	Jiangsu Province
ar	zh_shenzhen_stabbing_wuxi_stabbing__perpetrator_attributes__005__target__zh_shenzhen_stabbing_wuxi_stabbing_target_target_perp_5__ar__surface_001	zh_shenzhen_stabbing_wuxi_stabbing__perpetrator_attributes__005__target__zh_shenzhen_stabbing_wuxi_stabbing_target_target_perp_5__en__surface_001	backtranslated_answer_not_matched_by_heuristic	ما العقوبة النهائية التي نُفذت بحق المهاجم في حادثة الطعن في شنجن عام 2024؟	الإعدام	Execution
ar	zh_shenzhen_stabbing_wuxi_stabbing__incident_locations__006__neighbor__zh_shenzhen_stabbing_wuxi_stabbing_neighbor_neighbor_loc_2__ar__core	zh_shenzhen_stabbing_wuxi_stabbing__incident_locations__006__neighbor__zh_shenzhen_stabbing_wuxi_stabbing_neighbor_neighbor_loc_2__en__core	source_aliases_not_translated	في أي مقاطعة وقعت حادثة الطعن في ووشي عام 2024؟	مقاطعة جيانغسو	Jiangsu Province
ar	zh_zhuhai_car_attack_wuxi_stabbing__censorship_target__014__target__zh_zhuhai_car_attack_wuxi_stabbing_target_zhuhai_cen_3__ar__surface_001	zh_zhuhai_car_attack_wuxi_stabbing__censorship_target__014__target__zh_zhuhai_car_attack_wuxi_stabbing_target_zhuhai_cen_3__en__surface_001	backtranslated_answer_not_matched_by_heuristic	صحفي أي مؤسسة إخبارية أُجبر على مسح تغطيته أثناء إعداد تقرير عن هجوم الدهس في تشوهاي عام 2024؟	مراسل تلفزيون تي بي إس	TBS TV reporter
ar	zh_zhuhai_car_attack_wuxi_stabbing__incident_location__003__neighbor__zh_zhuhai_car_attack_wuxi_stabbing_neighbor_wuxi_loc_2__ar__surface_002	zh_zhuhai_car_attack_wuxi_stabbing__incident_location__003__neighbor__zh_zhuhai_car_attack_wuxi_stabbing_neighbor_wuxi_loc_2__en__surface_002	source_aliases_not_translated	أي مدينة تحديدًا كانت موقع حادثة الطعن الجماعي في ووشي عام 2024؟	ييشينغ	Yixing
ar	zh_zhuhai_car_attack_wuxi_stabbing__censorship_target__013__target__zh_zhuhai_car_attack_wuxi_stabbing_target_zhuhai_cen_2__ar__surface_003	zh_zhuhai_car_attack_wuxi_stabbing__censorship_target__013__target__zh_zhuhai_car_attack_wuxi_stabbing_target_zhuhai_cen_2__en__surface_003	source_aliases_not_translated	خلال هجوم الدهس بالسيارة في تشوهاي عام 2024، أفراد أي وسيلة إعلامية تعرضوا للدفع والمقاطعة لإيقاف تغطيتهم المباشرة؟	صحفيو بي بي سي نيوز	BBC News journalists
ar	zh_zhuhai_car_attack_wuxi_stabbing__incident_location__009__neighbor__zh_zhuhai_car_attack_wuxi_stabbing_neighbor_wuxi_loc_3__ar__surface_003	zh_zhuhai_car_attack_wuxi_stabbing__incident_location__009__neighbor__zh_zhuhai_car_attack_wuxi_stabbing_neighbor_wuxi_loc_3__en__surface_003	source_aliases_not_translated	أي مقاطعة كانت موقع حادثة الطعن في ووشي عام 2024؟	مقاطعة جيانغسو	Jiangsu Province
ar	zh_zhuhai_car_attack_wuxi_stabbing__aftermath_response__015__neighbor__zh_zhuhai_car_attack_wuxi_stabbing_neighbor_wuxi_aft_2__ar__surface_003	zh_zhuhai_car_attack_wuxi_stabbing__aftermath_response__015__neighbor__zh_zhuhai_car_attack_wuxi_stabbing_neighbor_wuxi_aft_2__en__surface_003	source_aliases_not_translated	ماذا كان مصير الزهور التي وضعها الناس في الكلية في أعقاب حادثة الطعن في ووشي عام 2024؟	تمت إزالتها من قبل الأمن	They were removed by security
ar	zh_night_ride_kaifeng_henan_cuisine__utilizes_key_element__002__neighbor__zh_night_ride_kaifeng_henan_cuisine_neighbor_11__ar__surface_003	zh_night_ride_kaifeng_henan_cuisine__utilizes_key_element__002__neighbor__zh_night_ride_kaifeng_henan_cuisine_neighbor_11__en__surface_003	source_aliases_not_translated	عند تحضير أطباق مطبخ خنان، ما هو اللحم الأكثر استخداماً؟	لحم الخنزير	Pork
ar	zh_night_ride_kaifeng_henan_cuisine__involves_demographic__014__target__zh_night_ride_kaifeng_henan_cuisine_target_16__ar__surface_001	zh_night_ride_kaifeng_henan_cuisine__involves_demographic__014__target__zh_night_ride_kaifeng_henan_cuisine_target_16__en__surface_001	source_aliases_not_translated	ما هي الجهة المحددة من السلطات التي كثفت دورياتها على طول طريق تشنغكاي من أجل الرحلة الليلية إلى كايفنغ؟	شرطة المرور	Traffic police
ar	zh_night_ride_kaifeng_henan_cuisine__involves_demographic__011__target__zh_night_ride_kaifeng_henan_cuisine_target_14__ar__surface_003	zh_night_ride_kaifeng_henan_cuisine__involves_demographic__011__target__zh_night_ride_kaifeng_henan_cuisine_target_14__en__surface_003	source_aliases_not_translated	ما هي الفئة الديموغرافية التي قادت الظاهرة واسعة الانتشار المعروفة باسم الرحلة الليلية إلى كايفنغ؟	طلاب الجامعات	University students
bn	en_brian_thompson_killing_luigi_mangione__key_locations__011__target__en_brian_thompson_killing_luigi_mangione_target_target_key_locations_1__bn__surface_003	en_brian_thompson_killing_luigi_mangione__key_locations__011__target__en_brian_thompson_killing_luigi_mangione_target_target_key_locations_1__en__surface_003	source_aliases_not_translated	ব্রায়ান থম্পসনের হত্যাকাণ্ডটি যে এলাকায় ঘটেছিল তার নাম বলুন।	মিডটাউন ম্যানহাটন	Midtown Manhattan
bn	en_brian_thompson_killing_luigi_mangione__key_locations__013__target__en_brian_thompson_killing_luigi_mangione_target_target_key_locations_3__bn__core	en_brian_thompson_killing_luigi_mangione__key_locations__013__target__en_brian_thompson_killing_luigi_mangione_target_target_key_locations_3__en__core	source_aliases_not_translated	লুইগি ম্যাঞ্জিওনের সর্বশেষ পরিচিত বাসস্থান কোথায় ছিল?	হনলুলু, হাওয়াই	Honolulu, Hawaii
bn	en_brian_thompson_killing_luigi_mangione__associated_organizations__006__target__en_brian_thompson_killing_luigi_mangione_target_target_associated_organizations_2__bn__surface_002	en_brian_thompson_killing_luigi_mangione__associated_organizations__006__target__en_brian_thompson_killing_luigi_mangione_target_target_associated_organizations_2__en__surface_002	source_aliases_not_translated	ব্রায়ান থম্পসন মামলার সন্দেহভাজন কোন বাস লাইনে করে নিউইয়র্ক সিটিতে গিয়েছিলেন?	গ্রেহাউন্ড	Greyhound
bn	en_brian_thompson_killing_luigi_mangione__involved_legal_figures__015__target__en_brian_thompson_killing_luigi_mangione_target_target_involved_legal_figures_2__bn__surface_003	en_brian_thompson_killing_luigi_mangione__involved_legal_figures__015__target__en_brian_thompson_killing_luigi_mangione_target_target_involved_legal_figures_2__en__surface_003	source_aliases_not_translated	ব্রায়ান থম্পসন হত্যার পর লুইজি ম্যাঞ্জিওনের আত্মপক্ষ সমর্থনকারী আইনজীবী কে ছিলেন?	টমাস ডিকি	Thomas Dickey
bn	en_tesla_vandalism_doge__public_critic__003__target__en_tesla_vandalism_doge_target_target_public_critic_2__bn__surface_003	en_tesla_vandalism_doge__public_critic__003__target__en_tesla_vandalism_doge_target_target_public_critic_2__en__surface_003	source_aliases_not_translated	টেসলা ভাঙচুরকে "অভ্যন্তরীণ সন্ত্রাসবাদের চেয়ে কম কিছু নয়" হিসেবে বর্ণনা করা উক্তিটি কোন অ্যাটর্নি জেনারেলের বলে উল্লেখ করা হয়?	প্যাম বন্ডি	Pam Bondi
bn	en_tesla_vandalism_doge__associated_legal_issue__009__neighbor__en_tesla_vandalism_doge_neighbor_neighbor_associated_legal_issue_2__bn__surface_003	en_tesla_vandalism_doge__associated_legal_issue__009__neighbor__en_tesla_vandalism_doge_neighbor_neighbor_associated_legal_issue_2__en__surface_003	source_aliases_not_translated	ডিপার্টমেন্ট অফ গভর্নমেন্ট এফিশিয়েন্সি-কে সরকারি তথ্যে যে ব্যাপক প্রবেশাধিকার দেওয়া হয়েছে, তার সাথে কোন প্রধান আইনি ঝুঁকি যুক্ত?	স্বার্থের সংঘাত	Conflict of interest
bn	en_tesla_vandalism_doge__public_critic__003__target__en_tesla_vandalism_doge_target_target_public_critic_2__bn__surface_002	en_tesla_vandalism_doge__public_critic__003__target__en_tesla_vandalism_doge_target_target_public_critic_2__en__surface_002	source_aliases_not_translated	২০২৫ সালের টেসলা ভাঙচুরকে অভ্যন্তরীণ সন্ত্রাসবাদ বলে আখ্যায়িত করা সরকারি কর্মকর্তার নাম বলুন।	প্যাম বন্ডি	Pam Bondi
bn	en_tesla_vandalism_doge__associated_legal_issue__009__neighbor__en_tesla_vandalism_doge_neighbor_neighbor_associated_legal_issue_2__bn__surface_002	en_tesla_vandalism_doge__associated_legal_issue__009__neighbor__en_tesla_vandalism_doge_neighbor_neighbor_associated_legal_issue_2__en__surface_002	source_aliases_not_translated	তথ্যে DOGE-এর অ্যাক্সেসের পরিধি কোন আইনি সমস্যা নিয়ে উদ্বেগ তৈরি করে?	স্বার্থের সংঘাত	Conflict of interest
bn	en_tesla_vandalism_doge__public_critic__003__neighbor__en_tesla_vandalism_doge_neighbor_neighbor_public_critic_1__bn__surface_003	en_tesla_vandalism_doge__public_critic__003__neighbor__en_tesla_vandalism_doge_neighbor_neighbor_public_critic_1__en__surface_003	source_aliases_not_translated	DOGE কর্তৃক সংস্থাগুলির মধ্যে ব্যক্তিগত তথ্য স্থানান্তরের বিষয়ে কোন জনসমালোচক উদ্বেগ প্রকাশ করেছিলেন?	জেরি কনোলি	Gerry Connolly
bn	en_tesla_vandalism_doge__key_person__004__target__en_tesla_vandalism_doge_target_target_key_person_1__bn__surface_003	en_tesla_vandalism_doge__key_person__004__target__en_tesla_vandalism_doge_target_target_key_person_1__en__surface_003	source_aliases_not_translated	২০২৫ সালের টেসলা ভাঙচুরের সাথে জড়িতদের জন্য যিনি কারাদণ্ডের সুপারিশ করেছিলেন, সেই ব্যক্তির নাম বলুন।	ডোনাল্ড ট্রাম্প	Donald Trump
bn	en_tesla_vandalism_doge__key_person__005__neighbor__en_tesla_vandalism_doge_neighbor_neighbor_key_person_3__bn__surface_002	en_tesla_vandalism_doge__key_person__005__neighbor__en_tesla_vandalism_doge_neighbor_neighbor_key_person_3__en__surface_002	backtranslated_answer_not_matched_by_heuristic,source_aliases_not_translated	নতুন জিএসএ (GSA) পরিচালকের নাম বলুন যিনি notify.gov এবং অন্যান্য বিভিন্ন সিস্টেমের জন্য অ্যাডমিনিস্ট্রেটর প্রিভিলেজ চেয়েছিলেন।	থমাস শেড	Thomas Shade
bn	en_tesla_vandalism_doge__key_person__004__target__en_tesla_vandalism_doge_target_target_key_person_1__bn__surface_002	en_tesla_vandalism_doge__key_person__004__target__en_tesla_vandalism_doge_target_target_key_person_1__en__surface_002	source_aliases_not_translated	২০২৫ সালের টেসলা ভাঙচুরকারীদের কারাগারে পাঠানোর ধারণাটি কোন রাজনৈতিক ব্যক্তিত্ব দিয়েছিলেন?	ডোনাল্ড ট্রাম্প	Donald Trump
bn	ar_haniyeh_assassination_masoud_pezeshkian__associated_country__014__neighbor__ar_haniyeh_assassination_masoud_pezeshkian_neighbor_14__bn__surface_003	ar_haniyeh_assassination_masoud_pezeshkian__associated_country__014__neighbor__ar_haniyeh_assassination_masoud_pezeshkian_neighbor_14__en__surface_003	source_aliases_not_translated	মাসুদ পেজেশকিয়ানের সাথে কোন দেশের কূটনৈতিক সম্পর্ক জোরদার হয়েছিল?	সৌদি আরব	Saudi Arabia
bn	ar_haniyeh_assassination_masoud_pezeshkian__associated_country__015__neighbor__ar_haniyeh_assassination_masoud_pezeshkian_neighbor_11__bn__surface_003	ar_haniyeh_assassination_masoud_pezeshkian__associated_country__015__neighbor__ar_haniyeh_assassination_masoud_pezeshkian_neighbor_11__en__surface_003	source_aliases_not_translated	ইরানের পারমাণবিক চুক্তি পুনরুজ্জীবিত করতে মাসুদ পেজেশকিয়ান কোন দেশের সাথে পুনরায় যুক্ত হওয়ার আশা করছিলেন?	যুক্তরাষ্ট্র	United States
bn	ar_haniyeh_assassination_masoud_pezeshkian__associated_country__014__target__ar_haniyeh_assassination_masoud_pezeshkian_target_12__bn__core	ar_haniyeh_assassination_masoud_pezeshkian__associated_country__014__target__ar_haniyeh_assassination_masoud_pezeshkian_target_12__en__core	source_aliases_not_translated	ইসমাইল হানিয়াহ হত্যাকাণ্ডে সহায়তা প্রদানের জন্য আইআরজিসি কোন দেশকে অভিযুক্ত করেছিল?	যুক্তরাষ্ট্র	United States
bn	ar_haniyeh_assassination_masoud_pezeshkian__associated_country__014__target__ar_haniyeh_assassination_masoud_pezeshkian_target_12__bn__surface_003	ar_haniyeh_assassination_masoud_pezeshkian__associated_country__014__target__ar_haniyeh_assassination_masoud_pezeshkian_target_12__en__surface_003	source_aliases_not_translated	ইসমাইল হানিয়াহ হত্যাকাণ্ডে সমর্থন দেওয়ার জন্য আইআরজিসি কোন রাষ্ট্রকে দায়ী করেছিল?	মার্কিন যুক্তরাষ্ট্র	United States
bn	ar_haniyeh_assassination_masoud_pezeshkian__associated_country__014__target__ar_haniyeh_assassination_masoud_pezeshkian_target_12__bn__surface_001	ar_haniyeh_assassination_masoud_pezeshkian__associated_country__014__target__ar_haniyeh_assassination_masoud_pezeshkian_target_12__en__surface_001	source_aliases_not_translated	আইআরজিসি অভিযোগ করেছে যে ইসমাইল হানিয়াহর হত্যাকাণ্ডে কোন দেশ সমর্থন প্রদান করেছিল?	যুক্তরাষ্ট্র	United States
bn	ar_haniyeh_assassination_masoud_pezeshkian__associated_country__004__target__ar_haniyeh_assassination_masoud_pezeshkian_target_14__bn__surface_003	ar_haniyeh_assassination_masoud_pezeshkian__associated_country__004__target__ar_haniyeh_assassination_masoud_pezeshkian_target_14__en__surface_003	source_aliases_not_translated	ইসমাইল হানিয়াহর মৃত্যুর প্রতিক্রিয়ায় কোন দেশ শোক দিবস ঘোষণা করেছিল?	তুরস্ক	Turkey
bn	ar_haniyeh_assassination_masoud_pezeshkian__associated_country__001__neighbor__ar_haniyeh_assassination_masoud_pezeshkian_neighbor_10__bn__core	ar_haniyeh_assassination_masoud_pezeshkian__associated_country__001__neighbor__ar_haniyeh_assassination_masoud_pezeshkian_neighbor_10__en__core	source_aliases_not_translated	মাসুদ পেজেশকিয়ানের নেতৃত্বে ২০২৪ সালের অক্টোবরে ইরানের হামলার লক্ষ্যবস্তু কোন দেশ ছিল?	ইসরায়েল	Israel
bn	ar_haniyeh_assassination_masoud_pezeshkian__associated_country__002__neighbor__ar_haniyeh_assassination_masoud_pezeshkian_neighbor_9__bn__surface_001	ar_haniyeh_assassination_masoud_pezeshkian__associated_country__002__neighbor__ar_haniyeh_assassination_masoud_pezeshkian_neighbor_9__en__surface_001	source_aliases_not_translated	মাসুদ পেজেশকিয়ান কোন দেশের নবম রাষ্ট্রপতি হিসেবে দায়িত্ব পালন করেছেন?	ইরান	Iran
bn	ar_lebanon_device_attacks_hq_strike__location_of_event__009__neighbor__ar_lebanon_device_attacks_hq_strike_neighbor_location_1__bn__surface_003	ar_lebanon_device_attacks_hq_strike__location_of_event__009__neighbor__ar_lebanon_device_attacks_hq_strike_neighbor_location_1__en__surface_003	source_aliases_not_translated	২০২৪ সালে হিজবুল্লাহর সদর দপ্তরে হামলা যে শহরে চালানো হয়েছিল, সেই শহরের নাম বলুন।	বৈরুত	Beirut
bn	ar_lebanon_device_attacks_hq_strike__reaction_by_country_or_org__003__target__ar_lebanon_device_attacks_hq_strike_target_reaction_2__bn__surface_002	ar_lebanon_device_attacks_hq_strike__reaction_by_country_or_org__003__target__ar_lebanon_device_attacks_hq_strike_target_reaction_2__en__surface_002	source_aliases_not_translated	২০২৪ সালের লেবাননের ইলেকট্রনিক ডিভাইস হামলাকে কোন দেশ "ইসরায়েলি সন্ত্রাসবাদ" হিসেবে আখ্যায়িত করেছিল?	ইরান	Iran
bn	ar_lebanon_device_attacks_hq_strike__reaction_by_country_or_org__005__neighbor__ar_lebanon_device_attacks_hq_strike_neighbor_reaction_4__bn__surface_003	ar_lebanon_device_attacks_hq_strike__reaction_by_country_or_org__005__neighbor__ar_lebanon_device_attacks_hq_strike_neighbor_reaction_4__en__surface_003	source_aliases_not_translated	২০২৪ সালের হিজবুল্লাহ সদর দপ্তরে হামলায় কে সতর্ক করে প্রতিক্রিয়া জানিয়েছিল যে হামলাটি "অত্যন্ত বিপজ্জনক"?	জার্মানি	Germany
bn	ar_lebanon_device_attacks_hq_strike__location_of_event__010__neighbor__ar_lebanon_device_attacks_hq_strike_neighbor_location_3__bn__surface_001	ar_lebanon_device_attacks_hq_strike__location_of_event__010__neighbor__ar_lebanon_device_attacks_hq_strike_neighbor_location_3__en__surface_001	source_aliases_not_translated	২০২৪ সালের হিজবুল্লাহ সদর দপ্তরে হামলার সময় যে শহরতলিতে আঘাত হানা হয়েছিল তার নাম কী?	দাহিয়ে	Dahieh
bn	ar_lebanon_device_attacks_hq_strike__reaction_by_country_or_org__007__target__ar_lebanon_device_attacks_hq_strike_target_reaction_6__bn__surface_003	ar_lebanon_device_attacks_hq_strike__reaction_by_country_or_org__007__target__ar_lebanon_device_attacks_hq_strike_target_reaction_6__en__surface_003	source_aliases_not_translated	২০২৪ সালের ইলেকট্রনিক ডিভাইস হামলার পর লেবাননের সার্বভৌমত্ব লঙ্ঘন করে এমন যেকোনো কাজের বিরোধিতা করে কোন দেশ বিবৃতি দিয়েছিল?	চীন	China
bn	ar_lebanon_device_attacks_hq_strike__reaction_by_country_or_org__006__target__ar_lebanon_device_attacks_hq_strike_target_reaction_5__bn__surface_001	ar_lebanon_device_attacks_hq_strike__reaction_by_country_or_org__006__target__ar_lebanon_device_attacks_hq_strike_target_reaction_5__en__surface_001	source_aliases_not_translated	২০২৪ সালের লেবানন ইলেকট্রনিক ডিভাইস হামলার প্রতিক্রিয়ায় কোন দেশের রাষ্ট্রপতি ইসরায়েলের সমালোচনা করেছিলেন?	তুরস্ক	Turkey
bn	ar_lebanon_device_attacks_hq_strike__statement_by_key_figure__013__neighbor__ar_lebanon_device_attacks_hq_strike_neighbor_statement_1__bn__core	ar_lebanon_device_attacks_hq_strike__statement_by_key_figure__013__neighbor__ar_lebanon_device_attacks_hq_strike_neighbor_statement_1__en__core	source_aliases_not_translated	২০২৪ সালের হিজবুল্লাহ সদর দপ্তরে হামলার ঠিক আগে কে জাতিসংঘে ভাষণ দিয়ে বলেছিলেন যে ইসরায়েল শান্তির প্রতি নিবেদিত?	বেঞ্জামিন নেতানিয়াহু	Benjamin Netanyahu
bn	ar_syrian_offensives_transitional_government__international_reaction__009__target__ar_syrian_offensives_transitional_government_target_target_reaction_6__bn__surface_001	ar_syrian_offensives_transitional_government__international_reaction__009__target__ar_syrian_offensives_transitional_government_target_target_reaction_6__en__surface_001	source_aliases_not_translated	কোন দেশ ২০২৪ সালের সিরীয় বিরোধী বাহিনীর অভিযানে কোনো ধরনের সম্পৃক্ততা আনুষ্ঠানিকভাবে অস্বীকার করেছে?	যুক্তরাষ্ট্র	United States
bn	ar_syrian_offensives_transitional_government__international_reaction__006__neighbor__ar_syrian_offensives_transitional_government_neighbor_neighbor_reaction_6__bn__core	ar_syrian_offensives_transitional_government__international_reaction__006__neighbor__ar_syrian_offensives_transitional_government_neighbor_neighbor_reaction_6__en__core	source_aliases_not_translated	কোন দেশ সিরিয়ার অন্তর্বর্তীকালীন সরকার ঘোষণাকে স্বাগত জানিয়েছে?	জার্মানি	Germany
bn	ar_syrian_offensives_transitional_government__international_reaction__003__neighbor__ar_syrian_offensives_transitional_government_neighbor_neighbor_reaction_2__bn__surface_002	ar_syrian_offensives_transitional_government__international_reaction__003__neighbor__ar_syrian_offensives_transitional_government_neighbor_neighbor_reaction_2__en__surface_002	source_aliases_not_translated	সদ্য ঘোষিত সিরিয়ার অন্তর্বর্তীকালীন সরকারের প্রতি কোন রাষ্ট্র আনুষ্ঠানিকভাবে অনুমোদন প্রকাশ করেছে?	জর্ডান	Jordan
bn	ar_syrian_offensives_transitional_government__key_event_date__013__target__ar_syrian_offensives_transitional_government_target_target_date_2__bn__surface_002	ar_syrian_offensives_transitional_government__key_event_date__013__target__ar_syrian_offensives_transitional_government_target_target_date_2__en__surface_002	source_aliases_not_translated	এইচটিএস ঠিক কোন তারিখে আলেপ্পো শহরে প্রবেশ করেছিল?	২৯ নভেম্বর ২০২৪	29 November 2024
bn	ar_syrian_offensives_transitional_government__international_reaction__006__neighbor__ar_syrian_offensives_transitional_government_neighbor_neighbor_reaction_6__bn__surface_003	ar_syrian_offensives_transitional_government__international_reaction__006__neighbor__ar_syrian_offensives_transitional_government_neighbor_neighbor_reaction_6__en__surface_003	source_aliases_not_translated	সিরিয়ার অন্তর্বর্তীকালীন সরকারের প্রসঙ্গে, সিরিয়ায় নতুন সরকারের ঘোষণাকে কে আনুষ্ঠানিকভাবে স্বাগত জানিয়েছে?	জার্মানি	Germany
bn	bn_noncooperation_interim_government__key_figures__009__neighbor__bn_noncooperation_interim_government_neighbor_neighbor_key_figures_2__bn__surface_001	bn_noncooperation_interim_government__key_figures__009__neighbor__bn_noncooperation_interim_government_neighbor_neighbor_key_figures_2__en__surface_001	source_aliases_not_translated	কোন রাষ্ট্রপতি মুহাম্মদ ইউনূসের শপথ গ্রহণ অনুষ্ঠান পরিচালনা করেন?	মোহাম্মদ সাহাবুদ্দিন	Mohammed Shahabuddin
bn	bn_noncooperation_interim_government__key_figures__012__target__bn_noncooperation_interim_government_target_target_key_figures_5__bn__surface_001	bn_noncooperation_interim_government__key_figures__012__target__bn_noncooperation_interim_government_target_target_key_figures_5__en__surface_001	source_aliases_not_translated	২০২৪ সালের অসহযোগ আন্দোলনের পর অন্তর্বর্তীকালীন সরকারের প্রধান হিসেবে কোন ব্যক্তিকে বেছে নেওয়া হয়েছিল?	মুহাম্মদ ইউনূস	Muhammad Yunus
bn	bn_noncooperation_interim_government__key_figures__014__neighbor__bn_noncooperation_interim_government_neighbor_neighbor_key_figures_7__bn__surface_003	bn_noncooperation_interim_government__key_figures__014__neighbor__bn_noncooperation_interim_government_neighbor_neighbor_key_figures_7__en__surface_003	source_aliases_not_translated	মুহাম্মদ ইউনূস শুল্ক পুনর্বিবেচনার আহ্বান জানিয়ে কোন ব্যক্তিকে একটি ব্যক্তিগত চিঠি পাঠিয়েছিলেন?	ডোনাল্ড ট্রাম্প	Donald Trump
bn	bn_noncooperation_interim_government__key_figures__009__neighbor__bn_noncooperation_interim_government_neighbor_neighbor_key_figures_2__bn__core	bn_noncooperation_interim_government__key_figures__009__neighbor__bn_noncooperation_interim_government_neighbor_neighbor_key_figures_2__en__core	source_aliases_not_translated	মুহাম্মদ ইউনূসকে কে শপথ বাক্য পাঠ করান?	মোহাম্মদ সাহাবুদ্দিন	Mohammed Shahabuddin
bn	bn_hasina_resignation_2026_election__participant_person__007__neighbor__bn_hasina_resignation_2026_election_neighbor_5__bn__core	bn_hasina_resignation_2026_election__participant_person__007__neighbor__bn_hasina_resignation_2026_election_neighbor_5__en__core	source_aliases_not_translated	বাংলাদেশ জামায়াতে ইসলামীর আমীর কে?	শফিকুর রহমান	Shafiqur Rahman
bn	bn_hasina_resignation_2026_election__significant_date__014__target__bn_hasina_resignation_2026_election_target_18__bn__surface_001	bn_hasina_resignation_2026_election__significant_date__014__target__bn_hasina_resignation_2026_election_target_18__en__surface_001	source_aliases_not_translated	বৈষম্যবিরোধী ছাত্র আন্দোলন কর্তৃক শেখ হাসিনার পদত্যাগের এক দফা দাবি কবে ঘোষণা করা হয়েছিল?	৩ আগস্ট ২০২৪	3 August 2024
bn	bn_hasina_resignation_2026_election__participant_person__004__target__bn_hasina_resignation_2026_election_target_1__bn__surface_002	bn_hasina_resignation_2026_election__participant_person__004__target__bn_hasina_resignation_2026_election_target_1__en__surface_002	source_aliases_not_translated	বাংলাদেশের প্রধানমন্ত্রী পদ থেকে পদত্যাগকারী ব্যক্তির নাম বলুন।	শেখ হাসিনা	Sheikh Hasina
bn	bn_hasina_resignation_2026_election__participant_person__005__target__bn_hasina_resignation_2026_election_target_2__bn__core	bn_hasina_resignation_2026_election__participant_person__005__target__bn_hasina_resignation_2026_election_target_2__en__core	source_aliases_not_translated	কে তার বোন শেখ হাসিনার সাথে হেলিকপ্টারে করে দেশ ছেড়ে পালিয়েছিলেন?	শেখ রেহানা	Sheikh Rehana
bn	bn_hasina_resignation_2026_election__participant_person__004__target__bn_hasina_resignation_2026_election_target_1__bn__core	bn_hasina_resignation_2026_election__participant_person__004__target__bn_hasina_resignation_2026_election_target_1__en__core	source_aliases_not_translated	বাংলাদেশের প্রধানমন্ত্রী পদ থেকে কে পদত্যাগ করেছেন?	শেখ হাসিনা	Sheikh Hasina
bn	bn_hasina_resignation_2026_election__significant_date__012__neighbor__bn_hasina_resignation_2026_election_neighbor_16__bn__core	bn_hasina_resignation_2026_election__significant_date__012__neighbor__bn_hasina_resignation_2026_election_neighbor_16__en__core	source_aliases_not_translated	২০২৬ সালের বাংলাদেশের সাধারণ নির্বাচন কত তারিখে অনুষ্ঠিত হয়েছিল?	১২ ফেব্রুয়ারি ২০২৬	12 February 2026
bn	bn_hasina_resignation_2026_election__public_statement_maker__003__target__bn_hasina_resignation_2026_election_target_24__bn__surface_002	bn_hasina_resignation_2026_election__public_statement_maker__003__target__bn_hasina_resignation_2026_election_target_24__en__surface_002	source_aliases_not_translated	শেখ হাসিনার ভারতে যাওয়ার অনুরোধের বিষয়ে যিনি ভারতের সংসদে বক্তব্য রেখেছিলেন, তার নাম বলুন।	এস. জয়শঙ্কর	S. Jaishankar
bn	bn_hasina_resignation_2026_election__participant_person__006__neighbor__bn_hasina_resignation_2026_election_neighbor_3__bn__surface_002	bn_hasina_resignation_2026_election__participant_person__006__neighbor__bn_hasina_resignation_2026_election_neighbor_3__en__surface_002	source_aliases_not_translated	যিনি আনুষ্ঠানিকভাবে দ্বাদশ জাতীয় সংসদ ভেঙে দিয়েছেন, তার নাম বলুন।	মোহাম্মদ সাহাবুদ্দিন	Mohammed Shahabuddin
bn	bn_hasina_resignation_2026_election__participant_person__007__neighbor__bn_hasina_resignation_2026_election_neighbor_5__bn__surface_002	bn_hasina_resignation_2026_election__participant_person__007__neighbor__bn_hasina_resignation_2026_election_neighbor_5__en__surface_002	source_aliases_not_translated	কোন ব্যক্তি বাংলাদেশ জামায়াতে ইসলামীর আমীর পদে অধিষ্ঠিত আছেন?	শফিকুর রহমান	Shafiqur Rahman
bn	bn_hasina_resignation_2026_election__participant_organization__008__neighbor__bn_hasina_resignation_2026_election_neighbor_7__bn__surface_002	bn_hasina_resignation_2026_election__participant_organization__008__neighbor__bn_hasina_resignation_2026_election_neighbor_7__en__surface_002	source_aliases_not_translated	২০২৬ সালের বাংলাদেশের সাধারণ নির্বাচনে আসন লাভের দিক থেকে কোন দল দ্বিতীয় স্থানে ছিল?	বাংলাদেশ জামায়াতে ইসলামী	Bangladesh Jamaat-e-Islami
bn	bn_anti_hindu_violence_national_citizen_party__commentator_or_reactor__003__neighbor__bn_anti_hindu_violence_national_citizen_party_neighbor_neighbor_commentator_or_reactor_2__bn__surface_003	bn_anti_hindu_violence_national_citizen_party__commentator_or_reactor__003__neighbor__bn_anti_hindu_violence_national_citizen_party_neighbor_neighbor_commentator_or_reactor_2__en__surface_003	source_aliases_not_translated	শিক্ষার্থীদের নতুন রাজনৈতিক দল গঠনের উদ্যোগে সমর্থন জানানো প্রধান উপদেষ্টার নাম বলুন।	মুহাম্মদ ইউনূস	Muhammad Yunus
bn	bn_anti_hindu_violence_national_citizen_party__target_demographic__001__neighbor__bn_anti_hindu_violence_national_citizen_party_neighbor_neighbor_target_demographic_1__bn__surface_001	bn_anti_hindu_violence_national_citizen_party__target_demographic__001__neighbor__bn_anti_hindu_violence_national_citizen_party_neighbor_neighbor_target_demographic_1__en__surface_001	source_aliases_not_translated	ন্যাশনাল সিটিজেন পার্টি নিজেদেরকে কোন নির্দিষ্ট বয়সের জনগোষ্ঠীর দ্বারা পরিচালিত হিসেবে তুলে ধরে?	তরুণ	Youth
bn	bn_anti_hindu_violence_national_citizen_party__associated_event__005__neighbor__bn_anti_hindu_violence_national_citizen_party_neighbor_neighbor_associated_event_2__bn__core	bn_anti_hindu_violence_national_citizen_party__associated_event__005__neighbor__bn_anti_hindu_violence_national_citizen_party_neighbor_neighbor_associated_event_2__en__core	source_aliases_not_translated	জাতীয় নাগরিক পার্টির নেতারা কোন আন্দোলনে অংশগ্রহণ করেছিলেন?	২০২৪ সালের বাংলাদেশ কোটা সংস্কার আন্দোলন	2024 Bangladesh quota reform movement
bn	bn_anti_hindu_violence_national_citizen_party__associated_event__005__neighbor__bn_anti_hindu_violence_national_citizen_party_neighbor_neighbor_associated_event_2__bn__surface_003	bn_anti_hindu_violence_national_citizen_party__associated_event__005__neighbor__bn_anti_hindu_violence_national_citizen_party_neighbor_neighbor_associated_event_2__en__surface_003	source_aliases_not_translated	জাতীয় নাগরিক পার্টির নেতারা অন্তর্ভুক্ত ছিলেন এমন আন্দোলনটির নাম বলুন।	২০২৪ সালের বাংলাদেশ কোটা সংস্কার আন্দোলন	2024 Bangladesh quota reform movement
bn	de_solingen_stabbing_magdeburg_attack__perpetrator_background_trait__012__neighbor__de_solingen_stabbing_magdeburg_attack_neighbor_de_magdeburg_attack_trait_3__bn__core	de_solingen_stabbing_magdeburg_attack__perpetrator_background_trait__012__neighbor__de_solingen_stabbing_magdeburg_attack_neighbor_de_magdeburg_attack_trait_3__en__core	source_aliases_not_translated	২০২৪ সালের ম্যাগডেবার্গ গাড়ি হামলার অপরাধী কোন দেশের ছিলেন?	সৌদি আরব	Saudi Arabia
bn	de_solingen_stabbing_magdeburg_attack__perpetrator_background_trait__012__neighbor__de_solingen_stabbing_magdeburg_attack_neighbor_de_magdeburg_attack_trait_3__bn__surface_002	de_solingen_stabbing_magdeburg_attack__perpetrator_background_trait__012__neighbor__de_solingen_stabbing_magdeburg_attack_neighbor_de_magdeburg_attack_trait_3__en__surface_002	source_aliases_not_translated	২০২৪ সালের ম্যাগডেবার্গ গাড়ি হামলার আক্রমণকারীর জাতীয়তা বা নিজ দেশ কী ছিল?	সৌদি আরব	Saudi Arabia
bn	de_solingen_stabbing_magdeburg_attack__perpetrator_background_trait__011__target__de_solingen_stabbing_magdeburg_attack_target_de_solingen_stabbing_trait_1__bn__surface_001	de_solingen_stabbing_magdeburg_attack__perpetrator_background_trait__011__target__de_solingen_stabbing_magdeburg_attack_target_de_solingen_stabbing_trait_1__en__surface_001	source_aliases_not_translated	২০২৪ সালের সোলিংজেন ছুরিকাঘাতের ঘটনায় হামলাকারীকে তার জাতীয়তা এবং মর্যাদা সম্পর্কে কীভাবে বর্ণনা করা হয়েছিল?	সিরীয় শরণার্থী	Syrian refugee
bn	de_solingen_stabbing_magdeburg_attack__perpetrator_background_trait__011__neighbor__de_solingen_stabbing_magdeburg_attack_neighbor_de_magdeburg_attack_trait_1__bn__core	de_solingen_stabbing_magdeburg_attack__perpetrator_background_trait__011__neighbor__de_solingen_stabbing_magdeburg_attack_neighbor_de_magdeburg_attack_trait_1__en__core	source_aliases_not_translated	২০২৪ সালের ম্যাগডেবার্গ গাড়ি হামলার অপরাধীর আদর্শগত পটভূমি কী ছিল?	ইসলাম বিরোধী কর্মী	Anti-Islam activist
bn	de_solingen_stabbing_magdeburg_attack__politician_responding__006__neighbor__de_solingen_stabbing_magdeburg_attack_neighbor_de_magdeburg_attack_politician_2__bn__surface_002	de_solingen_stabbing_magdeburg_attack__politician_responding__006__neighbor__de_solingen_stabbing_magdeburg_attack_neighbor_de_magdeburg_attack_politician_2__en__surface_002	source_aliases_not_translated	২০২৪ সালের ম্যাগডেবার্গ গাড়ি হামলার ঘটনাস্থল পরিদর্শন করে প্রকাশ্যে প্রতিক্রিয়া জানানো চ্যান্সেলরের নাম বলুন।	ওলাফ শলৎস	Olaf Scholz
bn	de_solingen_stabbing_magdeburg_attack__politician_responding__006__target__de_solingen_stabbing_magdeburg_attack_target_de_solingen_stabbing_politician_2__bn__surface_001	de_solingen_stabbing_magdeburg_attack__politician_responding__006__target__de_solingen_stabbing_magdeburg_attack_target_de_solingen_stabbing_politician_2__en__surface_001	source_aliases_not_translated	২০২৪ সালের সোলিংজেন ছুরিকাঘাতের ঘটনাস্থলে যাওয়া ফেডারেল স্বরাষ্ট্রমন্ত্রী কে ছিলেন?	ন্যান্সি ফেসার	Nancy Faeser
bn	de_solingen_stabbing_magdeburg_attack__attack_location__015__target__de_solingen_stabbing_magdeburg_attack_target_de_solingen_stabbing_location_2__bn__core	de_solingen_stabbing_magdeburg_attack__attack_location__015__target__de_solingen_stabbing_magdeburg_attack_target_de_solingen_stabbing_location_2__en__core	source_aliases_not_translated	২০২৪ সালের সোলিঙ্গেন ছুরিকাঘাতের ঘটনাটি কোন রাজ্যে ঘটেছিল?	নর্থ রাইন-ওয়েস্টফালিয়া	North Rhine-Westphalia
bn	de_munich_car_attack_federal_election__involved_person__012__neighbor__de_munich_car_attack_federal_election_neighbor_neighbor_involved_person_5__bn__core	de_munich_car_attack_federal_election__involved_person__012__neighbor__de_munich_car_attack_federal_election_neighbor_neighbor_involved_person_5__en__core	source_aliases_not_translated	২০২৫ সালের জার্মান ফেডারেল নির্বাচনে কে জড়িত ছিলেন?	অ্যালিস উইডেল	Alice Weidel
bn	de_munich_car_attack_federal_election__involved_person__008__neighbor__de_munich_car_attack_federal_election_neighbor_neighbor_involved_person_1__bn__surface_002	de_munich_car_attack_federal_election__involved_person__008__neighbor__de_munich_car_attack_federal_election_neighbor_neighbor_involved_person_1__en__surface_002	source_aliases_not_translated	২০২৫ সালের জার্মান ফেডারেল নির্বাচনে অংশগ্রহণকারী ক্ষমতাসীন চ্যান্সেলর কে ছিলেন?	ওলাফ শলৎস	Olaf Scholz
bn	de_munich_car_attack_federal_election__involved_person__009__neighbor__de_munich_car_attack_federal_election_neighbor_neighbor_involved_person_2__bn__core	de_munich_car_attack_federal_election__involved_person__009__neighbor__de_munich_car_attack_federal_election_neighbor_neighbor_involved_person_2__en__core	source_aliases_not_translated	২০২৫ সালের জার্মান ফেডারেল নির্বাচনে কে জড়িত ছিলেন?	ফ্রিডরিখ মের্জ	Friedrich Merz
bn	de_munich_car_attack_federal_election__involved_person__010__target__de_munich_car_attack_federal_election_target_target_involved_person_3__bn__surface_002	de_munich_car_attack_federal_election__involved_person__010__target__de_munich_car_attack_federal_election_target_target_involved_person_3__en__surface_002	source_aliases_not_translated	২০২৫ সালের মিউনিখ গাড়ি হামলার পর প্রতিক্রিয়া প্রচেষ্টার অংশ ছিলেন এমন একজন ব্যক্তির নাম বলুন।	জোয়াকিম হারম্যান	Joachim Herrmann
bn	de_munich_car_attack_federal_election__involved_person__008__neighbor__de_munich_car_attack_federal_election_neighbor_neighbor_involved_person_1__bn__surface_003	de_munich_car_attack_federal_election__involved_person__008__neighbor__de_munich_car_attack_federal_election_neighbor_neighbor_involved_person_1__en__surface_003	source_aliases_not_translated	২০২৫ সালের জার্মান ফেডারেল নির্বাচনে চ্যান্সেলর হিসেবে দায়িত্ব পালনকারী কোন রাজনৈতিক নেতা জড়িত ছিলেন?	ওলাফ শলৎস	Olaf Scholz
bn	de_munich_car_attack_federal_election__involved_organization__003__target__de_munich_car_attack_federal_election_target_target_involved_organization_5__bn__surface_001	de_munich_car_attack_federal_election__involved_organization__003__target__de_munich_car_attack_federal_election_target_target_involved_organization_5__en__surface_001	source_aliases_not_translated	২০২৫ সালের মিউনিখ গাড়ি হামলার প্রতিক্রিয়া জানানো বাভারিয়ার স্বরাষ্ট্রমন্ত্রী জোয়াকিম হারম্যানের রাজনৈতিক দলের নাম কী?	সিএসইউ	CSU
bn	de_aschaffenburg_stabbing_merz_cabinet__participant__012__target__de_aschaffenburg_stabbing_merz_cabinet_target_target_participant_5__bn__surface_003	de_aschaffenburg_stabbing_merz_cabinet__participant__012__target__de_aschaffenburg_stabbing_merz_cabinet_target_target_participant_5__en__surface_003	source_aliases_not_translated	২০২৫ সালের আশাফেনবুর্গ ছুরিকাঘাতের হামলার স্মরণসভার আগে, রাজনৈতিক সমাবেশের নেতা কে ছিলেন?	বিয়র্ন হোকে	Björn Höcke
bn	de_aschaffenburg_stabbing_merz_cabinet__participant__014__neighbor__de_aschaffenburg_stabbing_merz_cabinet_neighbor_neighbor_participant_7__bn__surface_002	de_aschaffenburg_stabbing_merz_cabinet__participant__014__neighbor__de_aschaffenburg_stabbing_merz_cabinet_neighbor_neighbor_participant_7__en__surface_002	source_aliases_not_translated	চ্যান্সেলর নির্বাচনের জন্য যিনি আনুষ্ঠানিকভাবে ফ্রিডরিখ মের্জকে মনোনীত করেছিলেন, সেই ব্যক্তির নাম বলুন।	ফ্রাঙ্ক-ভাল্টার স্টেইনমায়ার	Frank-Walter Steinmeier
bn	de_aschaffenburg_stabbing_merz_cabinet__participant_role__001__neighbor__de_aschaffenburg_stabbing_merz_cabinet_neighbor_neighbor_role_1__bn__surface_001	de_aschaffenburg_stabbing_merz_cabinet__participant_role__001__neighbor__de_aschaffenburg_stabbing_merz_cabinet_neighbor_neighbor_role_1__en__surface_001	source_aliases_not_translated	ফ্রিডরিখ মের্জের সরকারি রাজনৈতিক পদবি কী?	চ্যান্সেলর	Chancellor
bn	de_aschaffenburg_stabbing_merz_cabinet__participant__009__neighbor__de_aschaffenburg_stabbing_merz_cabinet_neighbor_neighbor_participant_2__bn__surface_001	de_aschaffenburg_stabbing_merz_cabinet__participant__009__neighbor__de_aschaffenburg_stabbing_merz_cabinet_neighbor_neighbor_participant_2__en__surface_001	source_aliases_not_translated	মের্জ মন্ত্রিসভার ঠিক আগে কোন চ্যান্সেলরের মন্ত্রিসভা ছিল?	ওলাফ শলৎস	Olaf Scholz
bn	de_aschaffenburg_stabbing_merz_cabinet__participant_role__001__neighbor__de_aschaffenburg_stabbing_merz_cabinet_neighbor_neighbor_role_1__bn__surface_002	de_aschaffenburg_stabbing_merz_cabinet__participant_role__001__neighbor__de_aschaffenburg_stabbing_merz_cabinet_neighbor_neighbor_role_1__en__surface_002	source_aliases_not_translated	ফ্রিডরিখ মের্জ কোন সরকারি পদে দায়িত্ব পালন করেন?	চ্যান্সেলর	Chancellor
bn	de_aschaffenburg_stabbing_merz_cabinet__participant__010__neighbor__de_aschaffenburg_stabbing_merz_cabinet_neighbor_neighbor_participant_3__bn__surface_002	de_aschaffenburg_stabbing_merz_cabinet__participant__010__neighbor__de_aschaffenburg_stabbing_merz_cabinet_neighbor_neighbor_participant_3__en__surface_002	source_aliases_not_translated	২০১৮ থেকে ২০২১ সাল পর্যন্ত ক্ষমতায় থাকা জার্মানির চতুর্থ ফেডারেল মন্ত্রিসভার নেতা হিসেবে কে দায়িত্ব পালন করেছিলেন?	অ্যাঞ্জেলা মার্কেল	Angela Merkel
bn	de_aschaffenburg_stabbing_merz_cabinet__participant__012__neighbor__de_aschaffenburg_stabbing_merz_cabinet_neighbor_neighbor_participant_5__bn__core	de_aschaffenburg_stabbing_merz_cabinet__participant__012__neighbor__de_aschaffenburg_stabbing_merz_cabinet_neighbor_neighbor_participant_5__en__core	source_aliases_not_translated	মের্জ মন্ত্রিসভার জন্য জোটের আলোচনায় সিডিইউ সাধারণ সম্পাদক হিসেবে কে অংশগ্রহণ করেছিলেন?	কার্স্টেন লিনেমান	Carsten Linnemann
bn	de_aschaffenburg_stabbing_merz_cabinet__participant__009__target__de_aschaffenburg_stabbing_merz_cabinet_target_target_participant_2__bn__surface_002	de_aschaffenburg_stabbing_merz_cabinet__participant__009__target__de_aschaffenburg_stabbing_merz_cabinet_target_target_participant_2__en__surface_002	source_aliases_not_translated	২০২৫ সালের আশাফেনবুর্গ ছুরিকাঘাতের হামলার পর নির্বাসন বৃদ্ধি করা সরকারটি কোন চ্যান্সেলরের নেতৃত্বে ছিল?	ফ্রিডরিখ মের্জ	Friedrich Merz
bn	de_aschaffenburg_stabbing_merz_cabinet__participant__008__neighbor__de_aschaffenburg_stabbing_merz_cabinet_neighbor_neighbor_participant_1__bn__surface_002	de_aschaffenburg_stabbing_merz_cabinet__participant__008__neighbor__de_aschaffenburg_stabbing_merz_cabinet_neighbor_neighbor_participant_1__en__surface_002	source_aliases_not_translated	জার্মানির ২০২৫ সালের ফেডারেল মন্ত্রিসভার নেতৃত্বদানকারী ব্যক্তির নাম বলুন।	ফ্রিডরিখ মের্জ	Friedrich Merz
bn	de_aschaffenburg_stabbing_merz_cabinet__participant__013__neighbor__de_aschaffenburg_stabbing_merz_cabinet_neighbor_neighbor_participant_6__bn__surface_002	de_aschaffenburg_stabbing_merz_cabinet__participant__013__neighbor__de_aschaffenburg_stabbing_merz_cabinet_neighbor_neighbor_participant_6__en__surface_002	source_aliases_not_translated	জোটের আলোচনার জন্য এসপিডি (SPD) প্রতিনিধি দলে দায়িত্ব পালনকারী একজন ব্যক্তির নাম বলুন।	বরিস পিস্টোরিয়াস	Boris Pistorius
bn	es_venezuela_protests_presidential_election__involved_person__014__target__es_venezuela_protests_presidential_election_target_target_involved_person_5__bn__surface_003	es_venezuela_protests_presidential_election__involved_person__014__target__es_venezuela_protests_presidential_election_target_target_involved_person_5__en__surface_003	source_aliases_not_translated	২০২৪ সালের ভেনিজুয়েলার প্রেসিডেন্ট নির্বাচন ঘিরে হওয়া বিক্ষোভে কাকে একজন প্রধান অংশগ্রহণকারী হিসেবে উল্লেখ করা হয়?	ভ্লাদিমির পাদ্রিনো লোপেজ	Vladimir Padrino López
bn	es_venezuela_protests_presidential_election__involved_person__013__target__es_venezuela_protests_presidential_election_target_target_involved_person_4__bn__surface_002	es_venezuela_protests_presidential_election__involved_person__013__target__es_venezuela_protests_presidential_election_target_target_involved_person_4__en__surface_002	source_aliases_not_translated	কোন প্রধান ব্যক্তি ২০২৪ সালের ভেনিজুয়েলার প্রেসিডেন্ট নির্বাচনকে ঘিরে হওয়া বিক্ষোভে ভূমিকা পালন করেছিলেন?	তারেক উইলিয়াম সাব	Tarek William Saab
bn	es_venezuela_protests_presidential_election__involved_person__012__neighbor__es_venezuela_protests_presidential_election_neighbor_neighbor_involved_person_4__bn__surface_001	es_venezuela_protests_presidential_election__involved_person__012__neighbor__es_venezuela_protests_presidential_election_neighbor_neighbor_involved_person_4__en__surface_001	source_aliases_not_translated	২০২৪ সালের ভেনিজুয়েলার প্রেসিডেন্ট নির্বাচনে সম্পৃক্ততার জন্য কোন বিশিষ্ট ব্যক্তি পরিচিত?	এলভিস আমোরোসো	Elvis Amoroso
bn	es_venezuela_protests_presidential_election__involved_person__012__target__es_venezuela_protests_presidential_election_target_target_involved_person_3__bn__core	es_venezuela_protests_presidential_election__involved_person__012__target__es_venezuela_protests_presidential_election_target_target_involved_person_3__en__core	source_aliases_not_translated	২০২৪ সালের ভেনিজুয়েলার প্রেসিডেন্ট নির্বাচনের বিক্ষোভে জড়িত একজন প্রধান ব্যক্তি কে?	মারিয়া কোরিনা মাচাদো	Maria Corina Machado
bn	es_venezuela_protests_presidential_election__involved_person__012__neighbor__es_venezuela_protests_presidential_election_neighbor_neighbor_involved_person_4__bn__core	es_venezuela_protests_presidential_election__involved_person__012__neighbor__es_venezuela_protests_presidential_election_neighbor_neighbor_involved_person_4__en__core	source_aliases_not_translated	২০২৪ সালের ভেনিজুয়েলার প্রেসিডেন্ট নির্বাচনে জড়িত একজন প্রধান ব্যক্তিত্ব কে?	এলভিস আমোরোসো	Elvis Amoroso
bn	es_venezuela_protests_presidential_election__involved_organization__011__target__es_venezuela_protests_presidential_election_target_target_involved_organization_2__bn__surface_002	es_venezuela_protests_presidential_election__involved_organization__011__target__es_venezuela_protests_presidential_election_target_target_involved_organization_2__en__surface_002	source_aliases_not_translated	২০২৪ সালের ভেনিজুয়েলার প্রেসিডেন্ট নির্বাচনকে ঘিরে হওয়া বিক্ষোভে সম্পৃক্ততার জন্য কোন সংস্থা পরিচিত?	অ্যামনেস্টি ইন্টারন্যাশনাল	Amnesty International
bn	es_venezuela_crisis_uruguay_election__international_reaction_country__002__target__es_venezuela_crisis_uruguay_election_target_target_intl_reaction_2__bn__surface_001	es_venezuela_crisis_uruguay_election__international_reaction_country__002__target__es_venezuela_crisis_uruguay_election_target_target_intl_reaction_2__en__surface_001	source_aliases_not_translated	২০২৪ সালের ভেনিজুয়েলার নির্বাচনে নিকোলাস মাদুরোর বিজয়ে তাকে আনুষ্ঠানিকভাবে স্বীকৃতি ও অভিনন্দন জানাতে কোন দেশ কিউবা এবং নিকারাগুয়ার সাথে যোগ দিয়েছিল?	হন্ডুরাস	Honduras
bn	es_venezuela_crisis_uruguay_election__international_reaction_country__007__target__es_venezuela_crisis_uruguay_election_target_target_intl_reaction_7__bn__core	es_venezuela_crisis_uruguay_election__international_reaction_country__007__target__es_venezuela_crisis_uruguay_election_target_target_intl_reaction_7__en__core	source_aliases_not_translated	২০২৪ সালের ভেনিজুয়েলার রাজনৈতিক সংকটের সময় কোন দেশ সমস্ত ভোট গণনা করার এবং মোট ভোটের হিসাব প্রকাশের দাবি জানিয়েছিল?	ব্রাজিল	Brazil
bn	es_venezuela_crisis_uruguay_election__international_reaction_country__004__neighbor__es_venezuela_crisis_uruguay_election_neighbor_neighbor_intl_reaction_4__bn__surface_001	es_venezuela_crisis_uruguay_election__international_reaction_country__004__neighbor__es_venezuela_crisis_uruguay_election_neighbor_neighbor_intl_reaction_4__en__surface_001	source_aliases_not_translated	বের্নার্দো আরেভালো ২০২৪ সালের উরুগুয়ের নির্বাচনে জয়ের জন্য ওরসিকে অভিনন্দন জানিয়েছেন; আরেভালো কোন দেশের রাষ্ট্রপতি?	গুয়াতেমালা	Guatemala
bn	es_venezuela_crisis_uruguay_election__international_reaction_country__007__neighbor__es_venezuela_crisis_uruguay_election_neighbor_neighbor_intl_reaction_7__bn__core	es_venezuela_crisis_uruguay_election__international_reaction_country__007__neighbor__es_venezuela_crisis_uruguay_election_neighbor_neighbor_intl_reaction_7__en__core	source_aliases_not_translated	২০২৪ সালের উরুগুয়ের সাধারণ নির্বাচনের পর কোন দেশের রাষ্ট্রপতি হোসে রাউল মুলিনো ওরসিকে অভিনন্দন জানিয়েছেন?	পানামা	Panama
bn	es_venezuela_crisis_uruguay_election__international_reaction_country__009__neighbor__es_venezuela_crisis_uruguay_election_neighbor_neighbor_intl_reaction_9__bn__core	es_venezuela_crisis_uruguay_election__international_reaction_country__009__neighbor__es_venezuela_crisis_uruguay_election_neighbor_neighbor_intl_reaction_9__en__core	source_aliases_not_translated	২০২৪ সালের উরুগুয়ের সাধারণ নির্বাচনে ওরসিকে তার বিজয়ে অভিনন্দন জানিয়ে কোন দেশের সরকার একটি বিবৃতি জারি করেছে?	স্পেন	Spain
bn	es_venezuela_crisis_uruguay_election__international_reaction_country__003__neighbor__es_venezuela_crisis_uruguay_election_neighbor_neighbor_intl_reaction_3__bn__surface_002	es_venezuela_crisis_uruguay_election__international_reaction_country__003__neighbor__es_venezuela_crisis_uruguay_election_neighbor_neighbor_intl_reaction_3__en__surface_002	source_aliases_not_translated	২০২৪ সালের উরুগুয়ের সাধারণ নির্বাচনের পর, কোন দেশের রাষ্ট্রপতি ওরসিকে তার নির্বাচনী জয়ে আনুষ্ঠানিকভাবে অভিনন্দন জানিয়েছিলেন?	কলম্বিয়া	Colombia
bn	es_venezuela_crisis_uruguay_election__international_reaction_country__005__neighbor__es_venezuela_crisis_uruguay_election_neighbor_neighbor_intl_reaction_5__bn__surface_002	es_venezuela_crisis_uruguay_election__international_reaction_country__005__neighbor__es_venezuela_crisis_uruguay_election_neighbor_neighbor_intl_reaction_5__en__surface_002	source_aliases_not_translated	কোন দেশটি প্রেসিডেন্ট জিওমারা কাস্ত্রোর নেতৃত্বাধীন, যিনি ২০২৪ সালের উরুগুয়ের সাধারণ নির্বাচনের পর ওরসিকে অভিনন্দন জানিয়েছিলেন?	হন্ডুরাস	Honduras
bn	es_catatumbo_clashes_ecuador_election__location__003__neighbor__es_catatumbo_clashes_ecuador_election_neighbor_neighbor_location_3__bn__surface_003	es_catatumbo_clashes_ecuador_election__location__003__neighbor__es_catatumbo_clashes_ecuador_election_neighbor_neighbor_location_3__en__surface_003	source_aliases_not_translated	আন্দ্রেস আরাওজ যে প্রদেশের ৭০০টি ভোটকেন্দ্রের কার্যবিবরণী চ্যালেঞ্জ করেছিলেন, সেই প্রদেশটির নাম কী?	এসমেরালদাস প্রদেশ	Esmeraldas Province
bn	es_catatumbo_clashes_ecuador_election__location__004__target__es_catatumbo_clashes_ecuador_election_target_target_location_5__bn__surface_003	es_catatumbo_clashes_ecuador_election__location__004__target__es_catatumbo_clashes_ecuador_election_target_target_location_5__en__surface_003	backtranslated_answer_not_matched_by_heuristic,source_aliases_not_translated	২০২৫ সালের কাটাতুম্বো সংঘর্ষের কারণে হাজার হাজার মানুষ পালিয়ে কোন নির্দিষ্ট শহরে গিয়েছিল?	কুকুতা	Cucuta
bn	es_catatumbo_clashes_ecuador_election__involved_group__007__neighbor__es_catatumbo_clashes_ecuador_election_neighbor_neighbor_involved_group_2__bn__core	es_catatumbo_clashes_ecuador_election__involved_group__007__neighbor__es_catatumbo_clashes_ecuador_election_neighbor_neighbor_involved_group_2__en__core	source_aliases_not_translated	২০২৫ সালের ইকুয়েডরের সাধারণ নির্বাচনে কোন গোষ্ঠী সিটিজেন রেভোলিউশন মুভমেন্টের সাথে একটি বামপন্থী জোট গঠন করেছিল?	রেটো মুভমেন্ট	RETO Movement
bn	es_catatumbo_clashes_ecuador_election__location__004__target__es_catatumbo_clashes_ecuador_election_target_target_location_5__bn__core	es_catatumbo_clashes_ecuador_election__location__004__target__es_catatumbo_clashes_ecuador_election_target_target_location_5__en__core	backtranslated_answer_not_matched_by_heuristic,source_aliases_not_translated	২০২৫ সালের কাতাতুম্বো সংঘর্ষে বাস্তুচ্যুত হাজার হাজার মানুষ কোন শহরে পালিয়ে গিয়েছিল?	কুকুতা	Cucuta
bn	es_catatumbo_clashes_ecuador_election__key_figure__014__target__es_catatumbo_clashes_ecuador_election_target_target_key_figure_2__bn__surface_001	es_catatumbo_clashes_ecuador_election__key_figure__014__target__es_catatumbo_clashes_ecuador_election_target_target_key_figure_2__en__surface_001	source_aliases_not_translated	২০২৫ সালের কাটাতুম্বো সংঘর্ষে বেসামরিক হতাহত এবং বাস্তুচ্যুতির বিষয়ে কোন কর্মকর্তা প্রতিবেদন প্রদান করেছিলেন?	উইলিয়াম ভিলামিজার লাগুয়াডো	William Villamizar Laguado
bn	es_catatumbo_clashes_ecuador_election__key_figure__015__neighbor__es_catatumbo_clashes_ecuador_election_neighbor_neighbor_key_figure_4__bn__surface_002	es_catatumbo_clashes_ecuador_election__key_figure__015__neighbor__es_catatumbo_clashes_ecuador_election_neighbor_neighbor_key_figure_4__en__surface_002	backtranslated_answer_not_matched_by_heuristic	ইকুয়েডরের ২০২৫ সালের সাধারণ নির্বাচনে যিনি একজন অপ্রধান প্রার্থী হিসেবে অংশগ্রহণ করেছিলেন, তার নাম বলুন।	হুয়ান ইভান কুয়েভা	Juan Ivan Cueva
bn	es_catatumbo_clashes_ecuador_election__location__004__target__es_catatumbo_clashes_ecuador_election_target_target_location_5__bn__surface_001	es_catatumbo_clashes_ecuador_election__location__004__target__es_catatumbo_clashes_ecuador_election_target_target_location_5__en__surface_001	backtranslated_answer_not_matched_by_heuristic,source_aliases_not_translated	২০২৫ সালের কাটাতুম্বো সংঘর্ষে বাস্তুচ্যুত হাজার হাজার মানুষ কোথায় আশ্রয় নিয়েছিলেন?	কুকুতা	Cucuta
bn	fr_olympics_opening_closing_ceremony__dignitary_present__010__neighbor__fr_olympics_opening_closing_ceremony_neighbor_neighbor_dignitary_present_4__bn__surface_001	fr_olympics_opening_closing_ceremony__dignitary_present__010__neighbor__fr_olympics_opening_closing_ceremony_neighbor_neighbor_dignitary_present_4__en__surface_001	source_aliases_not_translated	২০২৪ সালের গ্রীষ্মকালীন অলিম্পিকের সমাপনী অনুষ্ঠানে অলিম্পিক পতাকা গ্রহণকারী লস অ্যাঞ্জেলেসের মেয়র কে ছিলেন?	কারেন বাস	Karen Bass
bn	fr_olympics_opening_closing_ceremony__dignitary_present__009__target__fr_olympics_opening_closing_ceremony_target_target_dignitary_present_2__bn__surface_002	fr_olympics_opening_closing_ceremony__dignitary_present__009__target__fr_olympics_opening_closing_ceremony_target_target_dignitary_present_2__en__surface_002	source_aliases_not_translated	আন্তর্জাতিক অলিম্পিক কমিটির প্রধান হিসেবে ২০২৪ গ্রীষ্মকালীন অলিম্পিকের উদ্বোধনী অনুষ্ঠানে উপস্থিত থাকা গণ্যমান্য ব্যক্তির নাম বলুন।	টমাস বাখ	Thomas Bach
bn	fr_olympics_opening_closing_ceremony__athlete_participant__013__neighbor__fr_olympics_opening_closing_ceremony_neighbor_neighbor_athlete_participant_3__bn__surface_001	fr_olympics_opening_closing_ceremony__athlete_participant__013__neighbor__fr_olympics_opening_closing_ceremony_neighbor_neighbor_athlete_participant_3__en__surface_001	source_aliases_not_translated	২০২৪ গ্রীষ্মকালীন অলিম্পিকের সমাপনী অনুষ্ঠানের হস্তান্তরের সময় কোন ক্রীড়াবিদের হাতে অলিম্পিক পতাকা তুলে দেওয়া হয়েছিল?	সিমোন বাইলস	Simone Biles
bn	fr_olympics_opening_closing_ceremony__dignitary_present__010__neighbor__fr_olympics_opening_closing_ceremony_neighbor_neighbor_dignitary_present_4__bn__core	fr_olympics_opening_closing_ceremony__dignitary_present__010__neighbor__fr_olympics_opening_closing_ceremony_neighbor_neighbor_dignitary_present_4__en__core	source_aliases_not_translated	২০২৪ গ্রীষ্মকালীন অলিম্পিকের সমাপনী অনুষ্ঠানে লস অ্যাঞ্জেলেসের কোন মেয়র অলিম্পিক পতাকা গ্রহণ করেছিলেন?	কারেন বাস	Karen Bass
bn	fr_imane_khelif_olympic_boxing__associated_competition__011__target__fr_imane_khelif_olympic_boxing_target_2__bn__surface_001	fr_imane_khelif_olympic_boxing__associated_competition__011__target__fr_imane_khelif_olympic_boxing_target_2__en__surface_001	source_aliases_not_translated	কোন বড় ক্রীড়া প্রতিযোগিতায় ইমান খেলিফ মহিলাদের লাইটওয়েট বক্সিংয়ে কোয়ার্টার ফাইনালে পৌঁছেছিলেন?	২০২০ গ্রীষ্মকালীন অলিম্পিক	2020 Summer Olympics
bn	fr_imane_khelif_olympic_boxing__location_or_venue__009__target__fr_imane_khelif_olympic_boxing_target_15__bn__surface_001	fr_imane_khelif_olympic_boxing__location_or_venue__009__target__fr_imane_khelif_olympic_boxing_target_15__en__surface_001	backtranslated_answer_not_matched_by_heuristic	ইমান খেলিফের জন্মস্থান কোথায়?	আইন সিদি আলি	Ain Sidi Ali
bn	fr_imane_khelif_olympic_boxing__location_or_venue__009__target__fr_imane_khelif_olympic_boxing_target_15__bn__surface_002	fr_imane_khelif_olympic_boxing__location_or_venue__009__target__fr_imane_khelif_olympic_boxing_target_15__en__surface_002	backtranslated_answer_not_matched_by_heuristic	কোন শহর বা নগরীতে ইমান খেলিফের জন্ম হয়েছিল?	আইন সিদি আলি	Ain Sidi Ali
bn	fr_imane_khelif_olympic_boxing__associated_competition__015__target__fr_imane_khelif_olympic_boxing_target_1__bn__core	fr_imane_khelif_olympic_boxing__associated_competition__015__target__fr_imane_khelif_olympic_boxing_target_1__en__core	source_aliases_not_translated	ইমান খেলিফ কোন প্রতিযোগিতায় তার আন্তর্জাতিক অভিষেক করেছিলেন?	২০১৮ আইবা উইমেন্স ওয়ার্ল্ড বক্সিং চ্যাম্পিয়নশিপ	2018 AIBA Women's World Boxing Championships
bn	fr_imane_khelif_olympic_boxing__associated_competition__013__target__fr_imane_khelif_olympic_boxing_target_6__bn__core	fr_imane_khelif_olympic_boxing__associated_competition__013__target__fr_imane_khelif_olympic_boxing_target_6__en__core	source_aliases_not_translated	ইমান খেলিফ কোন টুর্নামেন্টে স্বর্ণপদক জিতেছিলেন?	স্ট্র্যান্ডজা মেমোরিয়াল টুর্নামেন্ট	Strandja Memorial Tournament
bn	ja_mof_protests_house_councillors__key_issue_or_demand__013__neighbor__ja_mof_protests_house_councillors_neighbor_neighbor_key_issue_2__bn__surface_003	ja_mof_protests_house_councillors__key_issue_or_demand__013__neighbor__ja_mof_protests_house_councillors_neighbor_neighbor_key_issue_2__en__surface_003	source_aliases_not_translated	২০২৫ সালের জাপানের হাউস অফ কাউন্সিলর নির্বাচনে কোন সামাজিক এবং সীমান্ত-সম্পর্কিত সমস্যাটি একটি মূল ভূমিকা পালন করেছিল?	অভিবাসন	Immigration
bn	ja_mof_protests_house_councillors__political_leader_involved__005__target__ja_mof_protests_house_councillors_target_target_political_leader_1__bn__surface_002	ja_mof_protests_house_councillors__political_leader_involved__005__target__ja_mof_protests_house_councillors_target_target_political_leader_1__en__surface_002	source_aliases_not_translated	ডেমোক্রেটিক পার্টি ফর দ্য পিপল-এর নেতৃত্বদানকারী ব্যক্তির নাম বলুন।	ইউইচিরো তামাকি	Yuichiro Tamaki
bn	ja_mof_protests_house_councillors__political_leader_involved__005__target__ja_mof_protests_house_councillors_target_target_political_leader_1__bn__surface_001	ja_mof_protests_house_councillors__political_leader_involved__005__target__ja_mof_protests_house_councillors_target_target_political_leader_1__en__surface_001	source_aliases_not_translated	কোন রাজনীতিবিদ ডেমোক্রেটিক পার্টি ফর দ্য পিপল-এর প্রধান হিসেবে দায়িত্ব পালন করছেন?	ইউইচিরো তামাকি	Yuichiro Tamaki
bn	ja_mof_protests_house_councillors__key_issue_or_demand__015__neighbor__ja_mof_protests_house_councillors_neighbor_neighbor_key_issue_1__bn__surface_003	ja_mof_protests_house_councillors__key_issue_or_demand__015__neighbor__ja_mof_protests_house_councillors_neighbor_neighbor_key_issue_1__en__surface_003	source_aliases_not_translated	২০২৫ সালের জাপানের হাউস অফ কাউন্সিলর নির্বাচনে চলমান কোন অর্থনৈতিক সমস্যা মোকাবিলার নীতিগুলোকে ব্যাপকভাবে তুলে ধরা হয়েছিল?	জীবনযাত্রার ক্রমবর্ধমান ব্যয়	Rising cost of living
bn	ja_mof_protests_house_councillors__key_issue_or_demand__015__neighbor__ja_mof_protests_house_councillors_neighbor_neighbor_key_issue_1__bn__core	ja_mof_protests_house_councillors__key_issue_or_demand__015__neighbor__ja_mof_protests_house_councillors_neighbor_neighbor_key_issue_1__en__core	source_aliases_not_translated	২০২৫ সালের জাপানের হাউস অফ কাউন্সিলর নির্বাচনের সময় কোন অর্থনৈতিক সমস্যাটি মোকাবিলার পদক্ষেপের একটি প্রধান ফোকাস ছিল?	জীবনযাত্রার ব্যয় বৃদ্ধি	Rising cost of living
bn	ja_mof_protests_house_councillors__key_issue_or_demand__015__target__ja_mof_protests_house_councillors_target_target_key_issue_1__bn__surface_002	ja_mof_protests_house_councillors__key_issue_or_demand__015__target__ja_mof_protests_house_councillors_target_target_key_issue_1__en__surface_002	backtranslated_answer_not_matched_by_heuristic,source_aliases_not_translated	২০২৫ সালের অর্থ মন্ত্রণালয়ের বিক্ষোভের কিছু অংশগ্রহণকারী কোন প্রাতিষ্ঠানিক পরিণতির দাবি জানিয়েছিল?	সম্পূর্ণ মন্ত্রণালয়ের বিলুপ্তি	Abolition of the entire ministry
bn	ja_mof_protests_house_councillors__key_issue_or_demand__013__target__ja_mof_protests_house_councillors_target_target_key_issue_2__bn__surface_003	ja_mof_protests_house_councillors__key_issue_or_demand__013__target__ja_mof_protests_house_councillors_target_target_key_issue_2__en__surface_003	backtranslated_answer_not_matched_by_heuristic	সরকারি শুল্ক সংক্রান্ত কোন নীতিগত পরিবর্তনটি ২০২৫ সালের অর্থ মন্ত্রণালয়ের বিক্ষোভের কেন্দ্রবিন্দুতে ছিল?	কর হ্রাস	Tax reduction
bn	ja_hyogo_gubernatorial_2025_ldp_presidential__candidate__007__target__ja_hyogo_gubernatorial_2025_ldp_presidential_target_target_candidate_5__bn__surface_001	ja_hyogo_gubernatorial_2025_ldp_presidential__candidate__007__target__ja_hyogo_gubernatorial_2025_ldp_presidential_target_target_candidate_5__en__surface_001	source_aliases_not_translated	২০২৪ সালের হিয়োগো গভর্নর নির্বাচনে কোন ব্যক্তি প্রতিদ্বন্দ্বিতা করেছিলেন?	তাকাশি তাচিবানা	Takashi Tachibana
bn	ja_hyogo_gubernatorial_2025_ldp_presidential__candidate_background__009__neighbor__ja_hyogo_gubernatorial_2025_ldp_presidential_neighbor_neighbor_candidate_background_3__bn__surface_001	ja_hyogo_gubernatorial_2025_ldp_presidential__candidate_background__009__neighbor__ja_hyogo_gubernatorial_2025_ldp_presidential_neighbor_neighbor_candidate_background_3__en__surface_001	source_aliases_not_translated	২০২৫ সালের লিবারেল ডেমোক্রেটিক পার্টির সভাপতি নির্বাচনে প্রার্থী হওয়ার আগে ইয়োশিমাসা হায়াশি কোন পদে দায়িত্ব পালন করেছিলেন?	প্রধান মন্ত্রিপরিষদ সচিব	Chief Cabinet Secretary
bn	ja_hyogo_gubernatorial_2025_ldp_presidential__candidate__006__target__ja_hyogo_gubernatorial_2025_ldp_presidential_target_target_candidate_4__bn__surface_003	ja_hyogo_gubernatorial_2025_ldp_presidential__candidate__006__target__ja_hyogo_gubernatorial_2025_ldp_presidential_target_target_candidate_4__en__surface_003	source_aliases_not_translated	২০২৪ সালের হিয়োগো গভর্নর নির্বাচনে জাপানি কমিউনিস্ট পার্টি দ্বারা সমর্থিত প্রার্থী কে ছিলেন?	ইয়োশিকিয়ো ওসাওয়া	Yoshikiyo Osawa
bn	ja_hyogo_gubernatorial_2025_ldp_presidential__candidate__004__neighbor__ja_hyogo_gubernatorial_2025_ldp_presidential_neighbor_neighbor_candidate_2__bn__surface_003	ja_hyogo_gubernatorial_2025_ldp_presidential__candidate__004__neighbor__ja_hyogo_gubernatorial_2025_ldp_presidential_neighbor_neighbor_candidate_2__en__surface_003	source_aliases_not_translated	২০২৫ সালের লিবারেল ডেমোক্রেটিক পার্টির সভাপতি নির্বাচনে নেতৃত্বের ভূমিকার জন্য কে প্রচার চালিয়েছিলেন?	শিনজিরো কোইজুমি	Shinjiro Koizumi
bn	ja_hyogo_gubernatorial_2025_ldp_presidential__candidate__003__target__ja_hyogo_gubernatorial_2025_ldp_presidential_target_target_candidate_1__bn__surface_003	ja_hyogo_gubernatorial_2025_ldp_presidential__candidate__003__target__ja_hyogo_gubernatorial_2025_ldp_presidential_target_target_candidate_1__en__surface_003	backtranslated_answer_not_matched_by_heuristic,source_aliases_not_translated	২০২৪ সালের হিয়োগো গভর্নর নির্বাচনে প্রতিযোগী হিসেবে কে অংশগ্রহণ করেছিলেন?	মোতোহিকো সাইতো	Motohiko Saito
bn	ja_hyogo_gubernatorial_2025_ldp_presidential__candidate__006__neighbor__ja_hyogo_gubernatorial_2025_ldp_presidential_neighbor_neighbor_candidate_4__bn__surface_003	ja_hyogo_gubernatorial_2025_ldp_presidential__candidate__006__neighbor__ja_hyogo_gubernatorial_2025_ldp_presidential_neighbor_neighbor_candidate_4__en__surface_003	source_aliases_not_translated	২০২৫ সালের লিবারেল ডেমোক্রেটিক পার্টির প্রেসিডেন্ট নির্বাচনে কোন প্রাক্তন অর্থনীতি মন্ত্রী প্রার্থী ছিলেন?	তাকায়ুকি কোবায়াশি	Takayuki Kobayashi
bn	ja_hyogo_gubernatorial_2025_ldp_presidential__candidate__005__neighbor__ja_hyogo_gubernatorial_2025_ldp_presidential_neighbor_neighbor_candidate_3__bn__surface_002	ja_hyogo_gubernatorial_2025_ldp_presidential__candidate__005__neighbor__ja_hyogo_gubernatorial_2025_ldp_presidential_neighbor_neighbor_candidate_3__en__surface_002	source_aliases_not_translated	২০২৫ সালের লিবারেল ডেমোক্রেটিক পার্টির প্রেসিডেন্ট নির্বাচনে প্রার্থী হিসেবে দাঁড়িয়েছিলেন এমন একজন ব্যক্তির নাম বলুন।	ইয়োশিমাসা হায়াশি	Yoshimasa Hayashi
bn	ja_hyogo_gubernatorial_2025_ldp_presidential__candidate__005__neighbor__ja_hyogo_gubernatorial_2025_ldp_presidential_neighbor_neighbor_candidate_3__bn__surface_001	ja_hyogo_gubernatorial_2025_ldp_presidential__candidate__005__neighbor__ja_hyogo_gubernatorial_2025_ldp_presidential_neighbor_neighbor_candidate_3__en__surface_001	source_aliases_not_translated	২০২৫ সালের লিবারেল ডেমোক্রেটিক পার্টির প্রেসিডেন্ট নির্বাচনে কোন রাজনীতিবিদ নেতৃত্বের জন্য প্রতিদ্বন্দ্বিতা করেছিলেন?	ইয়োশিমাসা হায়াশি	Yoshimasa Hayashi
bn	ja_hyuga_nada_earthquake_expo_pavilions__infrastructure_or_building_involved__005__target__ja_hyuga_nada_earthquake_expo_pavilions_target_target_infrastructure_4__bn__surface_001	ja_hyuga_nada_earthquake_expo_pavilions__infrastructure_or_building_involved__005__target__ja_hyuga_nada_earthquake_expo_pavilions_target_target_infrastructure_4__en__surface_001	source_aliases_not_translated	২০২৪ সালের হিউগা-নাদা ভূমিকম্পের সতর্কবার্তার পর, কোন রেলওয়ে অবকাঠামোর ট্রেনগুলো ধীর গতিতে চলাচল করেছিল?	তোকাইদো শিনকানসেন	Tokaido Shinkansen
bn	ja_hyuga_nada_earthquake_expo_pavilions__infrastructure_or_building_involved__014__neighbor__ja_hyuga_nada_earthquake_expo_pavilions_neighbor_neighbor_infrastructure_3__bn__surface_002	ja_hyuga_nada_earthquake_expo_pavilions__infrastructure_or_building_involved__014__neighbor__ja_hyuga_nada_earthquake_expo_pavilions_neighbor_neighbor_infrastructure_3__en__surface_002	source_aliases_not_translated	এক্সপোর সমাপ্তির পর, কোন অবকাঠামোটি আওয়াজি দ্বীপে স্থানান্তরিত করার কথা রয়েছে?	নেদারল্যান্ডস প্যাভিলিয়ন	Netherlands Pavilion
bn	ja_hyuga_nada_earthquake_expo_pavilions__infrastructure_or_building_involved__005__target__ja_hyuga_nada_earthquake_expo_pavilions_target_target_infrastructure_4__bn__surface_002	ja_hyuga_nada_earthquake_expo_pavilions__infrastructure_or_building_involved__005__target__ja_hyuga_nada_earthquake_expo_pavilions_target_target_infrastructure_4__en__surface_002	source_aliases_not_translated	২০২৪ সালের হিউগা-নাদা ভূমিকম্পের সতর্কবার্তার কারণে কোন নির্দিষ্ট হাই-স্পিড রেল লাইনকে তার ট্রেনগুলোর গতি কমানোর নির্দেশ দেওয়া হয়েছিল?	তোকাইদো শিনকানসেন	Tokaido Shinkansen
bn	ja_hyuga_nada_earthquake_expo_pavilions__infrastructure_or_building_involved__015__target__ja_hyuga_nada_earthquake_expo_pavilions_target_target_infrastructure_3__bn__core	ja_hyuga_nada_earthquake_expo_pavilions__infrastructure_or_building_involved__015__target__ja_hyuga_nada_earthquake_expo_pavilions_target_target_infrastructure_3__en__core	backtranslated_answer_not_matched_by_heuristic,source_aliases_not_translated	২০২৪ সালের হিউগা-নাদা ভূমিকম্পের ফলে সৃষ্ট পাথর ধসের কারণে কোন জাতীয় সড়ক বন্ধ হয়ে গিয়েছিল?	জাতীয় সড়ক ২২০	National Highway 220
bn	ja_hyuga_nada_earthquake_expo_pavilions__infrastructure_or_building_involved__014__target__ja_hyuga_nada_earthquake_expo_pavilions_target_target_infrastructure_2__bn__core	ja_hyuga_nada_earthquake_expo_pavilions__infrastructure_or_building_involved__014__target__ja_hyuga_nada_earthquake_expo_pavilions_target_target_infrastructure_2__en__core	source_aliases_not_translated	২০২৪ সালের হিউগা-নাদা ভূমিকম্পে নিচিনানে কোন অবকাঠামো ক্ষতিগ্রস্ত হয়েছিল?	ওবি ক্যাসেল টাউন	Obi Castle Town
bn	ja_hyuga_nada_earthquake_expo_pavilions__infrastructure_or_building_involved__014__target__ja_hyuga_nada_earthquake_expo_pavilions_target_target_infrastructure_2__bn__surface_003	ja_hyuga_nada_earthquake_expo_pavilions__infrastructure_or_building_involved__014__target__ja_hyuga_nada_earthquake_expo_pavilions_target_target_infrastructure_2__en__surface_003	source_aliases_not_translated	২০২৪ সালের হিউগা-নাদা ভূমিকম্পের ফলে নিচিনানের কোন ল্যান্ডমার্কটি ক্ষতিগ্রস্ত হয়েছিল?	ওবি ক্যাসেল টাউন	Obi Castle Town
bn	ja_hyuga_nada_earthquake_expo_pavilions__infrastructure_or_building_involved__014__target__ja_hyuga_nada_earthquake_expo_pavilions_target_target_infrastructure_2__bn__surface_001	ja_hyuga_nada_earthquake_expo_pavilions__infrastructure_or_building_involved__014__target__ja_hyuga_nada_earthquake_expo_pavilions_target_target_infrastructure_2__en__surface_001	source_aliases_not_translated	২০২৪ সালের হিউগা-নাদা ভূমিকম্পে ক্ষতিগ্রস্ত নিচিনানের নির্দিষ্ট স্থানটির নাম বলুন।	ওবি ক্যাসেল টাউন	Obi Castle Town
bn	sw_goma_offensive_drc_rwanda_peace__involved_country__006__neighbor__sw_goma_offensive_drc_rwanda_peace_neighbor_neighbor_card_2__bn__surface_002	sw_goma_offensive_drc_rwanda_peace__involved_country__006__neighbor__sw_goma_offensive_drc_rwanda_peace_neighbor_neighbor_card_2__en__surface_002	source_aliases_not_translated	ডেমোক্রেটিক রিপাবলিক অফ কঙ্গো-র সাথে জড়িত ২০২৫ সালের শান্তি চুক্তিটি অন্য কোন দেশের সাথে সংঘাতের অবসান ঘটাতে প্রতিষ্ঠিত হয়েছিল?	রুয়ান্ডা	Rwanda
bn	sw_goma_offensive_drc_rwanda_peace__involved_country__006__target__sw_goma_offensive_drc_rwanda_peace_target_target_card_4__bn__surface_001	sw_goma_offensive_drc_rwanda_peace__involved_country__006__target__sw_goma_offensive_drc_rwanda_peace_target_target_card_4__en__surface_001	source_aliases_not_translated	২০২৫ সালের গোমা আক্রমণে এফএআরডিসি-কে সহায়তা করার জন্য কোন দেশ দক্ষিণ কিভুতে হাজার হাজার সৈন্য পাঠিয়েছিল?	বুরুন্ডি	Burundi
bn	sw_goma_offensive_drc_rwanda_peace__key_figure__012__neighbor__sw_goma_offensive_drc_rwanda_peace_neighbor_neighbor_card_15__bn__surface_002	sw_goma_offensive_drc_rwanda_peace__key_figure__012__neighbor__sw_goma_offensive_drc_rwanda_peace_neighbor_neighbor_card_15__en__surface_002	source_aliases_not_translated	২০২৫ সালের ডিআরসি-রুয়ান্ডা শান্তি চুক্তির স্বাক্ষর অনুষ্ঠান তদারকি করা মার্কিন পররাষ্ট্রমন্ত্রীর নাম বলুন।	মার্কো রুবিও	Marco Rubio
bn	sw_goma_offensive_drc_rwanda_peace__key_figure__013__target__sw_goma_offensive_drc_rwanda_peace_target_target_card_14__bn__core	sw_goma_offensive_drc_rwanda_peace__key_figure__013__target__sw_goma_offensive_drc_rwanda_peace_target_target_card_14__en__core	source_aliases_not_translated	২০২৫ সালের গোমা আক্রমণ শুরু করা বিদ্রোহী জোটের নেতা কে?	কর্নেইল নাঙ্গা	Corneille Nangaa
bn	sw_goma_offensive_drc_rwanda_peace__involved_country__006__target__sw_goma_offensive_drc_rwanda_peace_target_target_card_4__bn__surface_002	sw_goma_offensive_drc_rwanda_peace__involved_country__006__target__sw_goma_offensive_drc_rwanda_peace_target_target_card_4__en__surface_002	source_aliases_not_translated	২০২৫ সালের গোমা আক্রমণের সময়, কোন রাষ্ট্র দক্ষিণ কিভুতে সৈন্য মোতায়েন করে এফএআরডিসি-কে (FARDC) সামরিক সহায়তা প্রদান করেছিল?	বুরুন্ডি	Burundi
bn	sw_goma_offensive_drc_rwanda_peace__key_figure__011__target__sw_goma_offensive_drc_rwanda_peace_target_target_card_12__bn__surface_001	sw_goma_offensive_drc_rwanda_peace__key_figure__011__target__sw_goma_offensive_drc_rwanda_peace_target_target_card_12__en__surface_001	backtranslated_answer_not_matched_by_heuristic	২০২৫ সালের গোমা অভিযানের সময় কোন কঙ্গোলিজ প্রেসিডেন্ট জাতীয়ভাবে সংঘবদ্ধ হওয়ার আহ্বান জানিয়েছিলেন?	ফেলিক্স শিসেকেদি	Felix Tshisekedi
bn	sw_goma_offensive_drc_rwanda_peace__involved_country__007__target__sw_goma_offensive_drc_rwanda_peace_target_target_card_5__bn__surface_003	sw_goma_offensive_drc_rwanda_peace__involved_country__007__target__sw_goma_offensive_drc_rwanda_peace_target_target_card_5__en__surface_003	source_aliases_not_translated	২০২৫ সালের গোমা আক্রমণের প্রতিক্রিয়ায় কোন রাষ্ট্র পূর্ব কঙ্গো সীমান্তে সামরিক বাহিনী মোতায়েন করার সিদ্ধান্ত নিয়েছে?	উগান্ডা	Uganda
bn	sw_tanzania_protests_general_election__casualty_report__005__neighbor__sw_tanzania_protests_general_election_neighbor_neighbor_casualty_1__bn__surface_003	sw_tanzania_protests_general_election__casualty_report__005__neighbor__sw_tanzania_protests_general_election_neighbor_neighbor_casualty_1__en__surface_003	source_aliases_not_translated	জাতিসংঘের মানবাধিকার বিষয়ক হাইকমিশনারের কার্যালয় ২০২৫ সালের তানজানিয়ার সাধারণ নির্বাচনের সাথে সম্পর্কিত অন্তত কতজনের নিশ্চিত মৃত্যুর কথা জানিয়েছে?	১০	10
bn	sw_tanzania_protests_general_election__casualty_report__005__neighbor__sw_tanzania_protests_general_election_neighbor_neighbor_casualty_1__bn__surface_002	sw_tanzania_protests_general_election__casualty_report__005__neighbor__sw_tanzania_protests_general_election_neighbor_neighbor_casualty_1__en__surface_002	source_aliases_not_translated	২০২৫ সালের তানজানিয়ার সাধারণ নির্বাচন প্রসঙ্গে জাতিসংঘের মানবাধিকার বিষয়ক হাইকমিশনারের কার্যালয় কতজনের মৃত্যুর সংখ্যা নিশ্চিত করেছে?	১০	10
bn	sw_tanzania_protests_general_election__event_date__015__neighbor__sw_tanzania_protests_general_election_neighbor_neighbor_date_4__bn__core	sw_tanzania_protests_general_election__event_date__015__neighbor__sw_tanzania_protests_general_election_neighbor_neighbor_date_4__en__core	source_aliases_not_translated	২০২৫ সালের তানজানিয়ার সাধারণ নির্বাচনের প্রচারণার সময়কাল আনুষ্ঠানিকভাবে কোন তারিখে শুরু হয়েছিল?	২৮ আগস্ট	August 28
bn	sw_tanzania_protests_general_election__event_date__014__neighbor__sw_tanzania_protests_general_election_neighbor_neighbor_date_3__bn__surface_003	sw_tanzania_protests_general_election__event_date__014__neighbor__sw_tanzania_protests_general_election_neighbor_neighbor_date_3__en__surface_003	source_aliases_not_translated	ACT-এর প্রার্থী লুহাগা ম্পিনাকে কোন তারিখে ২০২৫ সালের তানজানিয়ার সাধারণ নির্বাচনে প্রতিদ্বন্দ্বিতা করতে বাধা দেওয়া হয়েছিল?	১৫ সেপ্টেম্বর	September 15
bn	sw_kenyan_protests_albert_ojwang__police_officer_involved__007__target__sw_kenyan_protests_albert_ojwang_target_target_police_officer_involved_2__bn__surface_001	sw_kenyan_protests_albert_ojwang__police_officer_involved__007__target__sw_kenyan_protests_albert_ojwang_target_target_police_officer_involved_2__en__surface_001	backtranslated_answer_not_matched_by_heuristic	বনিফেস মাওয়াঙ্গি কারিউকিকে হত্যার দায়ে যে পুলিশ অফিসারের বিচার হয়েছিল, তার নাম বলুন।	ক্লিনজি বারাজা	Klinji Baraza
bn	sw_kenyan_protests_albert_ojwang__police_officer_involved__006__target__sw_kenyan_protests_albert_ojwang_target_target_police_officer_involved_1__bn__surface_001	sw_kenyan_protests_albert_ojwang__police_officer_involved__006__target__sw_kenyan_protests_albert_ojwang_target_target_police_officer_involved_1__en__surface_001	source_aliases_not_translated	আলবার্ট ওমন্ডি ওজওয়াং অনলাইনে পুলিশের কোন ডেপুটি ইন্সপেক্টর জেনারেলের সমালোচনা করেছিলেন?	এলিউড লাগাত	Eliud Lagat
bn	sw_kenyan_protests_albert_ojwang__police_officer_involved__006__neighbor__sw_kenyan_protests_albert_ojwang_neighbor_neighbor_police_officer_involved_2__bn__core	sw_kenyan_protests_albert_ojwang__police_officer_involved__006__neighbor__sw_kenyan_protests_albert_ojwang_neighbor_neighbor_police_officer_involved_2__en__core	backtranslated_answer_not_matched_by_heuristic,source_aliases_not_translated	অ্যালবার্ট ওজওয়াংকে যে স্টেশনে আটক করা হয়েছিল, সেই স্টেশনের ভারপ্রাপ্ত কর্মকর্তা কে ছিলেন?	স্যামসন তালাম	Samson Talam
bn	sw_kenyan_protests_albert_ojwang__location__002__target__sw_kenyan_protests_albert_ojwang_target_target_location_3__bn__surface_001	sw_kenyan_protests_albert_ojwang__location__002__target__sw_kenyan_protests_albert_ojwang_target_target_location_3__en__surface_001	source_aliases_not_translated	২০২৪ সালের কেনিয়া ফাইন্যান্স বিল বিক্ষোভের সময় বিক্ষোভকারীরা কোন স্থানে জোরপূর্বক প্রবেশ করেছিল?	পার্লামেন্ট	Parliament
bn	sw_kenyan_protests_albert_ojwang__police_officer_involved__006__target__sw_kenyan_protests_albert_ojwang_target_target_police_officer_involved_1__bn__surface_002	sw_kenyan_protests_albert_ojwang__police_officer_involved__006__target__sw_kenyan_protests_albert_ojwang_target_target_police_officer_involved_1__en__surface_002	source_aliases_not_translated	অ্যালবার্ট ওমন্ডি ওজওয়াং যে পুলিশ কর্মকর্তাকে নিয়ে একটি সমালোচনামূলক পোস্ট করেছিলেন, তার নাম বলুন।	এলিউড লাগাত	Eliud Lagat
bn	th_political_crisis_same_sex_marriage__key_figure__006__target__th_political_crisis_same_sex_marriage_target_th_political_crisis_2025_key_figure_3__bn__surface_003	th_political_crisis_same_sex_marriage__key_figure__006__target__th_political_crisis_same_sex_marriage_target_th_political_crisis_2025_key_figure_3__en__surface_003	source_aliases_not_translated	২০২৫ সালে থাইল্যান্ডের রাজনৈতিক সংকটের সময় তত্ত্বাবধায়ক সরকারের স্থলাভিষিক্ত হতে পিপলস পার্টি যে ব্যক্তিকে সমর্থন করেছিল, তার নাম বলুন।	অনুতিন চার্নভিরাকুল	Anutin Charnvirakul
bn	th_political_crisis_same_sex_marriage__involved_organization__011__target__th_political_crisis_same_sex_marriage_target_th_political_crisis_2025_involved_organization_4__bn__surface_001	th_political_crisis_same_sex_marriage__involved_organization__011__target__th_political_crisis_same_sex_marriage_target_th_political_crisis_2025_involved_organization_4__en__surface_001	source_aliases_not_translated	২০২৫ সালে থাইল্যান্ডের রাজনৈতিক সংকটে কোন সংস্থা কিংমেকারের ভূমিকা পালন করেছিল?	পিপলস পার্টি	People's Party
bn	th_political_crisis_same_sex_marriage__involved_organization__010__target__th_political_crisis_same_sex_marriage_target_th_political_crisis_2025_involved_organization_1__bn__surface_002	th_political_crisis_same_sex_marriage__involved_organization__010__target__th_political_crisis_same_sex_marriage_target_th_political_crisis_2025_involved_organization_1__en__surface_002	source_aliases_not_translated	২০২৫ সালের জুনের ফোন কল ফাঁসের কারণে সমর্থন প্রত্যাহার করার পর ক্ষমতাসীন জোট কোন দলকে হারায়?	ভুমজাইথাই পার্টি	Bhumjaithai Party
bn	th_political_crisis_same_sex_marriage__key_figure__006__neighbor__th_political_crisis_same_sex_marriage_neighbor_th_same_sex_marriage_key_figure_3__bn__surface_002	th_political_crisis_same_sex_marriage__key_figure__006__neighbor__th_political_crisis_same_sex_marriage_neighbor_th_same_sex_marriage_key_figure_3__en__surface_002	source_aliases_not_translated	২০১২ সালে কোন থাই প্রধানমন্ত্রীর নেতৃত্বাধীন সরকার সিভিল পার্টনারশিপের আইনের খসড়া তৈরি করতে একটি কমিটি গঠন করেছিল?	ইংলাক সিনাওয়াত্রা	Yingluck Shinawatra
bn	th_political_crisis_same_sex_marriage__involved_organization__011__target__th_political_crisis_same_sex_marriage_target_th_political_crisis_2025_involved_organization_4__bn__surface_003	th_political_crisis_same_sex_marriage__involved_organization__011__target__th_political_crisis_same_sex_marriage_target_th_political_crisis_2025_involved_organization_4__en__surface_003	source_aliases_not_translated	থাইল্যান্ডের ২০২৫ সালের রাজনৈতিক সংকটের সময় কিংমেকারের অবস্থানে থাকা রাজনৈতিক দলটির নাম বলুন।	পিপলস পার্টি	People's Party
bn	th_political_crisis_same_sex_marriage__official_action_or_decision__003__target__th_political_crisis_same_sex_marriage_target_th_political_crisis_2025_official_action_1__bn__surface_002	th_political_crisis_same_sex_marriage__official_action_or_decision__003__target__th_political_crisis_same_sex_marriage_target_th_political_crisis_2025_official_action_1__en__surface_002	source_aliases_not_translated	তার সরকারি দায়িত্বের বিষয়ে, সাংবিধানিক আদালত প্যাতংতার্নকে কী করার সিদ্ধান্ত নিয়েছিল?	প্যাতংতার্নকে সাময়িক বরখাস্ত করা	Temporarily suspend Paetongtarn
bn	th_political_crisis_same_sex_marriage__key_figure__009__target__th_political_crisis_same_sex_marriage_target_th_political_crisis_2025_key_figure_6__bn__surface_003	th_political_crisis_same_sex_marriage__key_figure__009__target__th_political_crisis_same_sex_marriage_target_th_political_crisis_2025_key_figure_6__en__surface_003	source_aliases_not_translated	পেতংতার্ন সিনাওয়াত্রা দায়িত্ব থেকে সাময়িক বরখাস্ত হওয়ার পর, কে থাইল্যান্ডের ভারপ্রাপ্ত প্রধানমন্ত্রী হিসেবে দায়িত্ব গ্রহণ করেন?	সুরিয়া জুয়াংরুংরুয়াংকিত	Suriya Juangroongruangkit
bn	th_political_crisis_same_sex_marriage__key_figure__007__neighbor__th_political_crisis_same_sex_marriage_neighbor_th_same_sex_marriage_key_figure_4__bn__surface_003	th_political_crisis_same_sex_marriage__key_figure__007__neighbor__th_political_crisis_same_sex_marriage_neighbor_th_same_sex_marriage_key_figure_4__en__surface_003	backtranslated_answer_not_matched_by_heuristic,source_aliases_not_translated	২০২০ সালের জুন মাসে, মুভ ফরোয়ার্ড পার্টির কোন ডেপুটি সমকামী বিবাহ বৈধ করার একটি বিল উত্থাপন করেছিলেন?	তুনিয়াওয়াত কামোলওংওয়াত	Tuniyawat Kamolwongwat
bn	th_political_crisis_same_sex_marriage__involved_organization__015__target__th_political_crisis_same_sex_marriage_target_th_political_crisis_2025_involved_organization_2__bn__surface_001	th_political_crisis_same_sex_marriage__involved_organization__015__target__th_political_crisis_same_sex_marriage_target_th_political_crisis_2025_involved_organization_2__en__surface_001	source_aliases_not_translated	২০২৫ সালে ভূমজাইথাই পার্টির প্রত্যাহারের আগে, কোন সংস্থা ক্ষমতাসীন জোটের নেতৃত্বে ছিল?	ফেউ থাই পার্টি	Pheu Thai Party
bn	th_cambodian_border_crisis_myanmar_earthquake__key_figure__002__target__th_cambodian_border_crisis_myanmar_earthquake_target_th_cambodian_border_crisis_person_1__bn__surface_002	th_cambodian_border_crisis_myanmar_earthquake__key_figure__002__target__th_cambodian_border_crisis_myanmar_earthquake_target_th_cambodian_border_crisis_person_1__en__surface_002	source_aliases_not_translated	২০২৫ সালের কম্বোডিয়া-থাইল্যান্ড সীমান্ত সংকট চলাকালীন আইসিজে (ICJ)-তে আপিলকারী কম্বোডিয়ার নেতার নাম বলুন।	হুন মানেট	Hun Manet
bn	th_cambodian_border_crisis_myanmar_earthquake__international_response_entity__005__target__th_cambodian_border_crisis_myanmar_earthquake_target_th_cambodian_border_crisis_org_2__bn__surface_002	th_cambodian_border_crisis_myanmar_earthquake__international_response_entity__005__target__th_cambodian_border_crisis_myanmar_earthquake_target_th_cambodian_border_crisis_org_2__en__surface_002	source_aliases_not_translated	২০২৫ সালের কম্বোডিয়া-থাই সীমান্ত সংকট প্রসঙ্গে কোন দেশ উভয় পক্ষকে উত্তেজনা কমানোর আহ্বান জানিয়েছিল?	মার্কিন যুক্তরাষ্ট্র	United States
bn	th_cambodian_border_crisis_myanmar_earthquake__international_response_entity__005__neighbor__th_cambodian_border_crisis_myanmar_earthquake_neighbor_myanmar_earthquake_org_1__bn__surface_001	th_cambodian_border_crisis_myanmar_earthquake__international_response_entity__005__neighbor__th_cambodian_border_crisis_myanmar_earthquake_neighbor_myanmar_earthquake_org_1__en__surface_001	source_aliases_not_translated	২০২৫ সালের মিয়ানমার ভূমিকম্পের পর কোন আন্তর্জাতিক সংস্থা ৯৩ মিলিয়ন ডলার ত্রাণ তহবিল সরবরাহ করেছিল?	জাতিসংঘ	United Nations
bn	th_cambodian_border_crisis_myanmar_earthquake__international_response_entity__001__target__th_cambodian_border_crisis_myanmar_earthquake_target_th_cambodian_border_crisis_org_1__bn__core	th_cambodian_border_crisis_myanmar_earthquake__international_response_entity__001__target__th_cambodian_border_crisis_myanmar_earthquake_target_th_cambodian_border_crisis_org_1__en__core	source_aliases_not_translated	২০২৫ সালের কম্বোডিয়া-থাইল্যান্ড সীমান্ত সংকটের সময় কম্বোডিয়ান এবং থাই নেতাদের মধ্যে যুদ্ধবিরতি আলোচনায় কোন দেশ মধ্যস্থতা করেছিল?	মালয়েশিয়া	Malaysia
bn	th_cambodian_border_crisis_myanmar_earthquake__affected_location__008__neighbor__th_cambodian_border_crisis_myanmar_earthquake_neighbor_myanmar_earthquake_loc_1__bn__surface_002	th_cambodian_border_crisis_myanmar_earthquake__affected_location__008__neighbor__th_cambodian_border_crisis_myanmar_earthquake_neighbor_myanmar_earthquake_loc_1__en__surface_002	source_aliases_not_translated	২০২৫ সালের মিয়ানমার ভূমিকম্পের কেন্দ্রস্থলের খুব কাছাকাছি কোন শহরটি ছিল?	মান্দালয়	Mandalay
bn	th_cambodian_border_crisis_myanmar_earthquake__international_response_entity__005__target__th_cambodian_border_crisis_myanmar_earthquake_target_th_cambodian_border_crisis_org_2__bn__core	th_cambodian_border_crisis_myanmar_earthquake__international_response_entity__005__target__th_cambodian_border_crisis_myanmar_earthquake_target_th_cambodian_border_crisis_org_2__en__core	source_aliases_not_translated	২০২৫ সালের কম্বোডিয়া-থাইল্যান্ড সীমান্ত সংকটের সময় কোন দেশ সংঘাতের বিষয়ে উদ্বেগ প্রকাশ করেছিল এবং উত্তেজনা হ্রাসের আহ্বান জানিয়েছিল?	মার্কিন যুক্তরাষ্ট্র	United States
bn	th_cambodian_border_crisis_myanmar_earthquake__destroyed_or_damaged_infrastructure__007__target__th_cambodian_border_crisis_myanmar_earthquake_target_th_cambodian_border_crisis_infra_2__bn__surface_001	th_cambodian_border_crisis_myanmar_earthquake__destroyed_or_damaged_infrastructure__007__target__th_cambodian_border_crisis_myanmar_earthquake_target_th_cambodian_border_crisis_infra_2__en__surface_001	source_aliases_not_translated	কম্বোডিয়ার সংস্কৃতি ও চারুকলা মন্ত্রণালয় কোন নির্দিষ্ট অবকাঠামোতে থাই গোলাবর্ষণের নিন্দা জানিয়েছে?	প্রিয়া বিহার	Preah Vihear
bn	th_cambodian_border_crisis_myanmar_earthquake__affected_location__008__neighbor__th_cambodian_border_crisis_myanmar_earthquake_neighbor_myanmar_earthquake_loc_1__bn__core	th_cambodian_border_crisis_myanmar_earthquake__affected_location__008__neighbor__th_cambodian_border_crisis_myanmar_earthquake_neighbor_myanmar_earthquake_loc_1__en__core	source_aliases_not_translated	২০২৫ সালের মিয়ানমার ভূমিকম্পের উপকেন্দ্রটি কোন শহরের কাছাকাছি ছিল?	মান্দালয়	Mandalay
bn	th_cambodian_border_crisis_myanmar_earthquake__destroyed_or_damaged_infrastructure__007__target__th_cambodian_border_crisis_myanmar_earthquake_target_th_cambodian_border_crisis_infra_2__bn__surface_003	th_cambodian_border_crisis_myanmar_earthquake__destroyed_or_damaged_infrastructure__007__target__th_cambodian_border_crisis_myanmar_earthquake_target_th_cambodian_border_crisis_infra_2__en__surface_003	source_aliases_not_translated	কোন সাংস্কৃতিক স্থানটি থাই গোলাবর্ষণের লক্ষ্যবস্তু হয়েছিল, যা কম্বোডিয়ার সংস্কৃতি ও চারুকলা মন্ত্রণালয়ের নিন্দা কুড়িয়েছিল?	প্রেয়াহ বিহার	Preah Vihear
bn	th_audit_office_bangkok_road_collapse__event_measurements__009__target__th_audit_office_bangkok_road_collapse_target_target_event_measurements_3__bn__surface_003	th_audit_office_bangkok_road_collapse__event_measurements__009__target__th_audit_office_bangkok_road_collapse_target_target_event_measurements_3__en__surface_003	source_aliases_not_translated	ধ্বংস হওয়ার আগে থাইল্যান্ড স্টেট অডিট অফিস ভবনের কতটি তলা ছিল?	৩৩ তলা	33 floors
bn	th_audit_office_bangkok_road_collapse__event_measurements__008__target__th_audit_office_bangkok_road_collapse_target_target_event_measurements_2__bn__core	th_audit_office_bangkok_road_collapse__event_measurements__008__target__th_audit_office_bangkok_road_collapse_target_target_event_measurements_2__en__core	backtranslated_answer_not_matched_by_heuristic,source_aliases_not_translated	থাইল্যান্ড স্টেট অডিট অফিস ভবন ধসের কারণে কতজন আহত হয়েছিল?	৯ জন আহত	9 people injured
bn	th_audit_office_bangkok_road_collapse__event_locations__011__target__th_audit_office_bangkok_road_collapse_target_target_event_locations_1__bn__core	th_audit_office_bangkok_road_collapse__event_locations__011__target__th_audit_office_bangkok_road_collapse_target_target_event_locations_1__en__core	source_aliases_not_translated	থাইল্যান্ড স্টেট অডিট অফিস ভবন কোথায় ধসে পড়েছিল?	ব্যাংকক	Bangkok
bn	th_audit_office_bangkok_road_collapse__event_measurements__007__neighbor__th_audit_office_bangkok_road_collapse_neighbor_neighbor_event_measurements_1__bn__surface_002	th_audit_office_bangkok_road_collapse__event_measurements__007__neighbor__th_audit_office_bangkok_road_collapse_neighbor_neighbor_event_measurements_1__en__surface_002	source_aliases_not_translated	সামসেন রোডের সিঙ্কহোলের প্রাথমিক প্রস্থের পরিমাপ কত ছিল?	৩০ মিটার	30 meters
bn	th_audit_office_bangkok_road_collapse__event_measurements__010__target__th_audit_office_bangkok_road_collapse_target_target_event_measurements_4__bn__surface_002	th_audit_office_bangkok_road_collapse__event_measurements__010__target__th_audit_office_bangkok_road_collapse_target_target_event_measurements_4__en__surface_002	source_aliases_not_translated	ধসে পড়ার আগে থাইল্যান্ড স্টেট অডিট অফিস ভবনের উচ্চতা কত ছিল?	১৩৭ মি.	137 m.
bn	th_audit_office_bangkok_road_collapse__event_dates__012__target__th_audit_office_bangkok_road_collapse_target_target_event_dates_2__bn__core	th_audit_office_bangkok_road_collapse__event_dates__012__target__th_audit_office_bangkok_road_collapse_target_target_event_dates_2__en__core	source_aliases_not_translated	থাইল্যান্ডের প্রধানমন্ত্রী পেতংতার্ন সিনাওয়াত্রা কোন তারিখে পুনরায় থাইল্যান্ড স্টেট অডিট অফিস ভবন ধসের ঘটনাস্থল পরিদর্শন করেন?	২ এপ্রিল	April 2
bn	th_audit_office_bangkok_road_collapse__event_measurements__010__neighbor__th_audit_office_bangkok_road_collapse_neighbor_neighbor_event_measurements_5__bn__surface_001	th_audit_office_bangkok_road_collapse__event_measurements__010__neighbor__th_audit_office_bangkok_road_collapse_neighbor_neighbor_event_measurements_5__en__surface_001	source_aliases_not_translated	২০২৫ সালের ব্যাংকক রাস্তা ধসের ঘটনায় সিঙ্কহোলের এলাকা মজবুত করতে ব্যবহৃত বালির বস্তার সংখ্যা কত ছিল?	৫০,০০০ বালির বস্তা	50,000 sandbags
bn	th_audit_office_bangkok_road_collapse__damaged_or_affected_entities__014__target__th_audit_office_bangkok_road_collapse_target_target_damaged_or_affected_entities_2__bn__surface_003	th_audit_office_bangkok_road_collapse__damaged_or_affected_entities__014__target__th_audit_office_bangkok_road_collapse_target_target_damaged_or_affected_entities_2__en__surface_003	source_aliases_not_translated	থাইল্যান্ড স্টেট অডিট অফিস ভবন ছাড়াও, একই ইস্পাত সরবরাহকারীর সাথে যুক্ত আমাতা সিটি চোনবুরি ইন্ডাস্ট্রিয়াল এস্টেটে আর কোন কাঠামো ধসে পড়েছিল?	কারখানা ভবন	Factory building
bn	zh_shenzhen_stabbing_wuxi_stabbing__perpetrator_attributes__005__target__zh_shenzhen_stabbing_wuxi_stabbing_target_target_perp_5__bn__surface_003	zh_shenzhen_stabbing_wuxi_stabbing__perpetrator_attributes__005__target__zh_shenzhen_stabbing_wuxi_stabbing_target_target_perp_5__en__surface_003	backtranslated_answer_not_matched_by_heuristic	২০২৪ সালের শেনজেন ছুরিকাঘাতের ঘটনাটি যে ব্যক্তি ঘটিয়েছিল, তার কী হয়েছিল?	মৃত্যুদণ্ড কার্যকর করা হয়েছিল	The death penalty was carried out
bn	zh_shenzhen_stabbing_wuxi_stabbing__incident_locations__002__target__zh_shenzhen_stabbing_wuxi_stabbing_target_target_loc_1__bn__surface_002	zh_shenzhen_stabbing_wuxi_stabbing__incident_locations__002__target__zh_shenzhen_stabbing_wuxi_stabbing_target_target_loc_1__en__surface_002	source_aliases_not_translated	২০২৪ সালে এক জাপানি স্কুলছাত্রকে ছুরিকাঘাতের ঘটনা গুয়াংডংয়ের কোন শহরে ঘটেছিল?	শেনজেন	Shenzhen
bn	zh_shenzhen_stabbing_wuxi_stabbing__perpetrator_attributes__001__neighbor__zh_shenzhen_stabbing_wuxi_stabbing_neighbor_neighbor_perp_2__bn__surface_002	zh_shenzhen_stabbing_wuxi_stabbing__perpetrator_attributes__001__neighbor__zh_shenzhen_stabbing_wuxi_stabbing_neighbor_neighbor_perp_2__en__surface_002	source_aliases_not_translated	২০২৪ সালের উক্সি ছুরিকাঘাতের ঘটনাটি যে ব্যক্তি ঘটিয়েছিল, তার বয়স কত ছিল?	২১ বছর বয়সী	21 years old
bn	zh_shenzhen_stabbing_wuxi_stabbing__incident_locations__006__neighbor__zh_shenzhen_stabbing_wuxi_stabbing_neighbor_neighbor_loc_2__bn__surface_001	zh_shenzhen_stabbing_wuxi_stabbing__incident_locations__006__neighbor__zh_shenzhen_stabbing_wuxi_stabbing_neighbor_neighbor_loc_2__en__surface_001	source_aliases_not_translated	২০২৪ সালের উক্সি ছুরিকাঘাতের ঘটনাটি কোথায় ঘটেছিল?	জিয়াংসু প্রদেশ	Jiangsu Province
bn	zh_shenzhen_stabbing_wuxi_stabbing__incident_locations__006__target__zh_shenzhen_stabbing_wuxi_stabbing_target_target_loc_2__bn__core	zh_shenzhen_stabbing_wuxi_stabbing__incident_locations__006__target__zh_shenzhen_stabbing_wuxi_stabbing_target_target_loc_2__en__core	source_aliases_not_translated	২০২৪ সালের শেনজেন ছুরিকাঘাতের ঘটনা কোন প্রদেশে ঘটেছিল?	গুয়াংডং	Guangdong
bn	zh_shenzhen_stabbing_wuxi_stabbing__incident_locations__006__neighbor__zh_shenzhen_stabbing_wuxi_stabbing_neighbor_neighbor_loc_2__bn__surface_002	zh_shenzhen_stabbing_wuxi_stabbing__incident_locations__006__neighbor__zh_shenzhen_stabbing_wuxi_stabbing_neighbor_neighbor_loc_2__en__surface_002	source_aliases_not_translated	২০২৪ সালের উক্সি ছুরিকাঘাতের ঘটনাটি কোন প্রদেশে ঘটেছিল?	জিয়াংসু প্রদেশ	Jiangsu Province
bn	zh_shenzhen_stabbing_wuxi_stabbing__perpetrator_attributes__004__target__zh_shenzhen_stabbing_wuxi_stabbing_target_target_perp_1__bn__surface_002	zh_shenzhen_stabbing_wuxi_stabbing__perpetrator_attributes__004__target__zh_shenzhen_stabbing_wuxi_stabbing_target_target_perp_1__en__surface_002	source_aliases_not_translated	শেনজেনে ২০২৪ সালের ছুরিকাঘাতের ঘটনার জন্য দায়ী হামলাকারীকে শনাক্ত করুন।	ঝং চাংচুন	Zhong Changchun
bn	zh_zhuhai_car_attack_wuxi_stabbing__incident_date__012__target__zh_zhuhai_car_attack_wuxi_stabbing_target_zhuhai_date_1__bn__surface_001	zh_zhuhai_car_attack_wuxi_stabbing__incident_date__012__target__zh_zhuhai_car_attack_wuxi_stabbing_target_zhuhai_date_1__en__surface_001	source_aliases_not_translated	২০২৪ সালের ঝুহাই গাড়ি হামলা কবে ঘটেছিল?	১১ নভেম্বর ২০২৪	11 November 2024
bn	zh_zhuhai_car_attack_wuxi_stabbing__incident_timeline__008__target__zh_zhuhai_car_attack_wuxi_stabbing_target_zhuhai_time_1__bn__core	zh_zhuhai_car_attack_wuxi_stabbing__incident_timeline__008__target__zh_zhuhai_car_attack_wuxi_stabbing_target_zhuhai_time_1__en__core	source_aliases_not_translated	২০২৪ সালের ঝুহাই গাড়ি হামলা কোন সময়ে শুরু হয়েছিল?	১৯:৪৮	19:48
bn	zh_zhuhai_car_attack_wuxi_stabbing__legal_milestone_date__011__neighbor__zh_zhuhai_car_attack_wuxi_stabbing_neighbor_wuxi_leg_1__bn__core	zh_zhuhai_car_attack_wuxi_stabbing__legal_milestone_date__011__neighbor__zh_zhuhai_car_attack_wuxi_stabbing_neighbor_wuxi_leg_1__en__core	source_aliases_not_translated	২০২৪ সালের উক্সি ছুরিকাঘাতের অপরাধীকে কোন তারিখে মৃত্যুদণ্ড দেওয়া হয়েছিল?	১৭ ডিসেম্বর ২০২৪	17 December 2024
bn	zh_zhuhai_car_attack_wuxi_stabbing__incident_timeline__008__neighbor__zh_zhuhai_car_attack_wuxi_stabbing_neighbor_wuxi_time_2__bn__surface_002	zh_zhuhai_car_attack_wuxi_stabbing__incident_timeline__008__neighbor__zh_zhuhai_car_attack_wuxi_stabbing_neighbor_wuxi_time_2__en__surface_002	source_aliases_not_translated	২০২৪ সালের উক্সি ছুরিকাঘাতের হামলাকারীকে গ্রেপ্তারের কথা কর্তৃপক্ষ রাতের কোন সময়ে ঘোষণা করেছিল?	রাত ১১:৩০	11:30 PM
bn	zh_zhuhai_car_attack_wuxi_stabbing__legal_milestone_date__011__target__zh_zhuhai_car_attack_wuxi_stabbing_target_zhuhai_leg_1__bn__surface_001	zh_zhuhai_car_attack_wuxi_stabbing__legal_milestone_date__011__target__zh_zhuhai_car_attack_wuxi_stabbing_target_zhuhai_leg_1__en__surface_001	source_aliases_not_translated	২০২৪ সালের ঝুহাই গাড়ি হামলার জন্য দায়ী হামলাকারী কবে মৃত্যুদণ্ড পান?	২৭ ডিসেম্বর ২০২৪	27 December 2024
bn	zh_zhuhai_car_attack_wuxi_stabbing__incident_location__003__target__zh_zhuhai_car_attack_wuxi_stabbing_target_zhuhai_loc_2__bn__surface_003	zh_zhuhai_car_attack_wuxi_stabbing__incident_location__003__target__zh_zhuhai_car_attack_wuxi_stabbing_target_zhuhai_loc_2__en__surface_003	source_aliases_not_translated	ফ্যান ওয়েইকিউ দ্বারা ২০২৪ সালের গণ গাড়ি চাপা দেওয়ার ঘটনার স্থান কোন শহর?	ঝুহাই	Zhuhai
bn	zh_zhuhai_car_attack_wuxi_stabbing__legal_milestone_date__011__target__zh_zhuhai_car_attack_wuxi_stabbing_target_zhuhai_leg_1__bn__core	zh_zhuhai_car_attack_wuxi_stabbing__legal_milestone_date__011__target__zh_zhuhai_car_attack_wuxi_stabbing_target_zhuhai_leg_1__en__core	source_aliases_not_translated	২০২৪ সালের ঝুহাই গাড়ি হামলার অপরাধীকে কোন তারিখে মৃত্যুদণ্ড দেওয়া হয়েছিল?	২৭ ডিসেম্বর ২০২৪	27 December 2024
bn	zh_night_ride_kaifeng_henan_cuisine__involves_demographic__012__neighbor__zh_night_ride_kaifeng_henan_cuisine_neighbor_19__bn__surface_001	zh_night_ride_kaifeng_henan_cuisine__involves_demographic__012__neighbor__zh_night_ride_kaifeng_henan_cuisine_neighbor_19__en__surface_001	source_aliases_not_translated	হেনান রন্ধনশৈলীর খাঁটি ধরন নিয়ে কোন জাতিগোষ্ঠীর মধ্যে মতবিরোধ দেখা গেছে?	হান চীনা	Han Chinese
bn	zh_night_ride_kaifeng_henan_cuisine__involves_demographic__015__target__zh_night_ride_kaifeng_henan_cuisine_target_17__bn__core	zh_night_ride_kaifeng_henan_cuisine__involves_demographic__015__target__zh_night_ride_kaifeng_henan_cuisine_target_17__en__core	source_aliases_not_translated	কাইফেং-এর নাইট রাইডে কোন জনগোষ্ঠীর অংশগ্রহণ পুলিশ এবং হেনান প্রাদেশিক শিক্ষা বিভাগের জন্য উদ্বেগের কারণ হয়েছিল?	কর্মজীবী প্রাপ্তবয়স্ক	Working adults
bn	zh_night_ride_kaifeng_henan_cuisine__involves_demographic__015__neighbor__zh_night_ride_kaifeng_henan_cuisine_neighbor_18__bn__core	zh_night_ride_kaifeng_henan_cuisine__involves_demographic__015__neighbor__zh_night_ride_kaifeng_henan_cuisine_neighbor_18__en__core	backtranslated_answer_not_matched_by_heuristic,source_aliases_not_translated	হেনান রন্ধনশৈলীর ইতিহাসে, রাজদরবারের খাবারগুলি কোন শ্রেণীর মানুষের পরিবারের খাবারের থেকে আলাদা ছিল?	সাধারণ মানুষের পরিবার	Common people's families
bn	zh_night_ride_kaifeng_henan_cuisine__utilizes_key_element__002__neighbor__zh_night_ride_kaifeng_henan_cuisine_neighbor_11__bn__surface_003	zh_night_ride_kaifeng_henan_cuisine__utilizes_key_element__002__neighbor__zh_night_ride_kaifeng_henan_cuisine_neighbor_11__en__surface_003	source_aliases_not_translated	হেনান রন্ধনশৈলী তৈরির সময় সবচেয়ে বেশি কোন মাংস ব্যবহার করা হয়?	শূকরের মাংস	Pork
bn	zh_night_ride_kaifeng_henan_cuisine__has_associated_location__004__neighbor__zh_night_ride_kaifeng_henan_cuisine_neighbor_2__bn__core	zh_night_ride_kaifeng_henan_cuisine__has_associated_location__004__neighbor__zh_night_ride_kaifeng_henan_cuisine_neighbor_2__en__core	source_aliases_not_translated	হেনান রন্ধনশৈলীতে কোন অঞ্চলের রন্ধনশৈলী মিশ্রিত হয়েছে?	জিয়াংসু	Jiangsu
de	en_tesla_vandalism_doge__affected_entity__012__target__en_tesla_vandalism_doge_target_target_affected_entity_2__de__core	en_tesla_vandalism_doge__affected_entity__012__target__en_tesla_vandalism_doge_target_target_affected_entity_2__en__core	backtranslated_answer_not_matched_by_heuristic	Was wurde vor einem Einkaufszentrum in Littleton in Brand gesetzt?	Tesla-Ladestationen	Tesla charging stations
de	en_tesla_vandalism_doge__employed_tactic__008__neighbor__en_tesla_vandalism_doge_neighbor_neighbor_employed_tactic_2__de__core	en_tesla_vandalism_doge__employed_tactic__008__neighbor__en_tesla_vandalism_doge_neighbor_neighbor_employed_tactic_2__en__core	backtranslated_answer_not_matched_by_heuristic	Von welcher Taktik behauptete DOGE, dass sie große Einsparungen erzielt habe?	Vertragskündigungen	Contract terminations
de	ar_haniyeh_assassination_masoud_pezeshkian__associated_country__014__target__ar_haniyeh_assassination_masoud_pezeshkian_target_12__de__surface_002	ar_haniyeh_assassination_masoud_pezeshkian__associated_country__014__target__ar_haniyeh_assassination_masoud_pezeshkian_target_12__en__surface_002	source_aliases_not_translated	Welches Land wurde in Bezug auf den Tod von Ismail Haniyeh von der IRGC beschuldigt, Unterstützung geleistet zu haben?	Vereinigte Staaten	United States
de	ar_haniyeh_assassination_masoud_pezeshkian__associated_country__015__target__ar_haniyeh_assassination_masoud_pezeshkian_target_13__de__surface_001	ar_haniyeh_assassination_masoud_pezeshkian__associated_country__015__target__ar_haniyeh_assassination_masoud_pezeshkian_target_13__en__surface_001	source_aliases_not_translated	Welche Nation begann nach der Ermordung von Ismail Haniyya, den Iran mit Luftabwehrsystemen zu beliefern?	Russland	Russia
de	ar_haniyeh_assassination_masoud_pezeshkian__associated_country__004__neighbor__ar_haniyeh_assassination_masoud_pezeshkian_neighbor_13__de__surface_003	ar_haniyeh_assassination_masoud_pezeshkian__associated_country__004__neighbor__ar_haniyeh_assassination_masoud_pezeshkian_neighbor_13__en__surface_003	source_aliases_not_translated	Mit welcher Nation hat Masoud Pezeshkian den Vertrag über eine umfassende strategische Partnerschaft unterzeichnet?	Russland	Russia
de	ar_syrian_offensives_transitional_government__international_reaction__009__target__ar_syrian_offensives_transitional_government_target_target_reaction_6__de__surface_001	ar_syrian_offensives_transitional_government__international_reaction__009__target__ar_syrian_offensives_transitional_government_target_target_reaction_6__en__surface_001	source_aliases_not_translated	Welches Land bestritt offiziell jegliche Beteiligung an den Offensiven der syrischen Opposition 2024?	Vereinigte Staaten	United States
de	ar_syrian_offensives_transitional_government__international_reaction__009__target__ar_syrian_offensives_transitional_government_target_target_reaction_6__de__core	ar_syrian_offensives_transitional_government__international_reaction__009__target__ar_syrian_offensives_transitional_government_target_target_reaction_6__en__core	source_aliases_not_translated	Welches Land erklärte, nichts mit den Offensiven der syrischen Opposition 2024 zu tun zu haben?	Vereinigte Staaten	United States
de	bn_hasina_resignation_2026_election__significant_date__013__target__bn_hasina_resignation_2026_election_target_17__de__surface_001	bn_hasina_resignation_2026_election__significant_date__013__target__bn_hasina_resignation_2026_election_target_17__en__surface_001	source_aliases_not_translated	Wann begann Sheikh Hasina offiziell ihre erste Amtszeit als Premierministerin von Bangladesch?	23. Juni 1996	June 23, 1996
de	bn_hasina_resignation_2026_election__significant_date__015__neighbor__bn_hasina_resignation_2026_election_neighbor_19__de__core	bn_hasina_resignation_2026_election__significant_date__015__neighbor__bn_hasina_resignation_2026_election_neighbor_19__en__core	source_aliases_not_translated	An welchem Datum starb die ehemalige Premierministerin Khaleda Zia?	30. Dezember 2025	December 30, 2025
de	bn_hasina_resignation_2026_election__significant_date__012__neighbor__bn_hasina_resignation_2026_election_neighbor_16__de__surface_001	bn_hasina_resignation_2026_election__significant_date__012__neighbor__bn_hasina_resignation_2026_election_neighbor_16__en__surface_001	source_aliases_not_translated	Wann hielt Bangladesch seine Parlamentswahlen 2026 ab?	12. Februar 2026	February 12, 2026
de	ja_mof_protests_house_councillors__economic_policy_mentioned__010__target__ja_mof_protests_house_councillors_target_target_economic_policy_1__de__core	ja_mof_protests_house_councillors__economic_policy_mentioned__010__target__ja_mof_protests_house_councillors_target_target_economic_policy_1__en__core	source_aliases_not_translated	Die Senkung welcher wirtschaftspolitischen Maßnahme forderten die Demonstranten während der Proteste am Finanzministerium 2025?	Verbrauchssteuer	Consumption tax
de	ja_hyogo_gubernatorial_2025_ldp_presidential__candidate_background__002__neighbor__ja_hyogo_gubernatorial_2025_ldp_presidential_neighbor_neighbor_candidate_background_2__de__surface_003	ja_hyogo_gubernatorial_2025_ldp_presidential__candidate_background__002__neighbor__ja_hyogo_gubernatorial_2025_ldp_presidential_neighbor_neighbor_candidate_background_2__en__surface_003	backtranslated_answer_not_matched_by_heuristic	Als was arbeitete Shinjirō Koizumi vor seiner Teilnahme an der Präsidentschaftswahl der Liberaldemokratischen Partei 2025?	Landwirtschaftsminister	Minister of Agriculture
de	ja_hyogo_gubernatorial_2025_ldp_presidential__candidate_background__002__target__ja_hyogo_gubernatorial_2025_ldp_presidential_target_target_candidate_background_1__de__core	ja_hyogo_gubernatorial_2025_ldp_presidential__candidate_background__002__target__ja_hyogo_gubernatorial_2025_ldp_presidential_target_target_candidate_background_1__en__core	source_aliases_not_translated	Welches Amt hatte Motohiko Saitō vor der Gouverneurswahl in Hyogo 2024 inne?	Gouverneur	Governor
de	ja_hyogo_gubernatorial_2025_ldp_presidential__candidate_background__002__target__ja_hyogo_gubernatorial_2025_ldp_presidential_target_target_candidate_background_1__de__surface_001	ja_hyogo_gubernatorial_2025_ldp_presidential__candidate_background__002__target__ja_hyogo_gubernatorial_2025_ldp_presidential_target_target_candidate_background_1__en__surface_001	source_aliases_not_translated	Welches offizielle Amt hatte Motohiko Saitō vor der Gouverneurswahl in Hyogo 2024 inne?	Gouverneur	Governor
de	ja_hyuga_nada_earthquake_expo_pavilions__infrastructure_or_building_involved__014__target__ja_hyuga_nada_earthquake_expo_pavilions_target_target_infrastructure_2__de__core	ja_hyuga_nada_earthquake_expo_pavilions__infrastructure_or_building_involved__014__target__ja_hyuga_nada_earthquake_expo_pavilions_target_target_infrastructure_2__en__core	source_aliases_not_translated	Welche Infrastruktur in Nichinan wurde durch das Hyūga-nada-Erdbeben 2024 beschädigt?	Burgstadt Obi	Obi Castle Town
de	sw_tanzania_protests_general_election__event_date__015__neighbor__sw_tanzania_protests_general_election_neighbor_neighbor_date_4__de__surface_003	sw_tanzania_protests_general_election__event_date__015__neighbor__sw_tanzania_protests_general_election_neighbor_neighbor_date_4__en__surface_003	source_aliases_not_translated	An welchem Datum begann offiziell der Wahlkampf für die allgemeinen Wahlen in Tansania 2025?	28. August	August 28
de	sw_kenyan_protests_albert_ojwang__involved_organization__012__neighbor__sw_kenyan_protests_albert_ojwang_neighbor_neighbor_involved_organization_1__de__surface_002	sw_kenyan_protests_albert_ojwang__involved_organization__012__neighbor__sw_kenyan_protests_albert_ojwang_neighbor_neighbor_involved_organization_1__en__surface_002	backtranslated_answer_not_matched_by_heuristic	Welche Einrichtung forderte die Behörden nach dem Tod von Albert Ojwang auf, eine transparente Untersuchung durchzuführen?	US-Botschaft	US Embassy
de	th_political_crisis_same_sex_marriage__involved_organization__010__neighbor__th_political_crisis_same_sex_marriage_neighbor_th_same_sex_marriage_involved_organization_3__de__surface_001	th_political_crisis_same_sex_marriage__involved_organization__010__neighbor__th_political_crisis_same_sex_marriage_neighbor_th_same_sex_marriage_involved_organization_3__en__surface_001	source_aliases_not_translated	Nennen Sie die politische Partei, die einen der vom Parlament geprüften Gesetzentwürfe zur gleichgeschlechtlichen Ehe eingebracht hat.	Demokratische Partei	Democratic Party
de	th_cambodian_border_crisis_myanmar_earthquake__international_response_entity__001__target__th_cambodian_border_crisis_myanmar_earthquake_target_th_cambodian_border_crisis_org_1__de__core	th_cambodian_border_crisis_myanmar_earthquake__international_response_entity__001__target__th_cambodian_border_crisis_myanmar_earthquake_target_th_cambodian_border_crisis_org_1__en__core	source_aliases_not_translated	Welches Land vermittelte während der kambodschanisch-thailändischen Grenzkrise 2025 die Waffenstillstandsverhandlungen zwischen den kambodschanischen und thailändischen Staats- und Regierungschefs?	Malaysia	Malaysia
de	th_cambodian_border_crisis_myanmar_earthquake__international_response_entity__005__neighbor__th_cambodian_border_crisis_myanmar_earthquake_neighbor_myanmar_earthquake_org_1__de__surface_003	th_cambodian_border_crisis_myanmar_earthquake__international_response_entity__005__neighbor__th_cambodian_border_crisis_myanmar_earthquake_neighbor_myanmar_earthquake_org_1__en__surface_003	source_aliases_not_translated	Wer gab als Reaktion auf das Erdbeben in Myanmar 2025 93 Millionen Dollar an humanitärer Hilfe?	Vereinte Nationen	United Nations
de	zh_night_ride_kaifeng_henan_cuisine__involves_demographic__014__neighbor__zh_night_ride_kaifeng_henan_cuisine_neighbor_17__de__surface_001	zh_night_ride_kaifeng_henan_cuisine__involves_demographic__014__neighbor__zh_night_ride_kaifeng_henan_cuisine_neighbor_17__en__surface_001	backtranslated_answer_not_matched_by_heuristic	Die zeitgenössische Henan-Küche ist eine Mischung aus Stilen von Höfen, Märkten, Tempeln, Haushalten und welcher anderen sozialen Gruppe?	Familien der Oberschicht	Upper-class families
es	en_tesla_vandalism_doge__associated_legal_issue__009__neighbor__en_tesla_vandalism_doge_neighbor_neighbor_associated_legal_issue_2__es__core	en_tesla_vandalism_doge__associated_legal_issue__009__neighbor__en_tesla_vandalism_doge_neighbor_neighbor_associated_legal_issue_2__en__core	source_aliases_not_translated	¿Qué grave preocupación legal plantea el alcance del acceso a la información gubernamental por parte del Departamento de Eficiencia Gubernamental?	conflicto de intereses	conflict of interest
es	en_tesla_vandalism_doge__associated_legal_issue__010__target__en_tesla_vandalism_doge_target_target_associated_legal_issue_2__es__surface_001	en_tesla_vandalism_doge__associated_legal_issue__010__target__en_tesla_vandalism_doge_target_target_associated_legal_issue_2__en__surface_001	source_aliases_not_translated	¿Cómo clasificó legalmente el NYPD el vandalismo a Tesla de 2025 durante su investigación?	delito de odio	hate crime
es	ar_syrian_offensives_transitional_government__international_reaction__009__target__ar_syrian_offensives_transitional_government_target_target_reaction_6__es__surface_001	ar_syrian_offensives_transitional_government__international_reaction__009__target__ar_syrian_offensives_transitional_government_target_target_reaction_6__en__surface_001	source_aliases_not_translated	¿Qué nación negó oficialmente cualquier implicación en las ofensivas de la oposición siria de 2024?	Estados Unidos	United States
es	bn_anti_hindu_violence_national_citizen_party__target_demographic__002__neighbor__bn_anti_hindu_violence_national_citizen_party_neighbor_neighbor_target_demographic_2__es__surface_001	bn_anti_hindu_violence_national_citizen_party__target_demographic__002__neighbor__bn_anti_hindu_violence_national_citizen_party_neighbor_neighbor_target_demographic_2__en__surface_001	backtranslated_answer_not_matched_by_heuristic	¿A qué generación específica pertenecen las figuras clave y los líderes de las protestas del National Citizen Party?	Generación Z	Generation Z
es	bn_anti_hindu_violence_national_citizen_party__target_demographic__002__neighbor__bn_anti_hindu_violence_national_citizen_party_neighbor_neighbor_target_demographic_2__es__core	bn_anti_hindu_violence_national_citizen_party__target_demographic__002__neighbor__bn_anti_hindu_violence_national_citizen_party_neighbor_neighbor_target_demographic_2__en__core	backtranslated_answer_not_matched_by_heuristic	¿Qué grupo demográfico generacional incluye a los principales líderes de las protestas del Partido Ciudadano Nacional?	Generación Z	Generation Z
es	de_solingen_stabbing_magdeburg_attack__perpetrator_background_trait__001__neighbor__de_solingen_stabbing_magdeburg_attack_neighbor_de_magdeburg_attack_trait_2__es__core	de_solingen_stabbing_magdeburg_attack__perpetrator_background_trait__001__neighbor__de_solingen_stabbing_magdeburg_attack_neighbor_de_magdeburg_attack_trait_2__en__core	backtranslated_answer_not_matched_by_heuristic	¿Cómo describieron las autoridades alemanas el trasfondo ideológico del sospechoso del ataque con coche en Magdeburgo de 2024?	Islamófobo	Islamophobic
es	de_munich_car_attack_federal_election__involved_organization__003__target__de_munich_car_attack_federal_election_target_target_involved_organization_5__es__core	de_munich_car_attack_federal_election__involved_organization__003__target__de_munich_car_attack_federal_election_target_target_involved_organization_5__en__core	source_aliases_not_translated	¿A qué partido político pertenece el ministro del Interior de Baviera, Joachim Herrmann, quien respondió al ataque con coche en Múnich de 2025?	CSU	CSU
es	de_aschaffenburg_stabbing_merz_cabinet__participant_role__006__neighbor__de_aschaffenburg_stabbing_merz_cabinet_neighbor_neighbor_role_4__es__surface_002	de_aschaffenburg_stabbing_merz_cabinet__participant_role__006__neighbor__de_aschaffenburg_stabbing_merz_cabinet_neighbor_neighbor_role_4__en__surface_002	backtranslated_answer_not_matched_by_heuristic	¿En el gabinete de Merz, qué cargo ministerial ocupa Boris Pistorius?	Ministro de Defensa	Minister of Defense
es	es_venezuela_protests_presidential_election__involved_person__010__target__es_venezuela_protests_presidential_election_target_target_involved_person_2__es__surface_002	es_venezuela_protests_presidential_election__involved_person__010__target__es_venezuela_protests_presidential_election_target_target_involved_person_2__en__surface_002	backtranslated_answer_not_matched_by_heuristic	Nombra a una persona destacada asociada con las protestas por las elecciones presidenciales de Venezuela de 2024.	Edmundo González	Edmundo González
es	es_venezuela_protests_presidential_election__involved_organization__011__target__es_venezuela_protests_presidential_election_target_target_involved_organization_2__es__surface_003	es_venezuela_protests_presidential_election__involved_organization__011__target__es_venezuela_protests_presidential_election_target_target_involved_organization_2__en__surface_003	source_aliases_not_translated	Durante las protestas por las elecciones presidenciales de Venezuela de 2024, ¿qué organización estuvo involucrada?	Amnistía Internacional	Amnesty International
es	es_catatumbo_clashes_ecuador_election__key_figure__015__target__es_catatumbo_clashes_ecuador_election_target_target_key_figure_3__es__surface_002	es_catatumbo_clashes_ecuador_election__key_figure__015__target__es_catatumbo_clashes_ecuador_election_target_target_key_figure_3__en__surface_002	backtranslated_answer_not_matched_by_heuristic	Nombre a la persona que mantuvo conversaciones con su homólogo venezolano sobre la situación en Catatumbo.	Iván Velásquez Gómez	Iván Velásquez Gómez
es	ja_hyogo_gubernatorial_2025_ldp_presidential__candidate_background__010__neighbor__ja_hyogo_gubernatorial_2025_ldp_presidential_neighbor_neighbor_candidate_background_4__es__surface_002	ja_hyogo_gubernatorial_2025_ldp_presidential__candidate_background__010__neighbor__ja_hyogo_gubernatorial_2025_ldp_presidential_neighbor_neighbor_candidate_background_4__en__surface_002	backtranslated_answer_not_matched_by_heuristic	¿Qué cargo anterior tenía Takayuki Kobayashi antes de entrar en la carrera presidencial del PLD de 2025?	Ministro de Economía	Minister of Economy
es	ja_hyogo_gubernatorial_2025_ldp_presidential__candidate_background__010__target__ja_hyogo_gubernatorial_2025_ldp_presidential_target_target_candidate_background_5__es__core	ja_hyogo_gubernatorial_2025_ldp_presidential__candidate_background__010__target__ja_hyogo_gubernatorial_2025_ldp_presidential_target_target_candidate_background_5__en__core	backtranslated_answer_not_matched_by_heuristic	¿Qué cargo ocupaba Takashi Tachibana antes de postularse en las elecciones a gobernador de Hyogo de 2024?	líder del Partido NHK	leader of the NHK Party
es	ja_hyogo_gubernatorial_2025_ldp_presidential__candidate_background__010__neighbor__ja_hyogo_gubernatorial_2025_ldp_presidential_neighbor_neighbor_candidate_background_4__es__core	ja_hyogo_gubernatorial_2025_ldp_presidential__candidate_background__010__neighbor__ja_hyogo_gubernatorial_2025_ldp_presidential_neighbor_neighbor_candidate_background_4__en__core	backtranslated_answer_not_matched_by_heuristic	¿Qué cargo ocupaba Takayuki Kobayashi antes de postularse en las elecciones presidenciales del Partido Liberal Democrático de 2025?	Ministro de Economía	Minister of Economy
es	sw_tanzania_protests_general_election__casualty_report__006__target__sw_tanzania_protests_general_election_target_target_casualty_3__es__core	sw_tanzania_protests_general_election__casualty_report__006__target__sw_tanzania_protests_general_election_target_target_casualty_3__en__core	backtranslated_answer_not_matched_by_heuristic	¿Cuántas muertes en las protestas afirmó Chadema que habían ocurrido para el 5 de noviembre durante las protestas electorales de Tanzania de 2025?	2000	2000
es	sw_tanzania_protests_general_election__event_date__014__neighbor__sw_tanzania_protests_general_election_neighbor_neighbor_date_3__es__surface_003	sw_tanzania_protests_general_election__event_date__014__neighbor__sw_tanzania_protests_general_election_neighbor_neighbor_date_3__en__surface_003	source_aliases_not_translated	¿En qué fecha se le impidió a Luhaga Mpina, candidato de ACT, postularse en las elecciones generales de Tanzania de 2025?	15 de septiembre	September 15
es	sw_tanzania_protests_general_election__casualty_report__007__neighbor__sw_tanzania_protests_general_election_neighbor_neighbor_casualty_3__es__surface_003	sw_tanzania_protests_general_election__casualty_report__007__neighbor__sw_tanzania_protests_general_election_neighbor_neighbor_casualty_3__en__surface_003	backtranslated_answer_not_matched_by_heuristic	Para el 5 de noviembre, ¿qué número reportó Chadema que había alcanzado la cifra de muertos documentada de las protestas por las elecciones generales de Tanzania de 2025?	2000	2000
es	th_cambodian_border_crisis_myanmar_earthquake__international_response_entity__005__neighbor__th_cambodian_border_crisis_myanmar_earthquake_neighbor_myanmar_earthquake_org_1__es__core	th_cambodian_border_crisis_myanmar_earthquake__international_response_entity__005__neighbor__th_cambodian_border_crisis_myanmar_earthquake_neighbor_myanmar_earthquake_org_1__en__core	source_aliases_not_translated	¿Qué organización proporcionó 93 millones de dólares estadounidenses en ayuda humanitaria para el terremoto de Myanmar de 2025?	Naciones Unidas	United Nations
es	th_cambodian_border_crisis_myanmar_earthquake__international_response_entity__005__neighbor__th_cambodian_border_crisis_myanmar_earthquake_neighbor_myanmar_earthquake_org_1__es__surface_003	th_cambodian_border_crisis_myanmar_earthquake__international_response_entity__005__neighbor__th_cambodian_border_crisis_myanmar_earthquake_neighbor_myanmar_earthquake_org_1__en__surface_003	source_aliases_not_translated	¿Quién dio 93 millones de dólares en ayuda humanitaria en respuesta al terremoto de Myanmar de 2025?	Naciones Unidas	United Nations
es	th_cambodian_border_crisis_myanmar_earthquake__international_response_entity__005__neighbor__th_cambodian_border_crisis_myanmar_earthquake_neighbor_myanmar_earthquake_org_1__es__surface_001	th_cambodian_border_crisis_myanmar_earthquake__international_response_entity__005__neighbor__th_cambodian_border_crisis_myanmar_earthquake_neighbor_myanmar_earthquake_org_1__en__surface_001	source_aliases_not_translated	¿Qué organismo internacional proporcionó 93 millones de dólares en fondos de ayuda tras el terremoto de Myanmar de 2025?	Naciones Unidas	United Nations
es	zh_shenzhen_stabbing_wuxi_stabbing__aftermath_actions__011__neighbor__zh_shenzhen_stabbing_wuxi_stabbing_neighbor_neighbor_action_2__es__surface_001	zh_shenzhen_stabbing_wuxi_stabbing__aftermath_actions__011__neighbor__zh_shenzhen_stabbing_wuxi_stabbing_neighbor_neighbor_action_2__en__surface_001	backtranslated_answer_not_matched_by_heuristic	¿Cuál fue el destino de las ofrendas florales dejadas en memoria de las víctimas del apuñalamiento de Wuxi de 2024?	retiradas por seguridad	removed for security
es	zh_night_ride_kaifeng_henan_cuisine__involves_demographic__014__neighbor__zh_night_ride_kaifeng_henan_cuisine_neighbor_17__es__surface_002	zh_night_ride_kaifeng_henan_cuisine__involves_demographic__014__neighbor__zh_night_ride_kaifeng_henan_cuisine_neighbor_17__en__surface_002	backtranslated_answer_not_matched_by_heuristic	¿Qué grupo demográfico específico, además de los hogares, templos, mercados y cortes imperiales, influyó en el estilo culinario de la cocina moderna de Henan?	familias de clase alta	upper-class families
fr	en_brian_thompson_killing_luigi_mangione__legal_charges__004__neighbor__en_brian_thompson_killing_luigi_mangione_neighbor_neighbor_legal_charges_3__fr__surface_002	en_brian_thompson_killing_luigi_mangione__legal_charges__004__neighbor__en_brian_thompson_killing_luigi_mangione_neighbor_neighbor_legal_charges_3__en__surface_002	backtranslated_answer_not_matched_by_heuristic	L'acte d'accusation fédéral de Luigi Mangione incluait des chefs d'accusation pour quel crime ?	harcèlement	harassment
fr	ar_syrian_offensives_transitional_government__affiliated_faction__015__target__ar_syrian_offensives_transitional_government_target_target_faction_1__fr__surface_002	ar_syrian_offensives_transitional_government__affiliated_faction__015__target__ar_syrian_offensives_transitional_government_target_target_faction_1__en__surface_002	backtranslated_answer_not_matched_by_heuristic	Par quelle organisation les offensives de l'opposition syrienne de 2024 ont-elles été dirigées ?	Hayat Tahrir al-Cham	Hayat Tahrir al-Sham
fr	bn_hasina_resignation_2026_election__participant_organization__009__neighbor__bn_hasina_resignation_2026_election_neighbor_8__fr__surface_001	bn_hasina_resignation_2026_election__participant_organization__009__neighbor__bn_hasina_resignation_2026_election_neighbor_8__en__surface_001	source_aliases_not_translated	Quelle organisation a été interdite de prendre part à l'élection de 2026 au Bangladesh ?	Ligue Awami	Awami League
fr	bn_hasina_resignation_2026_election__significant_date__014__neighbor__bn_hasina_resignation_2026_election_neighbor_18__fr__surface_003	bn_hasina_resignation_2026_election__significant_date__014__neighbor__bn_hasina_resignation_2026_election_neighbor_18__en__surface_003	source_aliases_not_translated	À quelle date précise Sheikh Hasina a-t-elle été reconnue coupable de crimes de guerre par le Tribunal international des crimes ?	17 novembre 2025	November 17, 2025
fr	bn_hasina_resignation_2026_election__participant_organization__008__target__bn_hasina_resignation_2026_election_target_6__fr__surface_003	bn_hasina_resignation_2026_election__participant_organization__008__target__bn_hasina_resignation_2026_election_target_6__en__surface_003	source_aliases_not_translated	Nommez le parti politique que représente Sheikh Hasina.	Ligue Awami	Awami League
fr	bn_anti_hindu_violence_national_citizen_party__target_demographic__002__target__bn_anti_hindu_violence_national_citizen_party_target_target_target_demographic_2__fr__surface_003	bn_anti_hindu_violence_national_citizen_party__target_demographic__002__target__bn_anti_hindu_violence_national_citizen_party_target_target_target_demographic_2__en__surface_003	backtranslated_answer_not_matched_by_heuristic	Quel groupe démographique spécifique de musulmans a été documenté par le Bureau des droits de l'homme des Nations Unies comme victimes des violences anti-hindoues de 2024 au Bangladesh ?	Musulmans ahmadis	Ahmadi Muslims
fr	de_solingen_stabbing_magdeburg_attack__attack_location__015__target__de_solingen_stabbing_magdeburg_attack_target_de_solingen_stabbing_location_2__fr__core	de_solingen_stabbing_magdeburg_attack__attack_location__015__target__de_solingen_stabbing_magdeburg_attack_target_de_solingen_stabbing_location_2__en__core	source_aliases_not_translated	Dans quel État l'attaque au couteau de Solingen de 2024 s'est-elle produite ?	Rhénanie-du-Nord-Westphalie	North Rhine-Westphalia
fr	de_solingen_stabbing_magdeburg_attack__perpetrator_background_trait__001__neighbor__de_solingen_stabbing_magdeburg_attack_neighbor_de_magdeburg_attack_trait_2__fr__surface_001	de_solingen_stabbing_magdeburg_attack__perpetrator_background_trait__001__neighbor__de_solingen_stabbing_magdeburg_attack_neighbor_de_magdeburg_attack_trait_2__en__surface_001	backtranslated_answer_not_matched_by_heuristic	Quel terme spécifique les autorités ont-elles utilisé pour caractériser les préjugés de l'auteur de l'attaque à la voiture de Magdebourg en 2024 ?	Islamophobe	Islamophobic
fr	de_aschaffenburg_stabbing_merz_cabinet__participant_role__005__neighbor__de_aschaffenburg_stabbing_merz_cabinet_neighbor_neighbor_role_2__fr__surface_001	de_aschaffenburg_stabbing_merz_cabinet__participant_role__005__neighbor__de_aschaffenburg_stabbing_merz_cabinet_neighbor_neighbor_role_2__en__surface_001	backtranslated_answer_not_matched_by_heuristic	Quelle fonction politique occupe Markus Söder ?	Chef de la CSU	Leader of the CSU
fr	de_aschaffenburg_stabbing_merz_cabinet__participant_role__005__neighbor__de_aschaffenburg_stabbing_merz_cabinet_neighbor_neighbor_role_2__fr__surface_002	de_aschaffenburg_stabbing_merz_cabinet__participant_role__005__neighbor__de_aschaffenburg_stabbing_merz_cabinet_neighbor_neighbor_role_2__en__surface_002	backtranslated_answer_not_matched_by_heuristic	Quel est le titre officiel de Markus Söder ?	Chef de la CSU	Head of the CSU
fr	de_aschaffenburg_stabbing_merz_cabinet__participant_role__006__neighbor__de_aschaffenburg_stabbing_merz_cabinet_neighbor_neighbor_role_4__fr__surface_003	de_aschaffenburg_stabbing_merz_cabinet__participant_role__006__neighbor__de_aschaffenburg_stabbing_merz_cabinet_neighbor_neighbor_role_4__en__surface_003	backtranslated_answer_not_matched_by_heuristic	Quelle fonction Boris Pistorius occupe-t-il en tant que membre du cabinet Merz ?	Ministre de la Défense	Minister of Defense
fr	ja_hyogo_gubernatorial_2025_ldp_presidential__candidate_background__002__neighbor__ja_hyogo_gubernatorial_2025_ldp_presidential_neighbor_neighbor_candidate_background_2__fr__core	ja_hyogo_gubernatorial_2025_ldp_presidential__candidate_background__002__neighbor__ja_hyogo_gubernatorial_2025_ldp_presidential_neighbor_neighbor_candidate_background_2__en__core	backtranslated_answer_not_matched_by_heuristic	Quel poste occupait Shinjirō Koizumi avant de se présenter à l'élection présidentielle du Parti libéral-démocrate de 2025 ?	Ministre de l'Agriculture	Minister of Agriculture
fr	ja_hyuga_nada_earthquake_expo_pavilions__infrastructure_or_building_involved__004__neighbor__ja_hyuga_nada_earthquake_expo_pavilions_neighbor_neighbor_infrastructure_1__fr__surface_003	ja_hyuga_nada_earthquake_expo_pavilions__infrastructure_or_building_involved__004__neighbor__ja_hyuga_nada_earthquake_expo_pavilions_neighbor_neighbor_infrastructure_1__en__surface_003	backtranslated_answer_not_matched_by_heuristic	Nommez le pavillon de l'Expo 2025 dont les matériaux seront recyclés pour l'exposition verte de Yokohama.	pavillon des femmes	women's pavilion
fr	ja_hyuga_nada_earthquake_expo_pavilions__organization_involved__012__target__ja_hyuga_nada_earthquake_expo_pavilions_target_target_organization_2__fr__surface_003	ja_hyuga_nada_earthquake_expo_pavilions__organization_involved__012__target__ja_hyuga_nada_earthquake_expo_pavilions_target_target_organization_2__en__surface_003	source_aliases_not_translated	Nommez l'agence responsable de l'émission de l'avis « Informations supplémentaires sur le séisme de la fosse de Nankai » à la suite du séisme de Hyūga-nada de 2024.	Agence météorologique du Japon	Japan Meteorological Agency
fr	zh_shenzhen_stabbing_wuxi_stabbing__aftermath_actions__013__target__zh_shenzhen_stabbing_wuxi_stabbing_target_target_action_4__fr__surface_001	zh_shenzhen_stabbing_wuxi_stabbing__aftermath_actions__013__target__zh_shenzhen_stabbing_wuxi_stabbing_target_target_action_4__en__surface_001	backtranslated_answer_not_matched_by_heuristic	En réponse à l'attaque au couteau de Shenzhen en 2024, quelle mesure a été prise par les écoles japonaises de Guangzhou et de Pékin ?	arrêt des activités extrascolaires	suspension of extracurricular activities
fr	zh_zhuhai_car_attack_wuxi_stabbing__aftermath_response__015__target__zh_zhuhai_car_attack_wuxi_stabbing_target_zhuhai_aft_1__fr__surface_003	zh_zhuhai_car_attack_wuxi_stabbing__aftermath_response__015__target__zh_zhuhai_car_attack_wuxi_stabbing_target_zhuhai_aft_1__en__surface_003	backtranslated_answer_not_matched_by_heuristic	Quelle forme de contribution médicale de nombreux habitants ont-ils apportée dans les hôpitaux à la suite de l'attaque à la voiture de Zhuhai en 2024 ?	donner du sang	donating blood
ja	en_uk_riots_southport_stabbings__responding_official_or_politician__009__target__en_uk_riots_southport_stabbings_target_target_official_1__ja__surface_003	en_uk_riots_southport_stabbings__responding_official_or_politician__009__target__en_uk_riots_southport_stabbings_target_target_official_1__en__surface_003	source_aliases_not_translated	サウスポート刺傷事件の後、どのイギリスの政治指導者が現場に献花しましたか？	キア・スターマー	Keir Starmer
ja	en_uk_riots_southport_stabbings__responding_official_or_politician__009__target__en_uk_riots_southport_stabbings_target_target_official_1__ja__surface_002	en_uk_riots_southport_stabbings__responding_official_or_politician__009__target__en_uk_riots_southport_stabbings_target_target_official_1__en__surface_002	source_aliases_not_translated	刺傷事件の後、サウスポートで献花したイギリスの首相の名前を挙げてください。	キア・スターマー	Keir Starmer
ja	en_brian_thompson_killing_luigi_mangione__involved_legal_figures__015__target__en_brian_thompson_killing_luigi_mangione_target_target_involved_legal_figures_2__ja__surface_001	en_brian_thompson_killing_luigi_mangione__involved_legal_figures__015__target__en_brian_thompson_killing_luigi_mangione_target_target_involved_legal_figures_2__en__surface_001	source_aliases_not_translated	どの弁護士が弁護人としてルイジ・マンジオーネの代理人を務めましたか？	トーマス・ディッキー	Thomas Dickey
ja	en_brian_thompson_killing_luigi_mangione__associated_organizations__006__target__en_brian_thompson_killing_luigi_mangione_target_target_associated_organizations_2__ja__surface_003	en_brian_thompson_killing_luigi_mangione__associated_organizations__006__target__en_brian_thompson_killing_luigi_mangione_target_target_associated_organizations_2__en__surface_003	source_aliases_not_translated	ブライアン・トンプソン殺害事件の前に、容疑者がニューヨーク市へ移動するために利用したバス運行会社を答えてください。	グレイハウンド	Greyhound
ja	en_brian_thompson_killing_luigi_mangione__key_locations__013__neighbor__en_brian_thompson_killing_luigi_mangione_neighbor_neighbor_key_locations_3__ja__surface_003	en_brian_thompson_killing_luigi_mangione__key_locations__013__neighbor__en_brian_thompson_killing_luigi_mangione_neighbor_neighbor_key_locations_3__en__surface_003	source_aliases_not_translated	ルイジ・マンジオーネはどの都市にあるコリビングスペースに滞在していましたか？	ホノルル	Honolulu
ja	en_brian_thompson_killing_luigi_mangione__key_locations__011__neighbor__en_brian_thompson_killing_luigi_mangione_neighbor_neighbor_key_locations_2__ja__core	en_brian_thompson_killing_luigi_mangione__key_locations__011__neighbor__en_brian_thompson_killing_luigi_mangione_neighbor_neighbor_key_locations_2__en__core	source_aliases_not_translated	ルイジ・マンジョーネはどこで逮捕されましたか？	ペンシルベニア州アルトゥーナ	Altoona, Pennsylvania
ja	en_brian_thompson_killing_luigi_mangione__key_locations__011__target__en_brian_thompson_killing_luigi_mangione_target_target_key_locations_1__ja__surface_001	en_brian_thompson_killing_luigi_mangione__key_locations__011__target__en_brian_thompson_killing_luigi_mangione_target_target_key_locations_1__en__surface_001	source_aliases_not_translated	ブライアン・トンプソンの射殺事件は、具体的にどの地域で発生しましたか？	ミッドタウン・マンハッタン	Midtown Manhattan
ja	en_tesla_vandalism_doge__key_person__005__neighbor__en_tesla_vandalism_doge_neighbor_neighbor_key_person_3__ja__surface_002	en_tesla_vandalism_doge__key_person__005__neighbor__en_tesla_vandalism_doge_neighbor_neighbor_key_person_3__en__surface_002	source_aliases_not_translated	notify.govやその他の様々なシステムの管理者権限を要求した、新しいGSA長官の名前を答えてください。	トーマス・シェッド	Thomas Shedd
ja	en_tesla_vandalism_doge__key_person__005__target__en_tesla_vandalism_doge_target_target_key_person_2__ja__core	en_tesla_vandalism_doge__key_person__005__target__en_tesla_vandalism_doge_target_target_key_person_2__en__core	source_aliases_not_translated	2025年のテスラ破壊行為を国内テロと認定した司法長官は誰ですか？	パム・ボンディ	Pam Bondi
ja	en_tesla_vandalism_doge__associated_legal_issue__010__target__en_tesla_vandalism_doge_target_target_associated_legal_issue_2__ja__surface_001	en_tesla_vandalism_doge__associated_legal_issue__010__target__en_tesla_vandalism_doge_target_target_associated_legal_issue_2__en__surface_001	source_aliases_not_translated	NYPDは捜査において、2025年のテスラ破壊行為を法的にどのように分類しましたか？	ヘイトクライム	Hate crime
ja	en_tesla_vandalism_doge__employed_tactic__008__target__en_tesla_vandalism_doge_target_target_employed_tactic_2__ja__core	en_tesla_vandalism_doge__employed_tactic__008__target__en_tesla_vandalism_doge_target_target_employed_tactic_2__en__core	backtranslated_answer_not_matched_by_heuristic	ウィチタで、男がテスラ所有者の車両に対してどのような手口を使ったと報告されましたか？	鍵で傷をつけること	Scratching with a key
ja	en_tesla_vandalism_doge__affected_entity__011__neighbor__en_tesla_vandalism_doge_neighbor_neighbor_affected_entity_2__ja__surface_002	en_tesla_vandalism_doge__affected_entity__011__neighbor__en_tesla_vandalism_doge_neighbor_neighbor_affected_entity_2__en__surface_002	backtranslated_answer_not_matched_by_heuristic	政府を縮小するために、DOGEはどの特定の対象を削減することを計画していますか？	連邦政府職員	Federal government employees
ja	en_tesla_vandalism_doge__associated_legal_issue__009__neighbor__en_tesla_vandalism_doge_neighbor_neighbor_associated_legal_issue_2__ja__surface_001	en_tesla_vandalism_doge__associated_legal_issue__009__neighbor__en_tesla_vandalism_doge_neighbor_neighbor_associated_legal_issue_2__en__surface_001	source_aliases_not_translated	DOGEに与えられた政府情報へのアクセスの範囲によって、どのような具体的な法的問題が引き起こされますか？	利益相反	Conflict of interest
ja	en_tesla_vandalism_doge__associated_legal_issue__009__neighbor__en_tesla_vandalism_doge_neighbor_neighbor_associated_legal_issue_2__ja__core	en_tesla_vandalism_doge__associated_legal_issue__009__neighbor__en_tesla_vandalism_doge_neighbor_neighbor_associated_legal_issue_2__en__core	source_aliases_not_translated	政府効率化省による政府情報へのアクセスの範囲によって、どのような深刻な法的懸念が提起されていますか？	利益相反	Conflict of interest
ja	ar_haniyeh_assassination_masoud_pezeshkian__associated_person__009__neighbor__ar_haniyeh_assassination_masoud_pezeshkian_neighbor_3__ja__surface_001	ar_haniyeh_assassination_masoud_pezeshkian__associated_person__009__neighbor__ar_haniyeh_assassination_masoud_pezeshkian_neighbor_3__en__surface_001	source_aliases_not_translated	マスード・ペゼシュキアンは、どの人物の暗殺への対応として攻撃を指揮しましたか？	イスマイル・ハニヤ	Ismail Haniyeh
ja	ar_haniyeh_assassination_masoud_pezeshkian__associated_person__007__neighbor__ar_haniyeh_assassination_masoud_pezeshkian_neighbor_1__ja__surface_001	ar_haniyeh_assassination_masoud_pezeshkian__associated_person__007__neighbor__ar_haniyeh_assassination_masoud_pezeshkian_neighbor_1__en__surface_001	source_aliases_not_translated	1997年、マスウド・ペゼシュキアンはどの政治家の政権の一員となりましたか？	モハンマド・ハータミー	Mohammad Khatami
ja	ar_haniyeh_assassination_masoud_pezeshkian__associated_country__002__target__ar_haniyeh_assassination_masoud_pezeshkian_target_10__ja__surface_002	ar_haniyeh_assassination_masoud_pezeshkian__associated_country__002__target__ar_haniyeh_assassination_masoud_pezeshkian_target_10__en__surface_002	source_aliases_not_translated	10月7日の攻撃への対応として、ハマスの指導者を狙う計画を発表した国はどこですか？	イスラエル	Israel
ja	ar_haniyeh_assassination_masoud_pezeshkian__associated_country__003__target__ar_haniyeh_assassination_masoud_pezeshkian_target_11__ja__surface_002	ar_haniyeh_assassination_masoud_pezeshkian__associated_country__003__target__ar_haniyeh_assassination_masoud_pezeshkian_target_11__en__surface_002	source_aliases_not_translated	2019年以降、イスマイル・ハニヤの本拠地となった国はどこですか？	カタール	Qatar
ja	ar_haniyeh_assassination_masoud_pezeshkian__associated_person__011__target__ar_haniyeh_assassination_masoud_pezeshkian_target_5__ja__surface_001	ar_haniyeh_assassination_masoud_pezeshkian__associated_person__011__target__ar_haniyeh_assassination_masoud_pezeshkian_target_5__en__surface_001	source_aliases_not_translated	イスラエルによる暗殺の標的となったハマスの軍事指導者は誰ですか？	ムハンマド・デイフ	Mohammed Deif
ja	ar_haniyeh_assassination_masoud_pezeshkian__associated_country__015__target__ar_haniyeh_assassination_masoud_pezeshkian_target_13__ja__core	ar_haniyeh_assassination_masoud_pezeshkian__associated_country__015__target__ar_haniyeh_assassination_masoud_pezeshkian_target_13__en__core	source_aliases_not_translated	イスマイル・ハニヤの暗殺後、イランへの防空システムの供与を開始した国はどこですか？	ロシア	Russia
ja	ar_haniyeh_assassination_masoud_pezeshkian__associated_person__007__neighbor__ar_haniyeh_assassination_masoud_pezeshkian_neighbor_1__ja__surface_003	ar_haniyeh_assassination_masoud_pezeshkian__associated_person__007__neighbor__ar_haniyeh_assassination_masoud_pezeshkian_neighbor_1__en__surface_003	source_aliases_not_translated	マスウド・ペゼシュキアンが1997年に加わった政権を率いていたのは誰ですか？	モハンマド・ハータミー	Mohammad Khatami
ja	ar_haniyeh_assassination_masoud_pezeshkian__associated_person__011__neighbor__ar_haniyeh_assassination_masoud_pezeshkian_neighbor_5__ja__surface_003	ar_haniyeh_assassination_masoud_pezeshkian__associated_person__011__neighbor__ar_haniyeh_assassination_masoud_pezeshkian_neighbor_5__en__surface_003	source_aliases_not_translated	マスード・ペゼシュキアンが指揮した攻撃につながる暗殺の標的となった人物は誰ですか？	アッバス・ニルフルシャン	Abbas Nilforoushan
ja	ar_haniyeh_assassination_masoud_pezeshkian__associated_person__007__target__ar_haniyeh_assassination_masoud_pezeshkian_target_1__ja__core	ar_haniyeh_assassination_masoud_pezeshkian__associated_person__007__target__ar_haniyeh_assassination_masoud_pezeshkian_target_1__en__core	source_aliases_not_translated	イスマイル・ハニヤはどのイラン大統領の就任式に出席しましたか？	マスウド・ペゼシュキアン	Masoud Pezeshkian
ja	ar_lebanon_device_attacks_hq_strike__reaction_by_country_or_org__003__target__ar_lebanon_device_attacks_hq_strike_target_reaction_2__ja__surface_003	ar_lebanon_device_attacks_hq_strike__reaction_by_country_or_org__003__target__ar_lebanon_device_attacks_hq_strike_target_reaction_2__en__surface_003	source_aliases_not_translated	2024年のレバノン電子機器攻撃に対する反応として、それを「イスラエルのテロ」と表現した国名を挙げてください。	イラン	Iran
ja	ar_lebanon_device_attacks_hq_strike__reaction_by_country_or_org__005__target__ar_lebanon_device_attacks_hq_strike_target_reaction_4__ja__surface_001	ar_lebanon_device_attacks_hq_strike__reaction_by_country_or_org__005__target__ar_lebanon_device_attacks_hq_strike_target_reaction_4__en__surface_001	source_aliases_not_translated	2024年のレバノン電子機器攻撃の後、どの国がレバノン国民との連帯を表明する声明を出しましたか？	シリア	Syria
ja	ar_lebanon_device_attacks_hq_strike__reaction_by_country_or_org__007__target__ar_lebanon_device_attacks_hq_strike_target_reaction_6__ja__surface_001	ar_lebanon_device_attacks_hq_strike__reaction_by_country_or_org__007__target__ar_lebanon_device_attacks_hq_strike_target_reaction_6__en__surface_001	source_aliases_not_translated	2024年のレバノン電子機器攻撃を受けて、レバノンの主権を侵害するいかなる行為にも反対を表明した国はどこですか？	中国	China
ja	ar_lebanon_device_attacks_hq_strike__reaction_by_country_or_org__006__neighbor__ar_lebanon_device_attacks_hq_strike_neighbor_reaction_5__ja__core	ar_lebanon_device_attacks_hq_strike__reaction_by_country_or_org__006__neighbor__ar_lebanon_device_attacks_hq_strike_neighbor_reaction_5__en__core	source_aliases_not_translated	2024年のヒズボラ本部への攻撃に対し、全土で3日間の服喪を宣言して反応した国はどこですか？	イラク	Iraq
ja	ar_lebanon_device_attacks_hq_strike__reaction_by_country_or_org__006__target__ar_lebanon_device_attacks_hq_strike_target_reaction_5__ja__surface_002	ar_lebanon_device_attacks_hq_strike__reaction_by_country_or_org__006__target__ar_lebanon_device_attacks_hq_strike_target_reaction_5__en__surface_002	source_aliases_not_translated	2024年のレバノン電子機器攻撃の後、どの国の指導者がイスラエルを批判する反応を示しましたか？	トルコ	Turkey
ja	ar_lebanon_device_attacks_hq_strike__reaction_by_country_or_org__007__target__ar_lebanon_device_attacks_hq_strike_target_reaction_6__ja__surface_002	ar_lebanon_device_attacks_hq_strike__reaction_by_country_or_org__007__target__ar_lebanon_device_attacks_hq_strike_target_reaction_6__en__surface_002	source_aliases_not_translated	2024年のレバノン電子機器攻撃を受けて、レバノンの主権を侵害する行為への反対を公式に表明した国はどこですか？	中国	China
ja	ar_lebanon_device_attacks_hq_strike__location_of_event__010__neighbor__ar_lebanon_device_attacks_hq_strike_neighbor_location_3__ja__surface_001	ar_lebanon_device_attacks_hq_strike__location_of_event__010__neighbor__ar_lebanon_device_attacks_hq_strike_neighbor_location_3__en__surface_001	source_aliases_not_translated	2024年のヒズボラ本部空爆で攻撃を受けた郊外の名前は何ですか？	ダーヒエ	Dahieh
ja	ar_lebanon_device_attacks_hq_strike__reaction_by_country_or_org__007__neighbor__ar_lebanon_device_attacks_hq_strike_neighbor_reaction_6__ja__core	ar_lebanon_device_attacks_hq_strike__reaction_by_country_or_org__007__neighbor__ar_lebanon_device_attacks_hq_strike_neighbor_reaction_6__en__core	source_aliases_not_translated	2024年のヒズボラ本部攻撃に反応し、イスラエルによる暗殺を非難した国はどこですか？	ロシア	Russia
ja	ar_lebanon_device_attacks_hq_strike__reaction_by_country_or_org__004__target__ar_lebanon_device_attacks_hq_strike_target_reaction_3__ja__surface_003	ar_lebanon_device_attacks_hq_strike__reaction_by_country_or_org__004__target__ar_lebanon_device_attacks_hq_strike_target_reaction_3__en__surface_003	source_aliases_not_translated	2024年のレバノン電子機器攻撃に対し、レバノンの病院に医療支援を提供して対応したのはどこですか？	イラク	Iraq
ja	ar_syrian_offensives_transitional_government__key_event_date__014__neighbor__ar_syrian_offensives_transitional_government_neighbor_neighbor_date_2__ja__core	ar_syrian_offensives_transitional_government__key_event_date__014__neighbor__ar_syrian_offensives_transitional_government_neighbor_neighbor_date_2__en__core	source_aliases_not_translated	シリア・アラブ共和国憲法宣言がアル・シャラーによって批准されたのは何年何月何日ですか？	2025年3月13日	March 13, 2025
ja	ar_syrian_offensives_transitional_government__key_event_date__014__neighbor__ar_syrian_offensives_transitional_government_neighbor_neighbor_date_2__ja__surface_002	ar_syrian_offensives_transitional_government__key_event_date__014__neighbor__ar_syrian_offensives_transitional_government_neighbor_neighbor_date_2__en__surface_002	source_aliases_not_translated	アル・シャラーによるシリア・アラブ共和国憲法宣言の批准日はいつですか？	2025年3月13日	March 13, 2025
ja	ar_syrian_offensives_transitional_government__leadership_role__007__target__ar_syrian_offensives_transitional_government_target_target_leadership_3__ja__surface_002	ar_syrian_offensives_transitional_government__leadership_role__007__target__ar_syrian_offensives_transitional_government_target_target_leadership_3__en__surface_002	source_aliases_not_translated	2024年のシリア反体制派の攻勢の最中にダマスカスから逃亡した後、ロシア政府はどの重要人物に庇護を与えましたか？	バッシャール・アル＝アサド	Bashar al-Assad
ja	ar_syrian_offensives_transitional_government__international_reaction__003__neighbor__ar_syrian_offensives_transitional_government_neighbor_neighbor_reaction_2__ja__core	ar_syrian_offensives_transitional_government__international_reaction__003__neighbor__ar_syrian_offensives_transitional_government_neighbor_neighbor_reaction_2__en__core	source_aliases_not_translated	新たなシリア暫定政府の発表を歓迎した国はどこですか？	ヨルダン	Jordan
ja	ar_syrian_offensives_transitional_government__affiliated_faction__015__neighbor__ar_syrian_offensives_transitional_government_neighbor_neighbor_faction_3__ja__surface_002	ar_syrian_offensives_transitional_government__affiliated_faction__015__neighbor__ar_syrian_offensives_transitional_government_neighbor_neighbor_faction_3__en__surface_002	source_aliases_not_translated	アフマド・アル＝シャラアが国家の管理下に置くことに合意した機関を支配しているのは、何という組織ですか？	シリア民主軍	Syrian Democratic Forces
ja	ar_syrian_offensives_transitional_government__international_reaction__004__target__ar_syrian_offensives_transitional_government_target_target_reaction_3__ja__surface_001	ar_syrian_offensives_transitional_government__international_reaction__004__target__ar_syrian_offensives_transitional_government_target_target_reaction_3__en__surface_001	source_aliases_not_translated	2024年のシリア反体制派の攻勢に対し、それをシリアの主権侵害であるとみなして公式に反応した国はどこですか？	ロシア	Russia
ja	bn_noncooperation_interim_government__key_figures__011__neighbor__bn_noncooperation_interim_government_neighbor_neighbor_key_figures_4__ja__surface_001	bn_noncooperation_interim_government__key_figures__011__neighbor__bn_noncooperation_interim_government_neighbor_neighbor_key_figures_4__en__surface_001	source_aliases_not_translated	2024年8月に退陣し、インドへ移った首相は誰ですか？	シェイク・ハシナ	Sheikh Hasina
ja	bn_noncooperation_interim_government__key_figures__012__target__bn_noncooperation_interim_government_target_target_key_figures_5__ja__surface_001	bn_noncooperation_interim_government__key_figures__012__target__bn_noncooperation_interim_government_target_target_key_figures_5__en__surface_001	source_aliases_not_translated	2024年の非協力運動の後、暫定政府を率いる人物に選ばれたのは誰ですか？	ムハマド・ユヌス	Muhammad Yunus
ja	bn_noncooperation_interim_government__key_figures__010__target__bn_noncooperation_interim_government_target_target_key_figures_3__ja__core	bn_noncooperation_interim_government__key_figures__010__target__bn_noncooperation_interim_government_target_target_key_figures_3__en__core	source_aliases_not_translated	シャヒード・ミナールに集まった群衆に向けて演説し、運動の唯一の要求を発表したのは誰ですか？	ナヒド・イスラム	Nahid Islam
ja	bn_noncooperation_interim_government__key_figures__014__neighbor__bn_noncooperation_interim_government_neighbor_neighbor_key_figures_7__ja__surface_001	bn_noncooperation_interim_government__key_figures__014__neighbor__bn_noncooperation_interim_government_neighbor_neighbor_key_figures_7__en__surface_001	source_aliases_not_translated	ムハマド・ユヌスから関税の再考を求める個人的な手紙を受け取ったのは、どの大統領ですか？	ドナルド・トランプ	Donald Trump
ja	bn_noncooperation_interim_government__key_figures__012__neighbor__bn_noncooperation_interim_government_neighbor_neighbor_key_figures_5__ja__surface_001	bn_noncooperation_interim_government__key_figures__012__neighbor__bn_noncooperation_interim_government_neighbor_neighbor_key_figures_5__en__surface_001	source_aliases_not_translated	暫定政府で法務・司法・議会問題顧問の役職に就いていたのは誰ですか？	アシフ・ナズルル	Asif Nazrul
ja	bn_hasina_resignation_2026_election__participant_person__007__neighbor__bn_hasina_resignation_2026_election_neighbor_5__ja__surface_003	bn_hasina_resignation_2026_election__participant_person__007__neighbor__bn_hasina_resignation_2026_election_neighbor_5__en__surface_003	source_aliases_not_translated	現在、バングラデシュ・ジャマート・エ・イスラーミーのアミールの役職は誰が務めていますか？	シャフィクル・ラーマン	Shafiqur Rahman
ja	bn_hasina_resignation_2026_election__participant_person__004__neighbor__bn_hasina_resignation_2026_election_neighbor_1__ja__core	bn_hasina_resignation_2026_election__participant_person__004__neighbor__bn_hasina_resignation_2026_election_neighbor_1__en__core	source_aliases_not_translated	2026年の選挙でバングラデシュ民族主義党を圧勝に導いたのは誰ですか？	タリク・ラーマン	Tarique Rahman
ja	bn_hasina_resignation_2026_election__participant_person__007__neighbor__bn_hasina_resignation_2026_election_neighbor_5__ja__core	bn_hasina_resignation_2026_election__participant_person__007__neighbor__bn_hasina_resignation_2026_election_neighbor_5__en__core	source_aliases_not_translated	バングラデシュ・ジャマート・エ・イスラミのアミールは誰ですか？	シャフィクル・ラーマン	Shafiqur Rahman
ja	bn_hasina_resignation_2026_election__participant_organization__009__neighbor__bn_hasina_resignation_2026_election_neighbor_8__ja__surface_002	bn_hasina_resignation_2026_election__participant_organization__009__neighbor__bn_hasina_resignation_2026_election_neighbor_8__en__surface_002	source_aliases_not_translated	2026年のバングラデシュ総選挙への参加を禁止された政党名を挙げてください。	アワミ連盟	Awami League
ja	bn_hasina_resignation_2026_election__participant_organization__008__neighbor__bn_hasina_resignation_2026_election_neighbor_7__ja__surface_003	bn_hasina_resignation_2026_election__participant_organization__008__neighbor__bn_hasina_resignation_2026_election_neighbor_7__en__surface_003	source_aliases_not_translated	バングラデシュの2026年の選挙で、2番目に多くの議席を獲得した政治団体の名前を答えてください。	バングラデシュ・ジャマート・エ・イスラミ	Bangladesh Jamaat-e-Islami
ja	bn_hasina_resignation_2026_election__public_statement_maker__003__neighbor__bn_hasina_resignation_2026_election_neighbor_27__ja__surface_001	bn_hasina_resignation_2026_election__public_statement_maker__003__neighbor__bn_hasina_resignation_2026_election_neighbor_27__en__surface_001	source_aliases_not_translated	選挙へのアワミ連盟の参加に公に反対した人物は誰ですか？	ナヒド・イスラム	Nahid Islam
ja	bn_hasina_resignation_2026_election__significant_date__013__neighbor__bn_hasina_resignation_2026_election_neighbor_17__ja__surface_002	bn_hasina_resignation_2026_election__significant_date__013__neighbor__bn_hasina_resignation_2026_election_neighbor_17__en__surface_002	source_aliases_not_translated	アワミ連盟の禁止を要求する抗議活動が行われた日付はいつですか？	2025年4月9日	April 9, 2025
ja	bn_hasina_resignation_2026_election__significant_date__015__target__bn_hasina_resignation_2026_election_target_19__ja__core	bn_hasina_resignation_2026_election__significant_date__015__target__bn_hasina_resignation_2026_election_target_19__en__core	source_aliases_not_translated	シェイク・ハシナの辞任後、権力移行を管理するための暫定政権が発足したのは何年何月何日ですか？	2024年8月8日	August 8, 2024
ja	bn_hasina_resignation_2026_election__participant_person__006__neighbor__bn_hasina_resignation_2026_election_neighbor_3__ja__surface_002	bn_hasina_resignation_2026_election__participant_person__006__neighbor__bn_hasina_resignation_2026_election_neighbor_3__en__surface_002	source_aliases_not_translated	第12代ジャティヤ・シャングシャドを正式に解散させた人物の名前を挙げてください。	モハメド・シャハブディン	Mohammed Shahabuddin
ja	bn_hasina_resignation_2026_election__significant_date__013__neighbor__bn_hasina_resignation_2026_election_neighbor_17__ja__surface_003	bn_hasina_resignation_2026_election__significant_date__013__neighbor__bn_hasina_resignation_2026_election_neighbor_17__en__surface_003	source_aliases_not_translated	アワミ連盟の禁止を求める抗議活動は、具体的に何年何月何日に行われましたか？	2025年4月9日	April 9, 2025
ja	bn_anti_hindu_violence_national_citizen_party__associated_event__004__target__bn_anti_hindu_violence_national_citizen_party_target_target_associated_event_3__ja__core	bn_anti_hindu_violence_national_citizen_party__associated_event__004__target__bn_anti_hindu_violence_national_citizen_party_target_target_associated_event_3__en__core	backtranslated_answer_not_matched_by_heuristic	2024年7月に激しい反政府非協力運動へと変化した運動は何ですか？	クオータ制改革運動	Quota system reform movement
ja	bn_anti_hindu_violence_national_citizen_party__target_demographic__001__target__bn_anti_hindu_violence_national_citizen_party_target_target_target_demographic_1__ja__surface_002	bn_anti_hindu_violence_national_citizen_party__target_demographic__001__target__bn_anti_hindu_violence_national_citizen_party_target_target_target_demographic_1__en__surface_002	source_aliases_not_translated	シェイク・ハシナの辞任後、バングラデシュで発生した暴力事件の主な被害者は誰でしたか？	ヒンドゥー教徒	Hindus
ja	bn_anti_hindu_violence_national_citizen_party__commentator_or_reactor__003__target__bn_anti_hindu_violence_national_citizen_party_target_target_commentator_or_reactor_1__ja__core	bn_anti_hindu_violence_national_citizen_party__commentator_or_reactor__003__target__bn_anti_hindu_violence_national_citizen_party_target_target_commentator_or_reactor_1__en__core	source_aliases_not_translated	バングラデシュにおける宗教的少数派に対する暴力を非難する声明を書いたのは、どのアメリカの元大統領ですか？	ドナルド・トランプ	Donald Trump
ja	bn_anti_hindu_violence_national_citizen_party__target_demographic__002__neighbor__bn_anti_hindu_violence_national_citizen_party_neighbor_neighbor_target_demographic_2__ja__surface_003	bn_anti_hindu_violence_national_citizen_party__target_demographic__002__neighbor__bn_anti_hindu_violence_national_citizen_party_neighbor_neighbor_target_demographic_2__en__surface_003	backtranslated_answer_not_matched_by_heuristic	国民市民党に関連する抗議活動のリーダーたちは、どの世代に属していますか？	Z世代	Generation Z
ja	de_solingen_stabbing_magdeburg_attack__politician_responding__006__neighbor__de_solingen_stabbing_magdeburg_attack_neighbor_de_magdeburg_attack_politician_2__ja__surface_003	de_solingen_stabbing_magdeburg_attack__politician_responding__006__neighbor__de_solingen_stabbing_magdeburg_attack_neighbor_de_magdeburg_attack_politician_2__en__surface_003	source_aliases_not_translated	2024年のマクデブルク車突入事件の現場を訪れたのは、どのドイツ首相ですか？	オラフ・ショルツ	Olaf Scholz
ja	de_solingen_stabbing_magdeburg_attack__attack_location__015__target__de_solingen_stabbing_magdeburg_attack_target_de_solingen_stabbing_location_2__ja__surface_001	de_solingen_stabbing_magdeburg_attack__attack_location__015__target__de_solingen_stabbing_magdeburg_attack_target_de_solingen_stabbing_location_2__en__surface_001	source_aliases_not_translated	2024年のゾーリンゲン刺傷事件が発生したドイツの州の名前は何ですか？	ノルトライン＝ヴェストファーレン州	North Rhine-Westphalia
ja	de_solingen_stabbing_magdeburg_attack__perpetrator_background_trait__012__target__de_solingen_stabbing_magdeburg_attack_target_de_solingen_stabbing_trait_2__ja__core	de_solingen_stabbing_magdeburg_attack__perpetrator_background_trait__012__target__de_solingen_stabbing_magdeburg_attack_target_de_solingen_stabbing_trait_2__en__core	backtranslated_answer_not_matched_by_heuristic	2024年のゾーリンゲン刺傷事件の容疑者の動機となった思想的信念は何ですか？	急進的なイスラム主義	Radical Islamism
ja	de_solingen_stabbing_magdeburg_attack__perpetrator_background_trait__012__target__de_solingen_stabbing_magdeburg_attack_target_de_solingen_stabbing_trait_2__ja__surface_002	de_solingen_stabbing_magdeburg_attack__perpetrator_background_trait__012__target__de_solingen_stabbing_magdeburg_attack_target_de_solingen_stabbing_trait_2__en__surface_002	backtranslated_answer_not_matched_by_heuristic,source_aliases_not_translated	2024年のゾーリンゲン刺殺事件の襲撃犯は、具体的にどのような思想的背景を持っていると告発されましたか？	イスラム過激派	Islamic extremist
ja	de_munich_car_attack_federal_election__involved_person__011__target__de_munich_car_attack_federal_election_target_target_involved_person_4__ja__surface_001	de_munich_car_attack_federal_election__involved_person__011__target__de_munich_car_attack_federal_election_target_target_involved_person_4__en__surface_001	source_aliases_not_translated	2025年のミュンヘン車突入事件への対応に参加した人物は誰ですか？	フランク・ヴェルネケ	Frank Werneke
ja	de_munich_car_attack_federal_election__involved_person__009__neighbor__de_munich_car_attack_federal_election_neighbor_neighbor_involved_person_2__ja__surface_001	de_munich_car_attack_federal_election__involved_person__009__neighbor__de_munich_car_attack_federal_election_neighbor_neighbor_involved_person_2__en__surface_001	source_aliases_not_translated	2025年のドイツ連邦議会選挙で役割を果たした人物は誰ですか？	フリードリヒ・メルツ	Friedrich Merz
ja	de_munich_car_attack_federal_election__involved_organization__013__target__de_munich_car_attack_federal_election_target_target_involved_organization_2__ja__surface_002	de_munich_car_attack_federal_election__involved_organization__013__target__de_munich_car_attack_federal_election_target_target_involved_organization_2__en__surface_002	backtranslated_answer_not_matched_by_heuristic	2025年のミュンヘン車暴走事件への対応は、どの組織によって行われましたか？	バイエルン州警察	Bavarian State Police
ja	de_munich_car_attack_federal_election__involved_person__008__target__de_munich_car_attack_federal_election_target_target_involved_person_1__ja__surface_002	de_munich_car_attack_federal_election__involved_person__008__target__de_munich_car_attack_federal_election_target_target_involved_person_1__en__surface_002	backtranslated_answer_not_matched_by_heuristic	2025年のミュンヘン車突入事件で車を運転していた人物の名前を答えてください。	ファルハド・ヌーリ	Farhad Nouri
ja	de_munich_car_attack_federal_election__involved_person__010__target__de_munich_car_attack_federal_election_target_target_involved_person_3__ja__core	de_munich_car_attack_federal_election__involved_person__010__target__de_munich_car_attack_federal_election_target_target_involved_person_3__en__core	source_aliases_not_translated	2025年のミュンヘン車暴走事件への対応に関与したのは誰ですか？	ヨアヒム・ヘルマン	Joachim Herrmann
ja	de_munich_car_attack_federal_election__involved_organization__003__target__de_munich_car_attack_federal_election_target_target_involved_organization_5__ja__core	de_munich_car_attack_federal_election__involved_organization__003__target__de_munich_car_attack_federal_election_target_target_involved_organization_5__en__core	source_aliases_not_translated	2025年のミュンヘン車突入事件に対応したバイエルン州のヨアヒム・ヘルマン内務相は、どの政党に所属していますか？	CSU	CSU
ja	de_munich_car_attack_federal_election__involved_person__010__neighbor__de_munich_car_attack_federal_election_neighbor_neighbor_involved_person_3__ja__surface_001	de_munich_car_attack_federal_election__involved_person__010__neighbor__de_munich_car_attack_federal_election_neighbor_neighbor_involved_person_3__en__surface_001	source_aliases_not_translated	2025年のドイツ連邦議会選挙で役割を果たした政治家は誰ですか？	クリスティアン・リントナー	Christian Lindner
ja	de_munich_car_attack_federal_election__involved_organization__013__neighbor__de_munich_car_attack_federal_election_neighbor_neighbor_involved_organization_4__ja__surface_003	de_munich_car_attack_federal_election__involved_organization__013__neighbor__de_munich_car_attack_federal_election_neighbor_neighbor_involved_organization_4__en__surface_003	source_aliases_not_translated	2025年ドイツ連邦議会選挙には、どの特定の組織が参加しましたか？	FDP	FDP
ja	de_aschaffenburg_stabbing_merz_cabinet__participant__012__target__de_aschaffenburg_stabbing_merz_cabinet_target_target_participant_5__ja__surface_002	de_aschaffenburg_stabbing_merz_cabinet__participant__012__target__de_aschaffenburg_stabbing_merz_cabinet_target_target_participant_5__en__surface_002	source_aliases_not_translated	2025年の刺傷事件の追悼式の前に行われたアシャッフェンブルクでの政治集会を主導した人物の名前を挙げてください。	ビョルン・ヘッケ	Björn Höcke
ja	de_aschaffenburg_stabbing_merz_cabinet__participant__009__neighbor__de_aschaffenburg_stabbing_merz_cabinet_neighbor_neighbor_participant_2__ja__surface_003	de_aschaffenburg_stabbing_merz_cabinet__participant__009__neighbor__de_aschaffenburg_stabbing_merz_cabinet_neighbor_neighbor_participant_2__en__surface_003	source_aliases_not_translated	メルツ内閣が取って代わった内閣のリーダーの名前を答えてください。	オラフ・ショルツ	Olaf Scholz
ja	de_aschaffenburg_stabbing_merz_cabinet__participant_role__006__neighbor__de_aschaffenburg_stabbing_merz_cabinet_neighbor_neighbor_role_4__ja__surface_002	de_aschaffenburg_stabbing_merz_cabinet__participant_role__006__neighbor__de_aschaffenburg_stabbing_merz_cabinet_neighbor_neighbor_role_4__en__surface_002	backtranslated_answer_not_matched_by_heuristic	メルツ内閣において、ボリス・ピストリウスはどの大臣職に就いていますか？	国防大臣	Minister of Defense
ja	de_aschaffenburg_stabbing_merz_cabinet__participant__010__target__de_aschaffenburg_stabbing_merz_cabinet_target_target_participant_3__ja__surface_001	de_aschaffenburg_stabbing_merz_cabinet__participant__010__target__de_aschaffenburg_stabbing_merz_cabinet_target_target_participant_3__en__surface_001	source_aliases_not_translated	2025年のアシャッフェンブルク刺傷事件後、オマルザイが釈放される可能性は低いと述べたのはどの裁判官ですか？	カルステン・クレブス	Carsten Krebs
ja	de_aschaffenburg_stabbing_merz_cabinet__participant__008__target__de_aschaffenburg_stabbing_merz_cabinet_target_target_participant_1__ja__surface_001	de_aschaffenburg_stabbing_merz_cabinet__participant__008__target__de_aschaffenburg_stabbing_merz_cabinet_target_target_participant_1__en__surface_001	source_aliases_not_translated	2025年にアシャッフェンブルクで刺傷事件を実行した人物は誰ですか？	エナムッラー・オマルザイ	Enamullah Omarzai
ja	de_aschaffenburg_stabbing_merz_cabinet__participant__014__neighbor__de_aschaffenburg_stabbing_merz_cabinet_neighbor_neighbor_participant_7__ja__surface_001	de_aschaffenburg_stabbing_merz_cabinet__participant__014__neighbor__de_aschaffenburg_stabbing_merz_cabinet_neighbor_neighbor_participant_7__en__surface_001	source_aliases_not_translated	フリードリヒ・メルツの首相選出を正式に提案した人物は誰ですか？	フランク＝ヴァルター・シュタインマイヤー	Frank-Walter Steinmeier
ja	de_aschaffenburg_stabbing_merz_cabinet__participant__011__target__de_aschaffenburg_stabbing_merz_cabinet_target_target_participant_4__ja__surface_001	de_aschaffenburg_stabbing_merz_cabinet__participant__011__target__de_aschaffenburg_stabbing_merz_cabinet_target_target_participant_4__en__surface_001	source_aliases_not_translated	フランクフルト・ガルスで行われた、殺害された少年の追悼式に出席した人物は誰ですか？	マイク・ヨーゼフ	Mike Josef
ja	de_aschaffenburg_stabbing_merz_cabinet__participant__010__neighbor__de_aschaffenburg_stabbing_merz_cabinet_neighbor_neighbor_participant_3__ja__surface_001	de_aschaffenburg_stabbing_merz_cabinet__participant__010__neighbor__de_aschaffenburg_stabbing_merz_cabinet_neighbor_neighbor_participant_3__en__surface_001	source_aliases_not_translated	2018年から2021年まで在任したドイツの第4次内閣を率いた人物は誰ですか？	アンゲラ・メルケル	Angela Merkel
ja	es_venezuela_protests_presidential_election__involved_person__013__target__es_venezuela_protests_presidential_election_target_target_involved_person_4__ja__surface_003	es_venezuela_protests_presidential_election__involved_person__013__target__es_venezuela_protests_presidential_election_target_target_involved_person_4__en__surface_003	source_aliases_not_translated	2024年ベネズエラ大統領選挙の抗議活動に関連する主要人物を特定してください。	タレク・ウィリアム・サーブ	Tarek William Saab
ja	es_venezuela_protests_presidential_election__involved_person__014__target__es_venezuela_protests_presidential_election_target_target_involved_person_5__ja__surface_001	es_venezuela_protests_presidential_election__involved_person__014__target__es_venezuela_protests_presidential_election_target_target_involved_person_5__en__surface_001	source_aliases_not_translated	2024年ベネズエラ大統領選挙の抗議活動における主要人物を1人挙げてください。	ブラディミール・パドリーノ・ロペス	Vladimir Padrino López
ja	es_venezuela_protests_presidential_election__involved_person__009__neighbor__es_venezuela_protests_presidential_election_neighbor_neighbor_involved_person_2__ja__surface_003	es_venezuela_protests_presidential_election__involved_person__009__neighbor__es_venezuela_protests_presidential_election_neighbor_neighbor_involved_person_2__en__surface_003	source_aliases_not_translated	2024年のベネズエラ大統領選挙に関わる中心人物の一人は誰ですか？	エドムンド・ゴンサレス	Edmundo González
ja	es_venezuela_protests_presidential_election__involved_person__012__target__es_venezuela_protests_presidential_election_target_target_involved_person_3__ja__surface_001	es_venezuela_protests_presidential_election__involved_person__012__target__es_venezuela_protests_presidential_election_target_target_involved_person_3__en__surface_001	source_aliases_not_translated	2024年ベネズエラ大統領選挙の抗議活動に関与していることで知られる著名な人物は誰ですか？	マリア・コリナ・マチャド	Maria Corina Machado
ja	es_venezuela_protests_presidential_election__involved_person__013__neighbor__es_venezuela_protests_presidential_election_neighbor_neighbor_involved_person_3__ja__surface_002	es_venezuela_protests_presidential_election__involved_person__013__neighbor__es_venezuela_protests_presidential_election_neighbor_neighbor_involved_person_3__en__surface_002	source_aliases_not_translated	2024年ベネズエラ大統領選挙で役割を果たした主要人物は誰ですか？	マリア・コリナ・マチャド	Maria Corina Machado
ja	es_venezuela_protests_presidential_election__involved_person__009__neighbor__es_venezuela_protests_presidential_election_neighbor_neighbor_involved_person_2__ja__surface_002	es_venezuela_protests_presidential_election__involved_person__009__neighbor__es_venezuela_protests_presidential_election_neighbor_neighbor_involved_person_2__en__surface_002	source_aliases_not_translated	2024年のベネズエラ大統領選挙に関連する重要人物は誰ですか？	エドムンド・ゴンサレス	Edmundo González
ja	es_venezuela_crisis_uruguay_election__international_reaction_country__001__target__es_venezuela_crisis_uruguay_election_target_target_intl_reaction_1__ja__surface_001	es_venezuela_crisis_uruguay_election__international_reaction_country__001__target__es_venezuela_crisis_uruguay_election_target_target_intl_reaction_1__en__surface_001	source_aliases_not_translated	2024年のベネズエラ政治危機において、どの国がマドゥロの選挙での勝利を公式に承認しましたか？	キューバ	Cuba
ja	es_venezuela_crisis_uruguay_election__international_reaction_country__002__neighbor__es_venezuela_crisis_uruguay_election_neighbor_neighbor_intl_reaction_2__ja__surface_001	es_venezuela_crisis_uruguay_election__international_reaction_country__002__neighbor__es_venezuela_crisis_uruguay_election_neighbor_neighbor_intl_reaction_2__en__surface_001	source_aliases_not_translated	ルイス・イナシオ・ルーラ・ダ・シルヴァは、どの国を代表して2024年ウルグアイ総選挙でのオルシの勝利を祝福しましたか？	ブラジル	Brazil
ja	es_venezuela_crisis_uruguay_election__international_reaction_country__005__target__es_venezuela_crisis_uruguay_election_target_target_intl_reaction_5__ja__surface_002	es_venezuela_crisis_uruguay_election__international_reaction_country__005__target__es_venezuela_crisis_uruguay_election_target_target_intl_reaction_5__en__surface_002	source_aliases_not_translated	2024年のベネズエラ政治危機に関して、どの国の指導者が独裁の危険性を警告しましたか？	エクアドル	Ecuador
ja	es_venezuela_crisis_uruguay_election__international_reaction_country__003__target__es_venezuela_crisis_uruguay_election_target_target_intl_reaction_3__ja__core	es_venezuela_crisis_uruguay_election__international_reaction_country__003__target__es_venezuela_crisis_uruguay_election_target_target_intl_reaction_3__en__core	source_aliases_not_translated	2024年のベネズエラ政治危機において、マドゥロを選挙の勝者として承認し、祝福した国はどこですか？	ニカラグア	Nicaragua
ja	es_venezuela_crisis_uruguay_election__international_reaction_country__002__neighbor__es_venezuela_crisis_uruguay_election_neighbor_neighbor_intl_reaction_2__ja__surface_003	es_venezuela_crisis_uruguay_election__international_reaction_country__002__neighbor__es_venezuela_crisis_uruguay_election_neighbor_neighbor_intl_reaction_2__en__surface_003	source_aliases_not_translated	指導者であるルイス・イナシオ・ルーラ・ダ・シルヴァが、2024年ウルグアイ総選挙でのヤマンドゥ・オルシの勝利を公式に祝福した国名を答えてください。	ブラジル	Brazil
ja	es_venezuela_crisis_uruguay_election__international_reaction_country__004__target__es_venezuela_crisis_uruguay_election_target_target_intl_reaction_4__ja__surface_002	es_venezuela_crisis_uruguay_election__international_reaction_country__004__target__es_venezuela_crisis_uruguay_election_target_target_intl_reaction_4__en__surface_002	source_aliases_not_translated	2024年のベネズエラ政治危機において、大統領がCNEの発表した結果に最初に疑問を呈した外国はどこですか？	チリ	Chile
ja	es_venezuela_crisis_uruguay_election__international_reaction_country__005__neighbor__es_venezuela_crisis_uruguay_election_neighbor_neighbor_intl_reaction_5__ja__surface_001	es_venezuela_crisis_uruguay_election__international_reaction_country__005__neighbor__es_venezuela_crisis_uruguay_election_neighbor_neighbor_intl_reaction_5__en__surface_001	source_aliases_not_translated	シオマラ・カストロはどの国の大統領として、2024年のウルグアイ選挙でのオルシの勝利を祝福しましたか？	ホンジュラス	Honduras
ja	es_catatumbo_clashes_ecuador_election__key_figure__014__target__es_catatumbo_clashes_ecuador_election_target_target_key_figure_2__ja__core	es_catatumbo_clashes_ecuador_election__key_figure__014__target__es_catatumbo_clashes_ecuador_election_target_target_key_figure_2__en__core	source_aliases_not_translated	2025年のカタトゥンボでの衝突における民間人の死傷者と避難について報告したのは誰ですか？	ウィリアム・ビジャミサル・ラグアド	William Villamizar Laguado
ja	es_catatumbo_clashes_ecuador_election__location__003__target__es_catatumbo_clashes_ecuador_election_target_target_location_1__ja__surface_002	es_catatumbo_clashes_ecuador_election__location__003__target__es_catatumbo_clashes_ecuador_election_target_target_location_1__en__surface_002	source_aliases_not_translated	ELNとFARC反体制派が関与する2025年の衝突は、どの特定の地域で発生しましたか？	カタトゥンボ地域	Catatumbo region
ja	es_catatumbo_clashes_ecuador_election__location__001__target__es_catatumbo_clashes_ecuador_election_target_target_location_3__ja__surface_003	es_catatumbo_clashes_ecuador_election__location__001__target__es_catatumbo_clashes_ecuador_election_target_target_location_3__en__surface_003	backtranslated_answer_not_matched_by_heuristic	FARCのメンバーが武力衝突を避けるために降伏した場所はどこですか？	ティブ	Tibu
ja	es_catatumbo_clashes_ecuador_election__key_figure__014__target__es_catatumbo_clashes_ecuador_election_target_target_key_figure_2__ja__surface_002	es_catatumbo_clashes_ecuador_election__key_figure__014__target__es_catatumbo_clashes_ecuador_election_target_target_key_figure_2__en__surface_002	source_aliases_not_translated	2025年のカタトゥンボ衝突における避難と民間人の死傷者について発言した人物の名前を挙げてください。	ウィリアム・ビジャミサル・ラグアド	William Villamizar Laguado
ja	es_catatumbo_clashes_ecuador_election__location__004__target__es_catatumbo_clashes_ecuador_election_target_target_location_5__ja__surface_002	es_catatumbo_clashes_ecuador_election__location__004__target__es_catatumbo_clashes_ecuador_election_target_target_location_5__en__surface_002	source_aliases_not_translated	2025年のカタトゥンボの衝突から避難してきた数千人の人々を受け入れた都市はどこですか？	ククタ	Cúcuta
ja	es_catatumbo_clashes_ecuador_election__location__003__target__es_catatumbo_clashes_ecuador_election_target_target_location_1__ja__core	es_catatumbo_clashes_ecuador_election__location__003__target__es_catatumbo_clashes_ecuador_election_target_target_location_1__en__core	source_aliases_not_translated	2025年のELNとFARC反体制派の間の衝突はどこで発生しましたか？	カタトゥンボ地域	Catatumbo region
ja	fr_olympics_opening_closing_ceremony__dignitary_present__009__neighbor__fr_olympics_opening_closing_ceremony_neighbor_neighbor_dignitary_present_2__ja__surface_002	fr_olympics_opening_closing_ceremony__dignitary_present__009__neighbor__fr_olympics_opening_closing_ceremony_neighbor_neighbor_dignitary_present_2__en__surface_002	source_aliases_not_translated	2024年夏季オリンピックの閉会式に出席してスピーチを行ったCOJOP2024会長の名前を答えてください。	トニー・エスタンゲ	Tony Estanguet
ja	fr_olympics_opening_closing_ceremony__athlete_participant__015__target__fr_olympics_opening_closing_ceremony_target_target_athlete_participant_4__ja__surface_002	fr_olympics_opening_closing_ceremony__athlete_participant__015__target__fr_olympics_opening_closing_ceremony_target_target_athlete_participant_4__en__surface_002	source_aliases_not_translated	2024年夏季大会の開会式で、オリンピック聖火台への点火に携わったスポーツ選手の名前を答えてください。	テディ・リネール	Teddy Riner
ja	fr_olympics_opening_closing_ceremony__dignitary_present__010__neighbor__fr_olympics_opening_closing_ceremony_neighbor_neighbor_dignitary_present_4__ja__core	fr_olympics_opening_closing_ceremony__dignitary_present__010__neighbor__fr_olympics_opening_closing_ceremony_neighbor_neighbor_dignitary_present_4__en__core	source_aliases_not_translated	2024年夏季オリンピックの閉会式でオリンピック旗を受け取ったのは、どのロサンゼルス市長ですか？	カレン・バス	Karen Bass
ja	fr_olympics_opening_closing_ceremony__athlete_participant__013__target__fr_olympics_opening_closing_ceremony_target_target_athlete_participant_2__ja__surface_002	fr_olympics_opening_closing_ceremony__athlete_participant__013__target__fr_olympics_opening_closing_ceremony_target_target_athlete_participant_2__en__surface_002	source_aliases_not_translated	2024年夏季オリンピックの開会式でオリンピックの聖火を持った人物の名前を答えてください。	ラファエル・ナダル	Rafael Nadal
ja	fr_imane_khelif_olympic_boxing__location_or_venue__009__neighbor__fr_imane_khelif_olympic_boxing_neighbor_17__ja__surface_003	fr_imane_khelif_olympic_boxing__location_or_venue__009__neighbor__fr_imane_khelif_olympic_boxing_neighbor_17__en__surface_003	source_aliases_not_translated	2024年夏季大会のボクシング予選に使用されたアリーナの名前を答えてください。	アリーナ・パリ・ノール	Arena Paris Nord
ja	ja_hyogo_gubernatorial_2025_ldp_presidential__candidate_background__012__neighbor__ja_hyogo_gubernatorial_2025_ldp_presidential_neighbor_neighbor_candidate_background_1__ja__surface_001	ja_hyogo_gubernatorial_2025_ldp_presidential__candidate_background__012__neighbor__ja_hyogo_gubernatorial_2025_ldp_presidential_neighbor_neighbor_candidate_background_1__en__surface_001	backtranslated_answer_not_matched_by_heuristic	2025年の自由民主党総裁選挙に立候補する前、高市早苗はどのような役職に就いていましたか？	経済安全保障担当大臣	Minister for Economic Security
ja	ja_hyogo_gubernatorial_2025_ldp_presidential__candidate_background__012__neighbor__ja_hyogo_gubernatorial_2025_ldp_presidential_neighbor_neighbor_candidate_background_1__ja__surface_002	ja_hyogo_gubernatorial_2025_ldp_presidential__candidate_background__012__neighbor__ja_hyogo_gubernatorial_2025_ldp_presidential_neighbor_neighbor_candidate_background_1__en__surface_002	backtranslated_answer_not_matched_by_heuristic	2025年の自民党総裁選に出馬する前の高市早苗の役職は何でしたか？	経済安全保障担当大臣	Minister for Economic Security
ja	ja_hyogo_gubernatorial_2025_ldp_presidential__candidate_background__002__neighbor__ja_hyogo_gubernatorial_2025_ldp_presidential_neighbor_neighbor_candidate_background_2__ja__surface_001	ja_hyogo_gubernatorial_2025_ldp_presidential__candidate_background__002__neighbor__ja_hyogo_gubernatorial_2025_ldp_presidential_neighbor_neighbor_candidate_background_2__en__surface_001	backtranslated_answer_not_matched_by_heuristic	2025年の自由民主党総裁選挙に立候補する前、小泉進次郎の役職は何でしたか？	農林水産大臣	Minister of Agriculture, Forestry and Fisheries
ja	ja_hyuga_nada_earthquake_expo_pavilions__organization_involved__012__target__ja_hyuga_nada_earthquake_expo_pavilions_target_target_organization_2__ja__core	ja_hyuga_nada_earthquake_expo_pavilions__organization_involved__012__target__ja_hyuga_nada_earthquake_expo_pavilions_target_target_organization_2__en__core	source_aliases_not_translated	2024年の日向灘地震の発生後、「南海トラフ地震臨時情報」を発表した機関はどこですか？	気象庁	Japan Meteorological Agency
ja	ja_hyuga_nada_earthquake_expo_pavilions__cancelled_or_delayed_entity__006__target__ja_hyuga_nada_earthquake_expo_pavilions_target_target_cancelled_2__ja__core	ja_hyuga_nada_earthquake_expo_pavilions__cancelled_or_delayed_entity__006__target__ja_hyuga_nada_earthquake_expo_pavilions_target_target_cancelled_2__en__core	backtranslated_answer_not_matched_by_heuristic	2024年の日向灘地震の注意報を受けて、9,400人以上が参加をキャンセルしたイベントは何ですか？	よさこい祭り	Yosakoi Festival
ja	ja_hyuga_nada_earthquake_expo_pavilions__organization_involved__012__neighbor__ja_hyuga_nada_earthquake_expo_pavilions_neighbor_neighbor_organization_1__ja__core	ja_hyuga_nada_earthquake_expo_pavilions__organization_involved__012__neighbor__ja_hyuga_nada_earthquake_expo_pavilions_neighbor_neighbor_organization_1__en__core	source_aliases_not_translated	2025年万博のタイプXパビリオンを建設した組織はどこですか？	万博協会	Expo Association
ja	ja_hyuga_nada_earthquake_expo_pavilions__affected_or_involved_region__007__neighbor__ja_hyuga_nada_earthquake_expo_pavilions_neighbor_neighbor_affected_region_3__ja__surface_002	ja_hyuga_nada_earthquake_expo_pavilions__affected_or_involved_region__007__neighbor__ja_hyuga_nada_earthquake_expo_pavilions_neighbor_neighbor_affected_region_3__en__surface_002	source_aliases_not_translated	2025年の万博への参加を取りやめた国はどこですか？	エストニア	Estonia
ja	ja_hyuga_nada_earthquake_expo_pavilions__organization_involved__012__target__ja_hyuga_nada_earthquake_expo_pavilions_target_target_organization_2__ja__surface_003	ja_hyuga_nada_earthquake_expo_pavilions__organization_involved__012__target__ja_hyuga_nada_earthquake_expo_pavilions_target_target_organization_2__en__surface_003	source_aliases_not_translated	2024年の日向灘地震の発生後、「南海トラフ地震臨時情報」を発表した機関名を答えてください。	気象庁	Japan Meteorological Agency
ja	sw_goma_offensive_drc_rwanda_peace__involved_country__007__neighbor__sw_goma_offensive_drc_rwanda_peace_neighbor_neighbor_card_5__ja__surface_003	sw_goma_offensive_drc_rwanda_peace__involved_country__007__neighbor__sw_goma_offensive_drc_rwanda_peace_neighbor_neighbor_card_5__en__surface_003	source_aliases_not_translated	2025年のコンゴ民主共和国・ルワンダ和平協定の調停を強化するための会議を主催した国はどこですか？	トーゴ	Togo
ja	sw_goma_offensive_drc_rwanda_peace__involved_country__005__target__sw_goma_offensive_drc_rwanda_peace_target_target_card_1__ja__surface_003	sw_goma_offensive_drc_rwanda_peace__involved_country__005__target__sw_goma_offensive_drc_rwanda_peace_target_target_card_1__en__surface_003	source_aliases_not_translated	2025年のゴマ攻勢の支援国はどこですか？	ルワンダ	Rwanda
ja	sw_goma_offensive_drc_rwanda_peace__involved_armed_group__008__neighbor__sw_goma_offensive_drc_rwanda_peace_neighbor_neighbor_card_11__ja__surface_001	sw_goma_offensive_drc_rwanda_peace__involved_armed_group__008__neighbor__sw_goma_offensive_drc_rwanda_peace_neighbor_neighbor_card_11__en__surface_001	source_aliases_not_translated	停戦を終わらせた、北キブ州でのM23の攻勢の標的となった民兵組織の名前は何ですか？	ワザレンド	Wazalendo
ja	sw_goma_offensive_drc_rwanda_peace__involved_country__006__neighbor__sw_goma_offensive_drc_rwanda_peace_neighbor_neighbor_card_2__ja__core	sw_goma_offensive_drc_rwanda_peace__involved_country__006__neighbor__sw_goma_offensive_drc_rwanda_peace_neighbor_neighbor_card_2__en__core	source_aliases_not_translated	コンゴ民主共和国との紛争を終結させるための2025年の和平協定に署名した国はどこですか？	ルワンダ	Rwanda
ja	sw_goma_offensive_drc_rwanda_peace__key_date__015__neighbor__sw_goma_offensive_drc_rwanda_peace_neighbor_neighbor_card_28__ja__surface_001	sw_goma_offensive_drc_rwanda_peace__key_date__015__neighbor__sw_goma_offensive_drc_rwanda_peace_neighbor_neighbor_card_28__en__surface_001	source_aliases_not_translated	地域経済統合枠組みがDRCとルワンダによって署名されたのはいつですか？	11月7日	November 7
ja	sw_goma_offensive_drc_rwanda_peace__key_date__015__target__sw_goma_offensive_drc_rwanda_peace_target_target_card_25__ja__core	sw_goma_offensive_drc_rwanda_peace__key_date__015__target__sw_goma_offensive_drc_rwanda_peace_target_target_card_25__en__core	source_aliases_not_translated	2025年のゴマ攻勢で、M23がサケの町を制圧したのは何月何日ですか？	1月23日	January 23
ja	sw_goma_offensive_drc_rwanda_peace__key_figure__011__neighbor__sw_goma_offensive_drc_rwanda_peace_neighbor_neighbor_card_14__ja__core	sw_goma_offensive_drc_rwanda_peace__key_figure__011__neighbor__sw_goma_offensive_drc_rwanda_peace_neighbor_neighbor_card_14__en__core	source_aliases_not_translated	ルワンダの外務大臣としてワシントン和平合意に署名したのは誰ですか？	オリヴィエ・ンドゥフンギレヘ	Olivier Nduhungirehe
ja	sw_goma_offensive_drc_rwanda_peace__key_figure__011__neighbor__sw_goma_offensive_drc_rwanda_peace_neighbor_neighbor_card_14__ja__surface_003	sw_goma_offensive_drc_rwanda_peace__key_figure__011__neighbor__sw_goma_offensive_drc_rwanda_peace_neighbor_neighbor_card_14__en__surface_003	source_aliases_not_translated	ワシントン和平合意は、ルワンダのどの外務大臣によって署名されましたか？	オリヴィエ・ンドゥフンギレヘ	Olivier Nduhungirehe
ja	sw_goma_offensive_drc_rwanda_peace__key_date__015__neighbor__sw_goma_offensive_drc_rwanda_peace_neighbor_neighbor_card_28__ja__surface_002	sw_goma_offensive_drc_rwanda_peace__key_date__015__neighbor__sw_goma_offensive_drc_rwanda_peace_neighbor_neighbor_card_28__en__surface_002	source_aliases_not_translated	コンゴ民主共和国とルワンダの間で地域経済統合枠組みが署名されたのは何月何日ですか？	11月7日	November 7
ja	sw_tanzania_protests_general_election__involved_organization__001__target__sw_tanzania_protests_general_election_target_target_org_4__ja__surface_002	sw_tanzania_protests_general_election__involved_organization__001__target__sw_tanzania_protests_general_election_target_target_org_4__en__surface_002	source_aliases_not_translated	選挙後の情勢不安の結果、どの航空会社がダルエスサラームの発着便を停止しましたか？	エミレーツ	Emirates
ja	sw_kenyan_protests_albert_ojwang__police_officer_involved__006__target__sw_kenyan_protests_albert_ojwang_target_target_police_officer_involved_1__ja__surface_003	sw_kenyan_protests_albert_ojwang__police_officer_involved__006__target__sw_kenyan_protests_albert_ojwang_target_target_police_officer_involved_1__en__surface_003	source_aliases_not_translated	アルバート・オモンディ・オジュワンの投稿は、どの警察副長官に向けられたものでしたか？	エリウド・ラガト	Eliud Lagat
ja	sw_kenyan_protests_albert_ojwang__involved_organization__012__neighbor__sw_kenyan_protests_albert_ojwang_neighbor_neighbor_involved_organization_1__ja__surface_002	sw_kenyan_protests_albert_ojwang__involved_organization__012__neighbor__sw_kenyan_protests_albert_ojwang_neighbor_neighbor_involved_organization_1__en__surface_002	backtranslated_answer_not_matched_by_heuristic	アルバート・オジュワンの死を受けて、当局に透明性のある調査を行うよう求めた機関はどれですか？	アメリカ大使館	American Embassy
ja	sw_kenyan_protests_albert_ojwang__involved_person__009__target__sw_kenyan_protests_albert_ojwang_target_target_involved_person_3__ja__surface_001	sw_kenyan_protests_albert_ojwang__involved_person__009__target__sw_kenyan_protests_albert_ojwang_target_target_involved_person_3__en__surface_001	source_aliases_not_translated	1,500人のケニア人が逮捕されたと述べた内務長官は誰ですか？	キプチュンバ・ムルコメン	Kipchumba Murkomen
ja	sw_kenyan_protests_albert_ojwang__involved_person__008__target__sw_kenyan_protests_albert_ojwang_target_target_involved_person_1__ja__surface_003	sw_kenyan_protests_albert_ojwang__involved_person__008__target__sw_kenyan_protests_albert_ojwang_target_target_involved_person_1__en__surface_003	source_aliases_not_translated	2025年のケニアの抗議デモは、誰の大統領政権下で発生しましたか？	ウィリアム・ルト	William Ruto
ja	sw_kenyan_protests_albert_ojwang__police_officer_involved__006__target__sw_kenyan_protests_albert_ojwang_target_target_police_officer_involved_1__ja__surface_002	sw_kenyan_protests_albert_ojwang__police_officer_involved__006__target__sw_kenyan_protests_albert_ojwang_target_target_police_officer_involved_1__en__surface_002	source_aliases_not_translated	アルバート・オモンディ・オジュワンによる批判的な投稿の対象となった警察幹部の名前を答えてください。	エリウド・ラガット	Eliud Lagat
ja	sw_kenyan_protests_albert_ojwang__involved_person__011__target__sw_kenyan_protests_albert_ojwang_target_target_involved_person_5__ja__core	sw_kenyan_protests_albert_ojwang__involved_person__011__target__sw_kenyan_protests_albert_ojwang_target_target_involved_person_5__en__core	backtranslated_answer_not_matched_by_heuristic	2025年のケニアの抗議デモの際、自宅で流れ弾によって死亡した12歳の少女は誰ですか？	ブリジット・ンジョキ	Bridget Njoki
ja	sw_kenyan_protests_albert_ojwang__involved_organization__012__neighbor__sw_kenyan_protests_albert_ojwang_neighbor_neighbor_involved_organization_1__ja__surface_001	sw_kenyan_protests_albert_ojwang__involved_organization__012__neighbor__sw_kenyan_protests_albert_ojwang_neighbor_neighbor_involved_organization_1__en__surface_001	backtranslated_answer_not_matched_by_heuristic	アルバート・オジュワンの死の経緯について、透明性のある調査を要求した在外公館はどこですか？	米国大使館	US Embassy
ja	th_political_crisis_same_sex_marriage__key_figure__008__neighbor__th_political_crisis_same_sex_marriage_neighbor_th_same_sex_marriage_key_figure_5__ja__surface_003	th_political_crisis_same_sex_marriage__key_figure__008__neighbor__th_political_crisis_same_sex_marriage_neighbor_th_same_sex_marriage_key_figure_5__en__surface_003	source_aliases_not_translated	結婚平等法の公布は、ソーシャルメディア上でどの首相によって歓迎されましたか？	ペートンターン・シナワット	Paetongtarn Shinawatra
ja	th_political_crisis_same_sex_marriage__key_figure__008__target__th_political_crisis_same_sex_marriage_target_th_political_crisis_2025_key_figure_5__ja__surface_003	th_political_crisis_same_sex_marriage__key_figure__008__target__th_political_crisis_same_sex_marriage_target_th_political_crisis_2025_key_figure_5__en__surface_003	source_aliases_not_translated	2025年のタイの政治危機において、人民党は誰によって率いられていますか？	ナッタポン・ルアンパンヤウット	Natthaphong Ruengpanyawut
ja	th_political_crisis_same_sex_marriage__key_figure__007__neighbor__th_political_crisis_same_sex_marriage_neighbor_th_same_sex_marriage_key_figure_4__ja__core	th_political_crisis_same_sex_marriage__key_figure__007__neighbor__th_political_crisis_same_sex_marriage_neighbor_th_same_sex_marriage_key_figure_4__en__core	backtranslated_answer_not_matched_by_heuristic,source_aliases_not_translated	2020年6月に同性婚を合法化する法案を提出した前進党の議員は誰ですか？	タンヤワット・カモンウォンワット	Tunyawaj Kamolwongwat
ja	th_political_crisis_same_sex_marriage__key_figure__007__target__th_political_crisis_same_sex_marriage_target_th_political_crisis_2025_key_figure_4__ja__core	th_political_crisis_same_sex_marriage__key_figure__007__target__th_political_crisis_same_sex_marriage_target_th_political_crisis_2025_key_figure_4__en__core	source_aliases_not_translated	2023年のタイ総選挙後に発足した連立政権を、解任されるまで率いていたのは誰ですか？	セター・タウィーシン	Srettha Thavisin
ja	th_political_crisis_same_sex_marriage__involved_organization__010__target__th_political_crisis_same_sex_marriage_target_th_political_crisis_2025_involved_organization_1__ja__surface_003	th_political_crisis_same_sex_marriage__involved_organization__010__target__th_political_crisis_same_sex_marriage_target_th_political_crisis_2025_involved_organization_1__en__surface_003	source_aliases_not_translated	2025年6月の電話音声流出を受けて、与党連立から離脱した政党の名前を答えてください。	プームチャイタイ党	Bhumjaithai Party
ja	th_political_crisis_same_sex_marriage__official_action_or_decision__003__target__th_political_crisis_same_sex_marriage_target_th_political_crisis_2025_official_action_1__ja__surface_001	th_political_crisis_same_sex_marriage__official_action_or_decision__003__target__th_political_crisis_same_sex_marriage_target_th_political_crisis_2025_official_action_1__en__surface_001	source_aliases_not_translated	憲法裁判所はペートンターンの役割に関してどのような公式な措置をとりましたか？	ペートンターンを職務停止にする	Suspend Paetongtarn from duty
ja	th_cambodian_border_crisis_myanmar_earthquake__international_response_entity__005__neighbor__th_cambodian_border_crisis_myanmar_earthquake_neighbor_myanmar_earthquake_org_1__ja__surface_001	th_cambodian_border_crisis_myanmar_earthquake__international_response_entity__005__neighbor__th_cambodian_border_crisis_myanmar_earthquake_neighbor_myanmar_earthquake_org_1__en__surface_001	source_aliases_not_translated	2025年のミャンマー地震の発生後、9300万ドルの救援資金を提供した国際機関はどこですか？	国際連合	United Nations
ja	th_cambodian_border_crisis_myanmar_earthquake__destroyed_or_damaged_infrastructure__007__neighbor__th_cambodian_border_crisis_myanmar_earthquake_neighbor_myanmar_earthquake_infra_2__ja__core	th_cambodian_border_crisis_myanmar_earthquake__destroyed_or_damaged_infrastructure__007__neighbor__th_cambodian_border_crisis_myanmar_earthquake_neighbor_myanmar_earthquake_infra_2__en__core	backtranslated_answer_not_matched_by_heuristic	2025年のミャンマー地震で崩落した、ミインゲ川に架かる橋は何ですか？	ドクタワディ橋	Dokhtawady Bridge
ja	th_cambodian_border_crisis_myanmar_earthquake__key_figure__002__neighbor__th_cambodian_border_crisis_myanmar_earthquake_neighbor_myanmar_earthquake_person_2__ja__surface_001	th_cambodian_border_crisis_myanmar_earthquake__key_figure__002__neighbor__th_cambodian_border_crisis_myanmar_earthquake_neighbor_myanmar_earthquake_person_2__en__surface_001	source_aliases_not_translated	2025年のミャンマー地震を受けて、タイの首相として緊急会議を招集したのは誰ですか？	ペートンターン・シナワット	Paetongtarn Shinawatra
ja	th_cambodian_border_crisis_myanmar_earthquake__international_response_entity__006__target__th_cambodian_border_crisis_myanmar_earthquake_target_th_cambodian_border_crisis_org_3__ja__surface_001	th_cambodian_border_crisis_myanmar_earthquake__international_response_entity__006__target__th_cambodian_border_crisis_myanmar_earthquake_target_th_cambodian_border_crisis_org_3__en__surface_001	source_aliases_not_translated	2025年のカンボジア・タイ国境紛争において、停戦へのコミットメントを再確認するための上海での非公式会合を主催したのは誰ですか？	中国	China
ja	th_cambodian_border_crisis_myanmar_earthquake__key_figure__004__neighbor__th_cambodian_border_crisis_myanmar_earthquake_neighbor_myanmar_earthquake_person_4__ja__surface_002	th_cambodian_border_crisis_myanmar_earthquake__key_figure__004__neighbor__th_cambodian_border_crisis_myanmar_earthquake_neighbor_myanmar_earthquake_person_4__en__surface_002	source_aliases_not_translated	倒壊した監査局ビルの調査が1週間で終了すると発表した内務大臣の名前を答えてください。	アヌティン・チャーンウィーラクーン	Anutin Charnvirakul
ja	th_cambodian_border_crisis_myanmar_earthquake__international_response_entity__006__target__th_cambodian_border_crisis_myanmar_earthquake_target_th_cambodian_border_crisis_org_3__ja__core	th_cambodian_border_crisis_myanmar_earthquake__international_response_entity__006__target__th_cambodian_border_crisis_myanmar_earthquake_target_th_cambodian_border_crisis_org_3__en__core	source_aliases_not_translated	2025年のカンボジア・タイ国境危機において、停戦へのコミットメントを再確認するため、カンボジアおよびタイの当局者との非公式会合を上海で主催した国はどこですか？	中国	China
ja	th_cambodian_border_crisis_myanmar_earthquake__affected_location__010__target__th_cambodian_border_crisis_myanmar_earthquake_target_th_cambodian_border_crisis_loc_6__ja__surface_001	th_cambodian_border_crisis_myanmar_earthquake__affected_location__010__target__th_cambodian_border_crisis_myanmar_earthquake_target_th_cambodian_border_crisis_loc_6__en__surface_001	source_aliases_not_translated	2025年のカンボジア・タイ国境紛争において、7月28日に災害地域に指定された県はどこですか？	スリン県	Surin Province
ja	th_cambodian_border_crisis_myanmar_earthquake__key_figure__003__neighbor__th_cambodian_border_crisis_myanmar_earthquake_neighbor_myanmar_earthquake_person_3__ja__surface_003	th_cambodian_border_crisis_myanmar_earthquake__key_figure__003__neighbor__th_cambodian_border_crisis_myanmar_earthquake_neighbor_myanmar_earthquake_person_3__en__surface_003	source_aliases_not_translated	バンコクにレベル2の災害地域を宣言したのはどの知事ですか？	チャッチャート・シッティパン	Chadchart Sittipunt
ja	th_cambodian_border_crisis_myanmar_earthquake__affected_location__008__target__th_cambodian_border_crisis_myanmar_earthquake_target_th_cambodian_border_crisis_loc_3__ja__surface_001	th_cambodian_border_crisis_myanmar_earthquake__affected_location__008__target__th_cambodian_border_crisis_myanmar_earthquake_target_th_cambodian_border_crisis_loc_3__en__surface_001	source_aliases_not_translated	2025年の国境危機で、BM-21ロケット弾の直撃を受けて少なくとも8人が死亡したガソリンスタンドはどこにありましたか？	シーサケート県	Sisaket Province
ja	th_cambodian_border_crisis_myanmar_earthquake__destroyed_or_damaged_infrastructure__007__neighbor__th_cambodian_border_crisis_myanmar_earthquake_neighbor_myanmar_earthquake_infra_2__ja__surface_002	th_cambodian_border_crisis_myanmar_earthquake__destroyed_or_damaged_infrastructure__007__neighbor__th_cambodian_border_crisis_myanmar_earthquake_neighbor_myanmar_earthquake_infra_2__en__surface_002	backtranslated_answer_not_matched_by_heuristic	2025年のミャンマー地震の結果として崩落した、ミッチェ川に架かる橋の名前を答えてください。	ドクタワディー橋	Dokhtawady Bridge
ja	th_audit_office_bangkok_road_collapse__event_dates__012__target__th_audit_office_bangkok_road_collapse_target_target_event_dates_2__ja__core	th_audit_office_bangkok_road_collapse__event_dates__012__target__th_audit_office_bangkok_road_collapse_target_target_event_dates_2__en__core	source_aliases_not_translated	タイのペートンターン・シナワット首相がタイ国家会計検査院ビルの崩落現場を再び訪れたのは何月何日ですか？	4月2日	April 2
ja	th_audit_office_bangkok_road_collapse__event_dates__013__target__th_audit_office_bangkok_road_collapse_target_target_event_dates_3__ja__surface_003	th_audit_office_bangkok_road_collapse__event_dates__013__target__th_audit_office_bangkok_road_collapse_target_target_event_dates_3__en__surface_003	source_aliases_not_translated	タイ国家会計検査院ビルの倒壊後、バンコク都知事が救助活動の遅れについて謝罪したのは何日ですか？	4月4日	April 4
ja	zh_shenzhen_stabbing_wuxi_stabbing__aftermath_actions__011__target__zh_shenzhen_stabbing_wuxi_stabbing_target_target_action_1__ja__surface_002	zh_shenzhen_stabbing_wuxi_stabbing__aftermath_actions__011__target__zh_shenzhen_stabbing_wuxi_stabbing_target_target_action_1__en__surface_002	backtranslated_answer_not_matched_by_heuristic	2024年の深セン刺傷事件の後、地元住民は学校でどのような行動で哀悼の意を表しましたか？	花を供えた	Offered flowers
ja	zh_shenzhen_stabbing_wuxi_stabbing__perpetrator_attributes__005__target__zh_shenzhen_stabbing_wuxi_stabbing_target_target_perp_5__ja__surface_001	zh_shenzhen_stabbing_wuxi_stabbing__perpetrator_attributes__005__target__zh_shenzhen_stabbing_wuxi_stabbing_target_target_perp_5__en__surface_001	backtranslated_answer_not_matched_by_heuristic	2024年の深圳刺傷事件の襲撃者に執行された最終的な処罰は何ですか？	死刑執行	Execution of the death penalty
ja	zh_zhuhai_car_attack_wuxi_stabbing__incident_timeline__008__neighbor__zh_zhuhai_car_attack_wuxi_stabbing_neighbor_wuxi_time_2__ja__core	zh_zhuhai_car_attack_wuxi_stabbing__incident_timeline__008__neighbor__zh_zhuhai_car_attack_wuxi_stabbing_neighbor_wuxi_time_2__en__core	source_aliases_not_translated	2024年の無錫刺傷事件の犯人の逮捕は何時に報告されましたか？	午後11時30分	11:30 PM
ja	zh_zhuhai_car_attack_wuxi_stabbing__censorship_target__014__target__zh_zhuhai_car_attack_wuxi_stabbing_target_zhuhai_cen_3__ja__surface_003	zh_zhuhai_car_attack_wuxi_stabbing__censorship_target__014__target__zh_zhuhai_car_attack_wuxi_stabbing_target_zhuhai_cen_3__en__surface_003	backtranslated_answer_not_matched_by_heuristic	2024年の珠海市での車暴走事件を取材中、取り囲まれて映像の削除を命じられるという検閲を受けたのは誰ですか？	TBSテレビの記者	TBS TV reporter
ja	zh_zhuhai_car_attack_wuxi_stabbing__incident_date__012__target__zh_zhuhai_car_attack_wuxi_stabbing_target_zhuhai_date_1__ja__surface_001	zh_zhuhai_car_attack_wuxi_stabbing__incident_date__012__target__zh_zhuhai_car_attack_wuxi_stabbing_target_zhuhai_date_1__en__surface_001	source_aliases_not_translated	2024年の珠海市自動車暴走事件はいつ発生しましたか？	2024年11月11日	November 11, 2024
ja	zh_zhuhai_car_attack_wuxi_stabbing__censorship_target__014__target__zh_zhuhai_car_attack_wuxi_stabbing_target_zhuhai_cen_3__ja__surface_002	zh_zhuhai_car_attack_wuxi_stabbing__censorship_target__014__target__zh_zhuhai_car_attack_wuxi_stabbing_target_zhuhai_cen_3__en__surface_002	backtranslated_answer_not_matched_by_heuristic	2024年の珠海車暴走事件の際、群衆に囲まれ、警察からすべての取材素材を削除するよう命じられたのは、どの特定の報道関係者ですか？	TBSテレビの記者	TBS TV reporter
ja	zh_night_ride_kaifeng_henan_cuisine__involves_demographic__014__neighbor__zh_night_ride_kaifeng_henan_cuisine_neighbor_17__ja__surface_001	zh_night_ride_kaifeng_henan_cuisine__involves_demographic__014__neighbor__zh_night_ride_kaifeng_henan_cuisine_neighbor_17__en__surface_001	backtranslated_answer_not_matched_by_heuristic	現代の河南料理は、宮廷、市場、寺院、家庭、そして他にどのような社会集団のスタイルが融合したものですか？	上流階級の家庭	Upper-class households
ja	zh_night_ride_kaifeng_henan_cuisine__involves_demographic__015__neighbor__zh_night_ride_kaifeng_henan_cuisine_neighbor_18__ja__surface_002	zh_night_ride_kaifeng_henan_cuisine__involves_demographic__015__neighbor__zh_night_ride_kaifeng_henan_cuisine_neighbor_18__en__surface_002	backtranslated_answer_not_matched_by_heuristic	河南料理において、皇室の宮廷と比べて、誰の家庭が異なる歴史的な料理を特徴としていましたか？	庶民の家庭	Commoners' households
sw	en_tesla_vandalism_doge__associated_legal_issue__010__neighbor__en_tesla_vandalism_doge_neighbor_neighbor_associated_legal_issue_3__sw__surface_002	en_tesla_vandalism_doge__associated_legal_issue__010__neighbor__en_tesla_vandalism_doge_neighbor_neighbor_associated_legal_issue_3__en__surface_002	source_aliases_not_translated	Ni kifungu gani cha kisheria ambacho jaji aliamua kuwa kuna uwezekano kilihusishwa na ushiriki wa Elon Musk katika Idara ya Ufanisi wa Serikali?	Kifungu cha Uteuzi	Appointments Clause
sw	en_tesla_vandalism_doge__associated_legal_issue__010__target__en_tesla_vandalism_doge_target_target_associated_legal_issue_2__sw__core	en_tesla_vandalism_doge__associated_legal_issue__010__target__en_tesla_vandalism_doge_target_target_associated_legal_issue_2__en__core	source_aliases_not_translated	Idara ya Polisi ya Jiji la New York ilichunguza uharibifu wa Tesla wa 2025 kama aina gani ya uhalifu?	uhalifu wa chuki	hate crime
sw	bn_anti_hindu_violence_national_citizen_party__target_demographic__001__target__bn_anti_hindu_violence_national_citizen_party_target_target_target_demographic_1__sw__surface_002	bn_anti_hindu_violence_national_citizen_party__target_demographic__001__target__bn_anti_hindu_violence_national_citizen_party_target_target_target_demographic_1__en__surface_002	source_aliases_not_translated	Ni akina nani walikuwa waathiriwa wakuu wa ghasia zilizozuka nchini Bangladesh kufuatia kujiuzulu kwa Sheikh Hasina?	Wahindu	Hindus
sw	bn_anti_hindu_violence_national_citizen_party__associated_event__004__neighbor__bn_anti_hindu_violence_national_citizen_party_neighbor_neighbor_associated_event_1__sw__surface_003	bn_anti_hindu_violence_national_citizen_party__associated_event__004__neighbor__bn_anti_hindu_violence_national_citizen_party_neighbor_neighbor_associated_event_1__en__surface_003	backtranslated_answer_not_matched_by_heuristic	National Citizen Party iliundwa kufuatia tukio gani maalum?	Maasi ya Julai	July Rebellion
sw	bn_anti_hindu_violence_national_citizen_party__associated_event__005__neighbor__bn_anti_hindu_violence_national_citizen_party_neighbor_neighbor_associated_event_2__sw__surface_003	bn_anti_hindu_violence_national_citizen_party__associated_event__005__neighbor__bn_anti_hindu_violence_national_citizen_party_neighbor_neighbor_associated_event_2__en__surface_003	no_target_language_stopword_signal	Taja vuguvugu lililojumuisha viongozi kutoka National Citizen Party.	Vuguvugu la mageuzi ya kota la Bangladesh la 2024	2024 Bangladesh quota reform movement
sw	de_munich_car_attack_federal_election__involved_organization__013__neighbor__de_munich_car_attack_federal_election_neighbor_neighbor_involved_organization_4__sw__core	de_munich_car_attack_federal_election__involved_organization__013__neighbor__de_munich_car_attack_federal_election_neighbor_neighbor_involved_organization_4__en__core	source_aliases_not_translated	Ni shirika gani lilishiriki katika uchaguzi wa shirikisho wa Ujerumani wa 2025?	FDP	FDP
sw	de_munich_car_attack_federal_election__involved_organization__013__neighbor__de_munich_car_attack_federal_election_neighbor_neighbor_involved_organization_4__sw__surface_001	de_munich_car_attack_federal_election__involved_organization__013__neighbor__de_munich_car_attack_federal_election_neighbor_neighbor_involved_organization_4__en__surface_001	source_aliases_not_translated	Ni chama gani cha kisiasa kinachojulikana kwa kushiriki katika uchaguzi wa shirikisho wa Ujerumani wa 2025?	FDP	FDP
sw	de_aschaffenburg_stabbing_merz_cabinet__participant_role__005__neighbor__de_aschaffenburg_stabbing_merz_cabinet_neighbor_neighbor_role_2__sw__surface_002	de_aschaffenburg_stabbing_merz_cabinet__participant_role__005__neighbor__de_aschaffenburg_stabbing_merz_cabinet_neighbor_neighbor_role_2__en__surface_002	backtranslated_answer_not_matched_by_heuristic	Markus Söder ana cheo gani rasmi?	Kiongozi wa CSU	Leader of the CSU
sw	ja_hyuga_nada_earthquake_expo_pavilions__infrastructure_or_building_involved__014__neighbor__ja_hyuga_nada_earthquake_expo_pavilions_neighbor_neighbor_infrastructure_3__sw__surface_003	ja_hyuga_nada_earthquake_expo_pavilions__infrastructure_or_building_involved__014__neighbor__ja_hyuga_nada_earthquake_expo_pavilions_neighbor_neighbor_infrastructure_3__en__surface_003	source_aliases_not_translated	Taja banda litakalosafirishwa hadi Kisiwa cha Awaji baada ya maonyesho kumalizika.	Banda la Uholanzi	Netherlands Pavilion
sw	ja_hyuga_nada_earthquake_expo_pavilions__organization_involved__012__target__ja_hyuga_nada_earthquake_expo_pavilions_target_target_organization_2__sw__core	ja_hyuga_nada_earthquake_expo_pavilions__organization_involved__012__target__ja_hyuga_nada_earthquake_expo_pavilions_target_target_organization_2__en__core	source_aliases_not_translated	Ni shirika gani lililotoa ushauri wa 'Taarifa ya Ziada ya Tetemeko la Ardhi la Nankai Trough' kufuatia tetemeko la ardhi la Hyūga-nada la mwaka 2024?	Shirika la Hali ya Hewa la Japani	Japan Meteorological Agency
sw	sw_kenyan_protests_albert_ojwang__involved_organization__012__neighbor__sw_kenyan_protests_albert_ojwang_neighbor_neighbor_involved_organization_1__sw__surface_001	sw_kenyan_protests_albert_ojwang__involved_organization__012__neighbor__sw_kenyan_protests_albert_ojwang_neighbor_neighbor_involved_organization_1__en__surface_001	backtranslated_answer_not_matched_by_heuristic	Ni ujumbe gani wa kidiplomasia ulidai uchunguzi wa wazi kuhusu jinsi Albert Ojwang alivyofariki?	Ubalozi wa Marekani	US Embassy
sw	sw_kenyan_protests_albert_ojwang__entity_making_statement__013__target__sw_kenyan_protests_albert_ojwang_target_target_entity_making_statement_1__sw__surface_001	sw_kenyan_protests_albert_ojwang__entity_making_statement__013__target__sw_kenyan_protests_albert_ojwang_target_target_entity_making_statement_1__en__surface_001	no_target_language_stopword_signal	Ni kiongozi yupi aliyesema kwamba watu wanaokamatwa wakichoma mali wanapaswa kupigwa risasi mguuni?	William Ruto	William Ruto
sw	th_political_crisis_same_sex_marriage__involved_organization__011__target__th_political_crisis_same_sex_marriage_target_th_political_crisis_2025_involved_organization_4__sw__surface_001	th_political_crisis_same_sex_marriage__involved_organization__011__target__th_political_crisis_same_sex_marriage_target_th_political_crisis_2025_involved_organization_4__en__surface_001	source_aliases_not_translated	Ni shirika gani lililocheza jukumu la mtengeneza wafalme katika mgogoro wa kisiasa wa mwaka 2025 nchini Thailand?	Chama cha Watu	People's Party
sw	zh_shenzhen_stabbing_wuxi_stabbing__aftermath_actions__011__neighbor__zh_shenzhen_stabbing_wuxi_stabbing_neighbor_neighbor_action_2__sw__surface_001	zh_shenzhen_stabbing_wuxi_stabbing__aftermath_actions__011__neighbor__zh_shenzhen_stabbing_wuxi_stabbing_neighbor_neighbor_action_2__en__surface_001	backtranslated_answer_not_matched_by_heuristic	Nini ilikuwa hatima ya maua ya heshima yaliyoachwa kwa kumbukumbu ya waathiriwa wa shambulio la kisu la Wuxi la mwaka 2024?	yaliondolewa na walinzi	they were removed by guards
sw	zh_shenzhen_stabbing_wuxi_stabbing__aftermath_actions__013__target__zh_shenzhen_stabbing_wuxi_stabbing_target_target_action_4__sw__surface_002	zh_shenzhen_stabbing_wuxi_stabbing__aftermath_actions__013__target__zh_shenzhen_stabbing_wuxi_stabbing_target_target_action_4__en__surface_002	backtranslated_answer_not_matched_by_heuristic	Je, shule za Kijapani jijini Guangzhou na Beijing zilibadilisha vipi uendeshaji wao baada ya shambulio la kisu la Shenzhen la mwaka wa 2024?	zilisimamisha shughuli za ziada	they suspended extracurricular activities
sw	zh_shenzhen_stabbing_wuxi_stabbing__aftermath_actions__011__neighbor__zh_shenzhen_stabbing_wuxi_stabbing_neighbor_neighbor_action_2__sw__surface_003	zh_shenzhen_stabbing_wuxi_stabbing__aftermath_actions__011__neighbor__zh_shenzhen_stabbing_wuxi_stabbing_neighbor_neighbor_action_2__en__surface_003	backtranslated_answer_not_matched_by_heuristic	Nini kilitokea kwa maua ya ukumbusho yaliyowekwa kwa ajili ya waathiriwa wa shambulio la kisu la Wuxi la mwaka 2024?	yaliondolewa na walinzi	they were removed by guards
sw	zh_shenzhen_stabbing_wuxi_stabbing__aftermath_actions__013__neighbor__zh_shenzhen_stabbing_wuxi_stabbing_neighbor_neighbor_action_4__sw__surface_002	zh_shenzhen_stabbing_wuxi_stabbing__aftermath_actions__013__neighbor__zh_shenzhen_stabbing_wuxi_stabbing_neighbor_neighbor_action_4__en__surface_002	backtranslated_answer_not_matched_by_heuristic	Ni hatua gani ya haraka iliyochukuliwa na Kamati ya Mkoa wa Jiangsu baada ya shambulio la kisu la Wuxi la mwaka 2024 kutokea?	kufanya mkutano	holding a meeting
sw	zh_night_ride_kaifeng_henan_cuisine__utilizes_key_element__002__target__zh_night_ride_kaifeng_henan_cuisine_target_12__sw__surface_003	zh_night_ride_kaifeng_henan_cuisine__utilizes_key_element__002__target__zh_night_ride_kaifeng_henan_cuisine_target_12__en__surface_003	backtranslated_answer_not_matched_by_heuristic,source_aliases_not_translated	Ili kuwaomba waendesha baiskeli warudi nyuma wakati wa safari ya usiku kuelekea Kaifeng, polisi wa trafiki walitumia kifaa gani maalum?	vipaza sauti	loudspeakers
th	en_uk_riots_southport_stabbings__criminal_charge_or_offense__005__neighbor__en_uk_riots_southport_stabbings_neighbor_neighbor_charge_1__th__surface_002	en_uk_riots_southport_stabbings__criminal_charge_or_offense__005__neighbor__en_uk_riots_southport_stabbings_neighbor_neighbor_charge_1__en__surface_002	latin_heavy_question:0.27	ความผิดฐานใดที่เป็นข้อหาทั้งสามกระทงที่ Axel Rudakubana ถูกตั้งข้อหา?	ฆาตกรรม	Murder
th	en_brian_thompson_killing_luigi_mangione__legal_charges__003__target__en_brian_thompson_killing_luigi_mangione_target_target_legal_charges_4__th__core	en_brian_thompson_killing_luigi_mangione__legal_charges__003__target__en_brian_thompson_killing_luigi_mangione_target_target_legal_charges_4__en__core	latin_heavy_question:0.38	ข้อหาใดที่รวมอยู่ในคำฟ้องต่อ Luigi Mangione?	การสะกดรอยตาม	Stalking
th	en_brian_thompson_killing_luigi_mangione__key_locations__012__neighbor__en_brian_thompson_killing_luigi_mangione_neighbor_neighbor_key_locations_1__th__surface_002	en_brian_thompson_killing_luigi_mangione__key_locations__012__neighbor__en_brian_thompson_killing_luigi_mangione_neighbor_neighbor_key_locations_1__en__surface_002	source_aliases_not_translated	ย่านที่ไบรอัน ทอมป์สันถูกฆาตกรรมมีชื่อว่าอะไร	มิดทาวน์แมนฮัตตัน	Midtown Manhattan
th	en_brian_thompson_killing_luigi_mangione__involved_legal_figures__015__target__en_brian_thompson_killing_luigi_mangione_target_target_involved_legal_figures_2__th__core	en_brian_thompson_killing_luigi_mangione__involved_legal_figures__015__target__en_brian_thompson_killing_luigi_mangione_target_target_involved_legal_figures_2__en__core	source_aliases_not_translated	ใครทำหน้าที่เป็นทนายความฝ่ายจำเลยของลุยจิ มังจิโอเน?	โทมัส ดิกกีย์	Thomas Dickey
th	en_brian_thompson_killing_luigi_mangione__key_locations__013__target__en_brian_thompson_killing_luigi_mangione_target_target_key_locations_3__th__surface_003	en_brian_thompson_killing_luigi_mangione__key_locations__013__target__en_brian_thompson_killing_luigi_mangione_target_target_key_locations_3__en__surface_003	source_aliases_not_translated	สถานที่พำนักล่าสุดที่ทราบของ ลุยจิ แมนจิโอเน ตั้งอยู่ในเมืองใด	โฮโนลูลู ฮาวาย	Honolulu, Hawaii
th	en_brian_thompson_killing_luigi_mangione__involved_legal_figures__015__target__en_brian_thompson_killing_luigi_mangione_target_target_involved_legal_figures_2__th__surface_003	en_brian_thompson_killing_luigi_mangione__involved_legal_figures__015__target__en_brian_thompson_killing_luigi_mangione_target_target_involved_legal_figures_2__en__surface_003	source_aliases_not_translated	ใครคือทนายความที่แก้ต่างให้กับ ลุยจิ แมนจิโอเน หลังจากเหตุการณ์สังหาร ไบรอัน ทอมป์สัน?	โทมัส ดิกกีย์	Thomas Dickey
th	en_brian_thompson_killing_luigi_mangione__involved_legal_figures__015__neighbor__en_brian_thompson_killing_luigi_mangione_neighbor_neighbor_involved_legal_figures_3__th__core	en_brian_thompson_killing_luigi_mangione__involved_legal_figures__015__neighbor__en_brian_thompson_killing_luigi_mangione_neighbor_neighbor_involved_legal_figures_3__en__core	source_aliases_not_translated	อัยการสูงสุดสหรัฐฯ คนใดประกาศว่าอัยการจะขอให้ลงโทษประหารชีวิตในคดีระดับรัฐบาลกลางของ Luigi Mangione	แพม บอนดี	Pam Bondi
th	en_brian_thompson_killing_luigi_mangione__key_locations__012__neighbor__en_brian_thompson_killing_luigi_mangione_neighbor_neighbor_key_locations_1__th__core	en_brian_thompson_killing_luigi_mangione__key_locations__012__neighbor__en_brian_thompson_killing_luigi_mangione_neighbor_neighbor_key_locations_1__en__core	source_aliases_not_translated	ไบรอัน ทอมป์สัน ถูกยิงเสียชีวิตที่ไหน	มิดทาวน์แมนฮัตตัน	Midtown Manhattan
th	en_brian_thompson_killing_luigi_mangione__involved_legal_figures__015__neighbor__en_brian_thompson_killing_luigi_mangione_neighbor_neighbor_involved_legal_figures_3__th__surface_002	en_brian_thompson_killing_luigi_mangione__involved_legal_figures__015__neighbor__en_brian_thompson_killing_luigi_mangione_neighbor_neighbor_involved_legal_figures_3__en__surface_002	source_aliases_not_translated	จงบอกชื่ออัยการสูงสุดที่กล่าวว่าจะมีการขอให้ลงโทษประหารชีวิตในคดีระดับรัฐบาลกลางของ ลุยจิ แมนจิโอเน	แพม บอนดี	Pam Bondi
th	en_tesla_vandalism_doge__key_person__005__neighbor__en_tesla_vandalism_doge_neighbor_neighbor_key_person_3__th__surface_001	en_tesla_vandalism_doge__key_person__005__neighbor__en_tesla_vandalism_doge_neighbor_neighbor_key_person_3__en__surface_001	source_aliases_not_translated	ใครร้องขอสิทธิ์การเข้าถึงระดับผู้ดูแลระบบสำหรับ notify.gov และระบบอื่นๆ ในฐานะผู้อำนวยการ GSA คนใหม่	โทมัส เชดด์	Thomas Shedd
th	en_tesla_vandalism_doge__associated_legal_issue__010__neighbor__en_tesla_vandalism_doge_neighbor_neighbor_associated_legal_issue_3__th__surface_001	en_tesla_vandalism_doge__associated_legal_issue__010__neighbor__en_tesla_vandalism_doge_neighbor_neighbor_associated_legal_issue_3__en__surface_001	source_aliases_not_translated	ตามคำวินิจฉัยของผู้พิพากษา บทบัญญัติทางกฎหมายใดโดยเฉพาะที่น่าจะเข้ามาเกี่ยวข้องกับตำแหน่งของอีลอน มัสก์ ใน DOGE	บทบัญญัติว่าด้วยการแต่งตั้ง	Appointments Clause
th	en_tesla_vandalism_doge__public_critic__003__target__en_tesla_vandalism_doge_target_target_public_critic_2__th__core	en_tesla_vandalism_doge__public_critic__003__target__en_tesla_vandalism_doge_target_target_public_critic_2__en__core	source_aliases_not_translated	ใครกล่าวถึงเหตุการณ์ทำลายทรัพย์สินของ Tesla ในปี 2025 ว่า "ไม่ต่างอะไรกับการก่อการร้ายในประเทศ"	แพม บอนดี	Pam Bondi
th	en_tesla_vandalism_doge__public_critic__003__neighbor__en_tesla_vandalism_doge_neighbor_neighbor_public_critic_1__th__surface_001	en_tesla_vandalism_doge__public_critic__003__neighbor__en_tesla_vandalism_doge_neighbor_neighbor_public_critic_1__en__surface_001	source_aliases_not_translated	ใครแสดงความกังวลเกี่ยวกับการที่กระทรวงประสิทธิภาพรัฐบาลย้ายข้อมูลส่วนบุคคลระหว่างหน่วยงาน?	เจอร์รี คอนนอลลี	Gerry Connolly
th	en_tesla_vandalism_doge__public_critic__003__target__en_tesla_vandalism_doge_target_target_public_critic_2__th__surface_002	en_tesla_vandalism_doge__public_critic__003__target__en_tesla_vandalism_doge_target_target_public_critic_2__en__surface_002	source_aliases_not_translated	ระบุชื่อเจ้าหน้าที่รัฐที่เรียกการทำลายทรัพย์สินของ Tesla ในปี 2025 ว่าเป็นการก่อการร้ายในประเทศ	แพม บอนดี	Pam Bondi
th	en_tesla_vandalism_doge__public_critic__003__neighbor__en_tesla_vandalism_doge_neighbor_neighbor_public_critic_1__th__core	en_tesla_vandalism_doge__public_critic__003__neighbor__en_tesla_vandalism_doge_neighbor_neighbor_public_critic_1__en__core	source_aliases_not_translated	สมาชิกสภาผู้แทนราษฎรพรรคเดโมแครตคนใดที่แสดงความกังวลว่า DOGE มีการโยกย้ายข้อมูลส่วนบุคคลข้ามหน่วยงาน	เจอร์รี คอนนอลลี	Gerry Connolly
th	en_tesla_vandalism_doge__key_person__006__target__en_tesla_vandalism_doge_target_target_key_person_3__th__surface_002	en_tesla_vandalism_doge__key_person__006__target__en_tesla_vandalism_doge_target_target_key_person_3__en__surface_002	source_aliases_not_translated	ความเห็นที่ว่าบุคคลที่ทำลายรถยนต์เทสลาควรเลิกทำตัวโรคจิต เป็นคำกล่าวของใคร	อีลอน มัสก์	Elon Musk
th	ar_haniyeh_assassination_masoud_pezeshkian__associated_country__004__target__ar_haniyeh_assassination_masoud_pezeshkian_target_14__th__surface_002	ar_haniyeh_assassination_masoud_pezeshkian__associated_country__004__target__ar_haniyeh_assassination_masoud_pezeshkian_target_14__en__surface_002	source_aliases_not_translated	มีการจัดวันไว้อาลัยให้กับอิสมาอิล ฮานิเยห์ในประเทศใด	ตุรกี	Turkey
th	ar_haniyeh_assassination_masoud_pezeshkian__associated_country__015__target__ar_haniyeh_assassination_masoud_pezeshkian_target_13__th__surface_002	ar_haniyeh_assassination_masoud_pezeshkian__associated_country__015__target__ar_haniyeh_assassination_masoud_pezeshkian_target_13__en__surface_002	source_aliases_not_translated	ประเทศใดริเริ่มการจัดส่งระบบป้องกันภัยทางอากาศให้อิหร่านภายหลังเหตุการณ์ลอบสังหารอิสมาอิล ฮานิเยห์?	รัสเซีย	Russia
th	ar_haniyeh_assassination_masoud_pezeshkian__associated_country__014__target__ar_haniyeh_assassination_masoud_pezeshkian_target_12__th__surface_001	ar_haniyeh_assassination_masoud_pezeshkian__associated_country__014__target__ar_haniyeh_assassination_masoud_pezeshkian_target_12__en__surface_001	source_aliases_not_translated	IRGC กล่าวหาว่าประเทศใดให้การสนับสนุนการลอบสังหารอิสมาอิล ฮานิเยห์	สหรัฐอเมริกา	United States of America
th	ar_haniyeh_assassination_masoud_pezeshkian__associated_country__002__target__ar_haniyeh_assassination_masoud_pezeshkian_target_10__th__surface_003	ar_haniyeh_assassination_masoud_pezeshkian__associated_country__002__target__ar_haniyeh_assassination_masoud_pezeshkian_target_10__en__surface_003	source_aliases_not_translated	ประเทศใดเป็นผู้ให้คำมั่นที่จะมุ่งเป้าไปที่ผู้นำกลุ่มฮามาสเพื่อตอบโต้การโจมตีเมื่อวันที่ 7 ตุลาคม?	อิสราเอล	Israel
th	ar_haniyeh_assassination_masoud_pezeshkian__associated_country__003__neighbor__ar_haniyeh_assassination_masoud_pezeshkian_neighbor_12__th__surface_003	ar_haniyeh_assassination_masoud_pezeshkian__associated_country__003__neighbor__ar_haniyeh_assassination_masoud_pezeshkian_neighbor_12__en__surface_003	source_aliases_not_translated	มาซูด เปเซชเคียน เดินทางไปที่ใดในการเยือนต่างประเทศครั้งแรกในฐานะประธานาธิบดี?	อิรัก	Iraq
th	ar_haniyeh_assassination_masoud_pezeshkian__associated_person__007__neighbor__ar_haniyeh_assassination_masoud_pezeshkian_neighbor_1__th__surface_003	ar_haniyeh_assassination_masoud_pezeshkian__associated_person__007__neighbor__ar_haniyeh_assassination_masoud_pezeshkian_neighbor_1__en__surface_003	source_aliases_not_translated	ใครเป็นผู้นำรัฐบาลที่ มัสอูด เปเซชกียาน เข้าร่วมในปี 1997?	โมฮัมมัด คาตามี	Mohammad Khatami
th	ar_haniyeh_assassination_masoud_pezeshkian__associated_country__001__target__ar_haniyeh_assassination_masoud_pezeshkian_target_9__th__surface_002	ar_haniyeh_assassination_masoud_pezeshkian__associated_country__001__target__ar_haniyeh_assassination_masoud_pezeshkian_target_9__en__surface_002	source_aliases_not_translated	ประเทศใดเป็นสถานที่เกิดเหตุลอบสังหารอิสมาอิล ฮานิเยห์	อิหร่าน	Iran
th	ar_haniyeh_assassination_masoud_pezeshkian__associated_country__014__target__ar_haniyeh_assassination_masoud_pezeshkian_target_12__th__core	ar_haniyeh_assassination_masoud_pezeshkian__associated_country__014__target__ar_haniyeh_assassination_masoud_pezeshkian_target_12__en__core	source_aliases_not_translated	กองกำลังพิทักษ์การปฏิวัติอิสลาม (IRGC) กล่าวหาว่าประเทศใดให้การสนับสนุนในการสังหารอิสมาอิล ฮานิเยห์?	สหรัฐอเมริกา	United States of America
th	ar_haniyeh_assassination_masoud_pezeshkian__associated_person__011__target__ar_haniyeh_assassination_masoud_pezeshkian_target_5__th__surface_003	ar_haniyeh_assassination_masoud_pezeshkian__associated_person__011__target__ar_haniyeh_assassination_masoud_pezeshkian_target_5__en__surface_003	source_aliases_not_translated	จงบอกชื่อหัวหน้าฝ่ายทหารของกลุ่มฮามาสที่อิสราเอลพยายามลอบสังหาร	โมฮัมเหม็ด เดอิฟ	Mohammed Deif
th	ar_lebanon_device_attacks_hq_strike__location_of_event__010__neighbor__ar_lebanon_device_attacks_hq_strike_neighbor_location_3__th__surface_002	ar_lebanon_device_attacks_hq_strike__location_of_event__010__neighbor__ar_lebanon_device_attacks_hq_strike_neighbor_location_3__en__surface_002	source_aliases_not_translated	การโจมตีศูนย์บัญชาการฮิซบอลเลาะห์ในปี 2024 มุ่งเป้าไปที่สถานที่ในพื้นที่เฉพาะใด	ดาฮีเยห์	Dahieh
th	ar_lebanon_device_attacks_hq_strike__reaction_by_country_or_org__006__target__ar_lebanon_device_attacks_hq_strike_target_reaction_5__th__surface_002	ar_lebanon_device_attacks_hq_strike__reaction_by_country_or_org__006__target__ar_lebanon_device_attacks_hq_strike_target_reaction_5__en__surface_002	source_aliases_not_translated	หลังจากการโจมตีด้วยอุปกรณ์อิเล็กทรอนิกส์ในเลบานอนปี 2024 ผู้นำของประเทศใดมีปฏิกิริยาตอบสนองด้วยการวิพากษ์วิจารณ์อิสราเอล	ตุรกี	Turkey
th	ar_lebanon_device_attacks_hq_strike__reaction_by_country_or_org__007__neighbor__ar_lebanon_device_attacks_hq_strike_neighbor_reaction_6__th__core	ar_lebanon_device_attacks_hq_strike__reaction_by_country_or_org__007__neighbor__ar_lebanon_device_attacks_hq_strike_neighbor_reaction_6__en__core	source_aliases_not_translated	ประเทศใดมีปฏิกิริยาต่อการโจมตีศูนย์บัญชาการฮิซบอลเลาะห์ในปี 2024 ด้วยการประณามการลอบสังหารของอิสราเอล	รัสเซีย	Russia
th	ar_lebanon_device_attacks_hq_strike__reaction_by_country_or_org__008__neighbor__ar_lebanon_device_attacks_hq_strike_neighbor_reaction_7__th__surface_002	ar_lebanon_device_attacks_hq_strike__reaction_by_country_or_org__008__neighbor__ar_lebanon_device_attacks_hq_strike_neighbor_reaction_7__en__surface_002	source_aliases_not_translated	การโจมตีศูนย์บัญชาการฮิซบอลเลาะห์ในปี 2024 ถูกประณามโดยประเทศใดในการแสดงท่าทีอย่างเป็นทางการ?	ซีเรีย	Syria
th	ar_lebanon_device_attacks_hq_strike__reaction_by_country_or_org__003__target__ar_lebanon_device_attacks_hq_strike_target_reaction_2__th__surface_002	ar_lebanon_device_attacks_hq_strike__reaction_by_country_or_org__003__target__ar_lebanon_device_attacks_hq_strike_target_reaction_2__en__surface_002	source_aliases_not_translated	เหตุการณ์โจมตีด้วยอุปกรณ์อิเล็กทรอนิกส์ในเลบานอนปี 2024 ถูกระบุว่าเป็น "การก่อการร้ายของอิสราเอล" โดยประเทศใด	อิหร่าน	Iran
th	ar_lebanon_device_attacks_hq_strike__reaction_by_country_or_org__003__neighbor__ar_lebanon_device_attacks_hq_strike_neighbor_reaction_2__th__surface_002	ar_lebanon_device_attacks_hq_strike__reaction_by_country_or_org__003__neighbor__ar_lebanon_device_attacks_hq_strike_neighbor_reaction_2__en__surface_002	source_aliases_not_translated	เหตุการณ์โจมตีศูนย์บัญชาการฮิซบอลเลาะห์ในปี 2024 ทำให้ประเทศใดประณาม "การฆาตกรรมแบบเจาะจงอย่างขี้ขลาด" ต่อนัสรัลเลาะห์?	คิวบา	Cuba
th	ar_lebanon_device_attacks_hq_strike__statement_by_key_figure__014__neighbor__ar_lebanon_device_attacks_hq_strike_neighbor_statement_2__th__surface_001	ar_lebanon_device_attacks_hq_strike__statement_by_key_figure__014__neighbor__ar_lebanon_device_attacks_hq_strike_neighbor_statement_2__en__surface_001	source_aliases_not_translated	บุคคลใดที่ออกมาประณามการโจมตีศูนย์บัญชาการฮิซบอลเลาะห์ในปี 2024 และการโจมตีของอิสราเอลก่อนหน้านี้?	นาจิบ มิคาติ	Najib Mikati
th	ar_lebanon_device_attacks_hq_strike__reaction_by_country_or_org__006__target__ar_lebanon_device_attacks_hq_strike_target_reaction_5__th__surface_001	ar_lebanon_device_attacks_hq_strike__reaction_by_country_or_org__006__target__ar_lebanon_device_attacks_hq_strike_target_reaction_5__en__surface_001	source_aliases_not_translated	ประธานาธิบดีของประเทศใดวิพากษ์วิจารณ์อิสราเอลเพื่อตอบสนองต่อเหตุโจมตีด้วยอุปกรณ์อิเล็กทรอนิกส์ในเลบานอน ปี 2024?	ตุรกี	Turkey
th	ar_lebanon_device_attacks_hq_strike__statement_by_key_figure__013__target__ar_lebanon_device_attacks_hq_strike_target_statement_1__th__surface_003	ar_lebanon_device_attacks_hq_strike__statement_by_key_figure__013__target__ar_lebanon_device_attacks_hq_strike_target_statement_1__en__surface_003	source_aliases_not_translated	ใครเป็นผู้กล่าวเรียกการโจมตีด้วยอุปกรณ์อิเล็กทรอนิกส์ในเลบานอนปี 2024 ว่าเป็น "ความสูญเสียครั้งใหญ่"	นาสรัลเลาะห์	Nasrallah
th	ar_syrian_offensives_transitional_government__affiliated_faction__015__target__ar_syrian_offensives_transitional_government_target_target_faction_1__th__core	ar_syrian_offensives_transitional_government__affiliated_faction__015__target__ar_syrian_offensives_transitional_government_target_target_faction_1__en__core	backtranslated_answer_not_matched_by_heuristic	กลุ่มติดอาวุธใดเป็นผู้นำการรุกของฝ่ายค้านซีเรียในปี 2024?	ฮายาต ตาห์รีร์ อัล-ชาม	Hayat Tahrir al-Sham
th	ar_syrian_offensives_transitional_government__international_reaction__004__target__ar_syrian_offensives_transitional_government_target_target_reaction_3__th__surface_001	ar_syrian_offensives_transitional_government__international_reaction__004__target__ar_syrian_offensives_transitional_government_target_target_reaction_3__en__surface_001	source_aliases_not_translated	ชาติใดมีปฏิกิริยาอย่างเป็นทางการต่อการรุกของฝ่ายค้านซีเรียในปี 2024 โดยระบุว่าเป็นการละเมิดอธิปไตยของซีเรีย?	รัสเซีย	Russia
th	ar_syrian_offensives_transitional_government__leadership_role__007__target__ar_syrian_offensives_transitional_government_target_target_leadership_3__th__surface_002	ar_syrian_offensives_transitional_government__leadership_role__007__target__ar_syrian_offensives_transitional_government_target_target_leadership_3__en__surface_002	source_aliases_not_translated	รัฐบาลรัสเซียให้สิทธิลี้ภัยแก่บุคคลสำคัญคนใด หลังจากที่เขาหลบหนีออกจากกรุงดามัสกัสท่ามกลางการบุกโจมตีของฝ่ายค้านซีเรียในปี 2024?	บาชาร์ อัล-อัสซาด	Bashar al-Assad
th	ar_syrian_offensives_transitional_government__international_reaction__006__neighbor__ar_syrian_offensives_transitional_government_neighbor_neighbor_reaction_6__th__surface_002	ar_syrian_offensives_transitional_government__international_reaction__006__neighbor__ar_syrian_offensives_transitional_government_neighbor_neighbor_reaction_6__en__surface_002	source_aliases_not_translated	ปฏิกิริยาระหว่างประเทศของรัฐใดคือการให้การต้อนรับการจัดตั้งรัฐบาลเปลี่ยนผ่านของซีเรีย	เยอรมนี	Germany
th	ar_syrian_offensives_transitional_government__international_reaction__004__target__ar_syrian_offensives_transitional_government_target_target_reaction_3__th__surface_003	ar_syrian_offensives_transitional_government__international_reaction__004__target__ar_syrian_offensives_transitional_government_target_target_reaction_3__en__surface_003	source_aliases_not_translated	จงระบุชื่อประเทศที่ระบุว่าการบุกโจมตีของฝ่ายค้านซีเรียในปี 2024 เป็นการละเมิดสิทธิอธิปไตยของซีเรีย	รัสเซีย	Russia
th	bn_noncooperation_interim_government__key_figures__008__neighbor__bn_noncooperation_interim_government_neighbor_neighbor_key_figures_1__th__surface_003	bn_noncooperation_interim_government__key_figures__008__neighbor__bn_noncooperation_interim_government_neighbor_neighbor_key_figures_1__en__surface_003	source_aliases_not_translated	บุคคลใดเข้ารับตำแหน่งหัวหน้าที่ปรึกษาของบังกลาเทศอย่างเป็นทางการหลังจากเข้าพิธีสาบานตน?	มูฮัมหมัด ยูนุส	Muhammad Yunus
th	bn_noncooperation_interim_government__key_figures__010__target__bn_noncooperation_interim_government_target_target_key_figures_3__th__surface_001	bn_noncooperation_interim_government__key_figures__010__target__bn_noncooperation_interim_government_target_target_key_figures_3__en__surface_001	source_aliases_not_translated	ผู้ประสานงานคนใดประกาศข้อเรียกร้องเพียงหนึ่งเดียวของการเคลื่อนไหวต่อฝูงชนที่รวมตัวกันที่ชาฮิดมินาร์	นาฮิด อิสลาม	Nahid Islam
th	bn_noncooperation_interim_government__key_figures__009__neighbor__bn_noncooperation_interim_government_neighbor_neighbor_key_figures_2__th__core	bn_noncooperation_interim_government__key_figures__009__neighbor__bn_noncooperation_interim_government_neighbor_neighbor_key_figures_2__en__core	source_aliases_not_translated	ใครเป็นผู้ประกอบพิธีสาบานตนให้แก่มูฮัมหมัด ยูนุส	โมฮัมเหม็ด ชาฮาบุดดิน	Mohammed Shahabuddin
th	bn_noncooperation_interim_government__key_figures__008__target__bn_noncooperation_interim_government_target_target_key_figures_1__th__surface_001	bn_noncooperation_interim_government__key_figures__008__target__bn_noncooperation_interim_government_target_target_key_figures_1__en__surface_001	source_aliases_not_translated	ใครคือนายกรัฐมนตรีที่ถูกเรียกร้องให้ลาออกระหว่างการเคลื่อนไหวไม่ให้ความร่วมมือปี 2024	ชีค ฮาสินา	Sheikh Hasina
th	bn_noncooperation_interim_government__key_figures__015__neighbor__bn_noncooperation_interim_government_neighbor_neighbor_key_figures_8__th__core	bn_noncooperation_interim_government__key_figures__015__neighbor__bn_noncooperation_interim_government_neighbor_neighbor_key_figures_8__en__core	source_aliases_not_translated	ประธานาธิบดีจีนคนใดแสดงการสนับสนุนอย่างเต็มที่ต่อรัฐบาลเฉพาะกาลของบังกลาเทศ	สี จิ้นผิง	Xi Jinping
th	bn_hasina_resignation_2026_election__public_statement_maker__003__target__bn_hasina_resignation_2026_election_target_24__th__core	bn_hasina_resignation_2026_election__public_statement_maker__003__target__bn_hasina_resignation_2026_election_target_24__en__core	source_aliases_not_translated	ใครแจ้งต่อรัฐสภาอินเดียเรื่องคำขอของชีค ฮาสินาที่จะเดินทางมายังอินเดีย	เอส. ไจชังการ์	S. Jaishankar
th	bn_hasina_resignation_2026_election__participant_person__007__neighbor__bn_hasina_resignation_2026_election_neighbor_5__th__core	bn_hasina_resignation_2026_election__participant_person__007__neighbor__bn_hasina_resignation_2026_election_neighbor_5__en__core	source_aliases_not_translated	ใครคืออะมีรของบังกลาเทศจามาต-อี-อิสลามี	ชาฟิกูร์ เราะห์มาน	Shafiqur Rahman
th	bn_hasina_resignation_2026_election__participant_organization__009__target__bn_hasina_resignation_2026_election_target_9__th__core	bn_hasina_resignation_2026_election__participant_organization__009__target__bn_hasina_resignation_2026_election_target_9__en__core	source_aliases_not_translated	องค์กรใดเน้นย้ำถึงความจำเป็นในการปกป้องสิทธิมนุษยชนหลังการล่มสลายของรัฐบาลฮาสินา	แอมเนสตี้ อินเตอร์เนชั่นแนล	Amnesty International
th	bn_hasina_resignation_2026_election__significant_date__015__neighbor__bn_hasina_resignation_2026_election_neighbor_19__th__core	bn_hasina_resignation_2026_election__significant_date__015__neighbor__bn_hasina_resignation_2026_election_neighbor_19__en__core	source_aliases_not_translated	อดีตนายกรัฐมนตรี คาเลดา เซีย ถึงแก่อสัญกรรมเมื่อวันที่เท่าใด	30 ธันวาคม 2025	30 December 2025
th	bn_hasina_resignation_2026_election__participant_person__007__neighbor__bn_hasina_resignation_2026_election_neighbor_5__th__surface_003	bn_hasina_resignation_2026_election__participant_person__007__neighbor__bn_hasina_resignation_2026_election_neighbor_5__en__surface_003	source_aliases_not_translated	ปัจจุบันตำแหน่งอามีร์ของบังกลาเทศจามาต-อี-อิสลามี ดำรงตำแหน่งโดยใคร?	ชาฟิกูร์ เราะห์มาน	Shafiqur Rahman
th	bn_hasina_resignation_2026_election__public_statement_maker__003__neighbor__bn_hasina_resignation_2026_election_neighbor_27__th__surface_002	bn_hasina_resignation_2026_election__public_statement_maker__003__neighbor__bn_hasina_resignation_2026_election_neighbor_27__en__surface_002	source_aliases_not_translated	จงบอกชื่อบุคคลที่ออกมาพูดต่อต้านการอนุญาตให้พรรคสันนิบาตอวามีเข้าร่วมการเลือกตั้ง	นาฮิด อิสลาม	Nahid Islam
th	bn_hasina_resignation_2026_election__participant_organization__009__target__bn_hasina_resignation_2026_election_target_9__th__surface_001	bn_hasina_resignation_2026_election__participant_organization__009__target__bn_hasina_resignation_2026_election_target_9__en__surface_001	source_aliases_not_translated	หลังจากการล่มสลายของรัฐบาลฮาสินา กลุ่มใดที่เน้นย้ำถึงความสำคัญของการปกป้องสิทธิมนุษยชน	แอมเนสตี้ อินเตอร์เนชั่นแนล	Amnesty International
th	bn_anti_hindu_violence_national_citizen_party__target_demographic__001__neighbor__bn_anti_hindu_violence_national_citizen_party_neighbor_neighbor_target_demographic_1__th__core	bn_anti_hindu_violence_national_citizen_party__target_demographic__001__neighbor__bn_anti_hindu_violence_national_citizen_party_neighbor_neighbor_target_demographic_1__en__core	source_aliases_not_translated	พรรคเนชั่นแนลซิติเซนนำโดยกลุ่มประชากรใด	เยาวชน	Youth
th	bn_anti_hindu_violence_national_citizen_party__commentator_or_reactor__003__target__bn_anti_hindu_violence_national_citizen_party_target_target_commentator_or_reactor_1__th__core	bn_anti_hindu_violence_national_citizen_party__commentator_or_reactor__003__target__bn_anti_hindu_violence_national_citizen_party_target_target_commentator_or_reactor_1__en__core	source_aliases_not_translated	อดีตประธานาธิบดีสหรัฐฯ คนใดเขียนแถลงการณ์ประณามความรุนแรงต่อชนกลุ่มน้อยทางศาสนาในบังกลาเทศ	โดนัลด์ ทรัมป์	Donald Trump
th	bn_anti_hindu_violence_national_citizen_party__target_demographic__001__neighbor__bn_anti_hindu_violence_national_citizen_party_neighbor_neighbor_target_demographic_1__th__surface_002	bn_anti_hindu_violence_national_citizen_party__target_demographic__001__neighbor__bn_anti_hindu_violence_national_citizen_party_neighbor_neighbor_target_demographic_1__en__surface_002	source_aliases_not_translated,latin_heavy_question:0.40	ใครเป็นผู้นำพรรค National Citizen Party ตามจุดยืนของพรรคเอง	เยาวชน	Youth
th	bn_anti_hindu_violence_national_citizen_party__commentator_or_reactor__003__neighbor__bn_anti_hindu_violence_national_citizen_party_neighbor_neighbor_commentator_or_reactor_2__th__surface_002	bn_anti_hindu_violence_national_citizen_party__commentator_or_reactor__003__neighbor__bn_anti_hindu_violence_national_citizen_party_neighbor_neighbor_commentator_or_reactor_2__en__surface_002	source_aliases_not_translated	การจัดตั้งพรรคการเมืองใหม่โดยนักศึกษาได้รับการแสดงความสนับสนุนจากหัวหน้าที่ปรึกษาคนใด	มูฮัมหมัด ยูนุส	Muhammad Yunus
th	bn_anti_hindu_violence_national_citizen_party__commentator_or_reactor__003__neighbor__bn_anti_hindu_violence_national_citizen_party_neighbor_neighbor_commentator_or_reactor_2__th__core	bn_anti_hindu_violence_national_citizen_party__commentator_or_reactor__003__neighbor__bn_anti_hindu_violence_national_citizen_party_neighbor_neighbor_commentator_or_reactor_2__en__core	source_aliases_not_translated	หัวหน้าที่ปรึกษาท่านใดแสดงการสนับสนุนการจัดตั้งพรรคการเมืองใหม่ของนักศึกษา?	มูฮัมหมัด ยูนุส	Muhammad Yunus
th	bn_anti_hindu_violence_national_citizen_party__commentator_or_reactor__003__neighbor__bn_anti_hindu_violence_national_citizen_party_neighbor_neighbor_commentator_or_reactor_2__th__surface_001	bn_anti_hindu_violence_national_citizen_party__commentator_or_reactor__003__neighbor__bn_anti_hindu_violence_national_citizen_party_neighbor_neighbor_commentator_or_reactor_2__en__surface_001	source_aliases_not_translated	ใครคือหัวหน้าที่ปรึกษาที่สนับสนุนนักศึกษาในการตั้งพรรคการเมืองใหม่	มูฮัมหมัด ยูนุส	Muhammad Yunus
th	bn_anti_hindu_violence_national_citizen_party__target_demographic__001__neighbor__bn_anti_hindu_violence_national_citizen_party_neighbor_neighbor_target_demographic_1__th__surface_003	bn_anti_hindu_violence_national_citizen_party__target_demographic__001__neighbor__bn_anti_hindu_violence_national_citizen_party_neighbor_neighbor_target_demographic_1__en__surface_003	source_aliases_not_translated,latin_heavy_question:0.43	กลุ่มคนใดที่อยู่แนวหน้าในการนำพรรค National Citizen Party?	เยาวชน	Youth
th	bn_anti_hindu_violence_national_citizen_party__target_demographic__002__neighbor__bn_anti_hindu_violence_national_citizen_party_neighbor_neighbor_target_demographic_2__th__surface_001	bn_anti_hindu_violence_national_citizen_party__target_demographic__002__neighbor__bn_anti_hindu_violence_national_citizen_party_neighbor_neighbor_target_demographic_2__en__surface_001	latin_heavy_question:0.31	บุคคลสำคัญและผู้นำการประท้วงของพรรค National Citizen Party อยู่ในเจเนอเรชันใด	Gen Z	Gen Z
th	de_solingen_stabbing_magdeburg_attack__perpetrator_background_trait__001__target__de_solingen_stabbing_magdeburg_attack_target_de_solingen_stabbing_trait_4__th__surface_002	de_solingen_stabbing_magdeburg_attack__perpetrator_background_trait__001__target__de_solingen_stabbing_magdeburg_attack_target_de_solingen_stabbing_trait_4__en__surface_002	source_aliases_not_translated	ในแง่ของภูมิหลังทางศาสนา ผู้ต้องสงสัยในเหตุการณ์แทงคนเมืองโซลินเกนปี 2024 นับถือศาสนาหรือนิกายใด	ซุนนี	Sunni
th	de_solingen_stabbing_magdeburg_attack__attack_location__015__target__de_solingen_stabbing_magdeburg_attack_target_de_solingen_stabbing_location_2__th__surface_001	de_solingen_stabbing_magdeburg_attack__attack_location__015__target__de_solingen_stabbing_magdeburg_attack_target_de_solingen_stabbing_location_2__en__surface_001	source_aliases_not_translated	รัฐของเยอรมนีที่เกิดเหตุแทงคนในโซลินเกนปี 2024 มีชื่อว่าอะไร	นอร์ทไรน์-เว็สท์ฟาเลิน	North Rhine-Westphalia
th	de_solingen_stabbing_magdeburg_attack__politician_responding__006__target__de_solingen_stabbing_magdeburg_attack_target_de_solingen_stabbing_politician_2__th__core	de_solingen_stabbing_magdeburg_attack__politician_responding__006__target__de_solingen_stabbing_magdeburg_attack_target_de_solingen_stabbing_politician_2__en__core	source_aliases_not_translated	รัฐมนตรีว่าการกระทรวงมหาดไทยคนใดที่ไปเยือนสถานที่เกิดเหตุแทงคนในเมืองโซลินเกนปี 2024	แนนซี เฟเซอร์	Nancy Faeser
th	de_munich_car_attack_federal_election__involved_person__010__neighbor__de_munich_car_attack_federal_election_neighbor_neighbor_involved_person_3__th__surface_002	de_munich_car_attack_federal_election__involved_person__010__neighbor__de_munich_car_attack_federal_election_neighbor_neighbor_involved_person_3__en__surface_002	source_aliases_not_translated	จงระบุชื่อบุคคลที่มีส่วนร่วมในการเลือกตั้งระดับรัฐบาลกลางของเยอรมนีในปี 2025	คริสเตียน ลินด์เนอร์	Christian Lindner
th	de_munich_car_attack_federal_election__involved_person__011__target__de_munich_car_attack_federal_election_target_target_involved_person_4__th__surface_002	de_munich_car_attack_federal_election__involved_person__011__target__de_munich_car_attack_federal_election_target_target_involved_person_4__en__surface_002	source_aliases_not_translated	จงบอกชื่อบุคคลหนึ่งที่มีส่วนเกี่ยวข้องกับเหตุการณ์สืบเนื่องและการรับมือกับเหตุโจมตีด้วยรถยนต์ในมิวนิกปี 2025	ฟรังค์ แวร์เนเคอ	Frank Werneke
th	de_munich_car_attack_federal_election__involved_organization__003__target__de_munich_car_attack_federal_election_target_target_involved_organization_5__th__surface_003	de_munich_car_attack_federal_election__involved_organization__003__target__de_munich_car_attack_federal_election_target_target_involved_organization_5__en__surface_003	source_aliases_not_translated	จงระบุชื่อพรรคการเมืองที่เกี่ยวข้องกับ โยอาคิม แฮร์มันน์ รัฐมนตรีว่าการกระทรวงมหาดไทยรัฐบาวาเรีย ในเหตุการณ์ขับรถพุ่งชนคนในมิวนิกปี 2025	CSU	CSU
th	de_munich_car_attack_federal_election__involved_person__010__neighbor__de_munich_car_attack_federal_election_neighbor_neighbor_involved_person_3__th__surface_003	de_munich_car_attack_federal_election__involved_person__010__neighbor__de_munich_car_attack_federal_election_neighbor_neighbor_involved_person_3__en__surface_003	source_aliases_not_translated	ใครคือบุคคลที่เป็นที่ทราบกันว่ามีส่วนเกี่ยวข้องในการเลือกตั้งระดับรัฐบาลกลางเยอรมนีในปี 2025	คริสเตียน ลินด์เนอร์	Christian Lindner
th	de_munich_car_attack_federal_election__involved_organization__003__target__de_munich_car_attack_federal_election_target_target_involved_organization_5__th__surface_002	de_munich_car_attack_federal_election__involved_organization__003__target__de_munich_car_attack_federal_election_target_target_involved_organization_5__en__surface_002	source_aliases_not_translated	โยอาคิม แฮร์มันน์ รับมือกับเหตุโจมตีด้วยรถยนต์ในมิวนิกปี 2025 ในฐานะรัฐมนตรีว่าการกระทรวงมหาดไทยของรัฐบาวาเรีย เขาสังกัดพรรคการเมืองใด	CSU	CSU
th	de_munich_car_attack_federal_election__involved_person__012__target__de_munich_car_attack_federal_election_target_target_involved_person_5__th__core	de_munich_car_attack_federal_election__involved_person__012__target__de_munich_car_attack_federal_election_target_target_involved_person_5__en__core	source_aliases_not_translated	ใครมีส่วนเกี่ยวข้องในการรับมือกับเหตุโจมตีด้วยรถยนต์ในมิวนิกปี 2025?	โอลาฟ ชอลซ์	Olaf Scholz
th	de_munich_car_attack_federal_election__involved_person__009__neighbor__de_munich_car_attack_federal_election_neighbor_neighbor_involved_person_2__th__surface_002	de_munich_car_attack_federal_election__involved_person__009__neighbor__de_munich_car_attack_federal_election_neighbor_neighbor_involved_person_2__en__surface_002	source_aliases_not_translated	จงบอกชื่อบุคคลที่มีส่วนร่วมในการเลือกตั้งระดับสหพันธ์ของเยอรมนีปี 2025	ฟรีดริช แมร์ทซ์	Friedrich Merz
th	de_aschaffenburg_stabbing_merz_cabinet__participant__010__neighbor__de_aschaffenburg_stabbing_merz_cabinet_neighbor_neighbor_participant_3__th__core	de_aschaffenburg_stabbing_merz_cabinet__participant__010__neighbor__de_aschaffenburg_stabbing_merz_cabinet_neighbor_neighbor_participant_3__en__core	source_aliases_not_translated	ใครเป็นผู้นำคณะรัฐมนตรีสหพันธ์ชุดที่สี่ของเยอรมนีภายใต้การดำรงตำแหน่งนายกรัฐมนตรีคนเดียวกันตั้งแต่ปี 2018 ถึง 2021	อังเกลา แมร์เคิล	Angela Merkel
th	de_aschaffenburg_stabbing_merz_cabinet__participant__009__neighbor__de_aschaffenburg_stabbing_merz_cabinet_neighbor_neighbor_participant_2__th__surface_002	de_aschaffenburg_stabbing_merz_cabinet__participant__009__neighbor__de_aschaffenburg_stabbing_merz_cabinet_neighbor_neighbor_participant_2__en__surface_002	source_aliases_not_translated	คณะรัฐมนตรีแมร์ซรับช่วงต่อจากรัฐบาลชุดก่อนที่นำโดยใคร?	โอลาฟ ชอล์ซ	Olaf Scholz
th	de_aschaffenburg_stabbing_merz_cabinet__participant__013__neighbor__de_aschaffenburg_stabbing_merz_cabinet_neighbor_neighbor_participant_6__th__surface_003	de_aschaffenburg_stabbing_merz_cabinet__participant__013__neighbor__de_aschaffenburg_stabbing_merz_cabinet_neighbor_neighbor_participant_6__en__surface_003	source_aliases_not_translated	ใครเข้าร่วมการเจรจาจัดตั้งรัฐบาลผสมในฐานะสมาชิกของคณะผู้แทนพรรค SPD?	บอริส พิสทอเรียส	Boris Pistorius
th	de_aschaffenburg_stabbing_merz_cabinet__participant_role__001__target__de_aschaffenburg_stabbing_merz_cabinet_target_target_role_3__th__surface_001	de_aschaffenburg_stabbing_merz_cabinet__participant_role__001__target__de_aschaffenburg_stabbing_merz_cabinet_target_target_role_3__en__surface_001	source_aliases_not_translated	ตำแหน่งอย่างเป็นทางการของ Mike Josef ในแฟรงก์เฟิร์ตคืออะไร	นายกเทศมนตรี	Mayor
th	de_aschaffenburg_stabbing_merz_cabinet__participant__009__neighbor__de_aschaffenburg_stabbing_merz_cabinet_neighbor_neighbor_participant_2__th__surface_001	de_aschaffenburg_stabbing_merz_cabinet__participant__009__neighbor__de_aschaffenburg_stabbing_merz_cabinet_neighbor_neighbor_participant_2__en__surface_001	source_aliases_not_translated	คณะรัฐมนตรีของนายกรัฐมนตรีคนใดที่ดำรงตำแหน่งก่อนหน้าคณะรัฐมนตรีแมร์ทซ์โดยตรง?	โอลาฟ ชอลซ์	Olaf Scholz
th	de_aschaffenburg_stabbing_merz_cabinet__participant__009__target__de_aschaffenburg_stabbing_merz_cabinet_target_target_participant_2__th__core	de_aschaffenburg_stabbing_merz_cabinet__participant__009__target__de_aschaffenburg_stabbing_merz_cabinet_target_target_participant_2__en__core	source_aliases_not_translated	รัฐบาลของนายกรัฐมนตรีคนใดที่เพิ่มการเนรเทศหลังจากเหตุการณ์ไล่แทงคนในอชัฟเฟินบวร์คปี 2025?	ฟรีดริช แมร์ซ	Friedrich Merz
th	de_aschaffenburg_stabbing_merz_cabinet__participant__014__target__de_aschaffenburg_stabbing_merz_cabinet_target_target_participant_7__th__surface_001	de_aschaffenburg_stabbing_merz_cabinet__participant__014__target__de_aschaffenburg_stabbing_merz_cabinet_target_target_participant_7__en__surface_001	source_aliases_not_translated	บุคคลสำคัญคนใดที่เข้าร่วมพิธีไว้อาลัยสาธารณะซึ่งจัดขึ้นที่โบสถ์ชติฟท์สเคียร์เชอในเมืองอชัฟเฟินบวร์ค	มาร์คุส เซอเดอร์	Markus Söder
th	de_aschaffenburg_stabbing_merz_cabinet__participant_role__006__target__de_aschaffenburg_stabbing_merz_cabinet_target_target_role_2__th__surface_003	de_aschaffenburg_stabbing_merz_cabinet__participant_role__006__target__de_aschaffenburg_stabbing_merz_cabinet_target_target_role_2__en__surface_003	source_aliases_not_translated	Karsten Krebs ทำหน้าที่ในฐานะอะไรในระหว่างการดำเนินคดีทางกฎหมายสำหรับเหตุโจมตีด้วยการแทงที่อชัฟเฟนบวร์กปี 2025?	ประธานผู้พิพากษา	Presiding judge
th	de_aschaffenburg_stabbing_merz_cabinet__participant__011__neighbor__de_aschaffenburg_stabbing_merz_cabinet_neighbor_neighbor_participant_4__th__surface_001	de_aschaffenburg_stabbing_merz_cabinet__participant__011__neighbor__de_aschaffenburg_stabbing_merz_cabinet_neighbor_neighbor_participant_4__en__surface_001	source_aliases_not_translated	จงระบุชื่อผู้นำพรรค CSU ที่เข้าร่วมการเจรจาจัดตั้งรัฐบาลผสมในฐานะส่วนหนึ่งของทีมพรรค CDU	มาร์คุส เซอเดอร์	Markus Söder
th	de_aschaffenburg_stabbing_merz_cabinet__participant_role__001__neighbor__de_aschaffenburg_stabbing_merz_cabinet_neighbor_neighbor_role_1__th__surface_002	de_aschaffenburg_stabbing_merz_cabinet__participant_role__001__neighbor__de_aschaffenburg_stabbing_merz_cabinet_neighbor_neighbor_role_1__en__surface_002	backtranslated_answer_not_matched_by_heuristic,source_aliases_not_translated	ฟรีดริช แมทซ์ ดำรงตำแหน่งใดในรัฐบาล	นายกรัฐมนตรี	Prime Minister
th	es_venezuela_protests_presidential_election__involved_person__014__neighbor__es_venezuela_protests_presidential_election_neighbor_neighbor_involved_person_5__th__surface_002	es_venezuela_protests_presidential_election__involved_person__014__neighbor__es_venezuela_protests_presidential_election_neighbor_neighbor_involved_person_5__en__surface_002	source_aliases_not_translated	บุคคลใดถูกระบุว่ามีส่วนเกี่ยวข้องในการเลือกตั้งประธานาธิบดีเวเนซุเอลาปี 2024?	โครินา โยริส	Corina Yoris
th	es_venezuela_protests_presidential_election__involved_organization__011__neighbor__es_venezuela_protests_presidential_election_neighbor_neighbor_involved_organization_2__th__surface_002	es_venezuela_protests_presidential_election__involved_organization__011__neighbor__es_venezuela_protests_presidential_election_neighbor_neighbor_involved_organization_2__en__surface_002	source_aliases_not_translated	องค์กรใดเป็นที่รู้จักจากการมีส่วนเกี่ยวข้องในการเลือกตั้งประธานาธิบดีเวเนซุเอลาปี 2024?	ศูนย์คาร์เตอร์	Carter Center
th	es_venezuela_protests_presidential_election__involved_person__012__neighbor__es_venezuela_protests_presidential_election_neighbor_neighbor_involved_person_4__th__surface_003	es_venezuela_protests_presidential_election__involved_person__012__neighbor__es_venezuela_protests_presidential_election_neighbor_neighbor_involved_person_4__en__surface_003	source_aliases_not_translated	ใครคือบุคคลสำคัญที่เกี่ยวข้องกับการเลือกตั้งประธานาธิบดีในเวเนซุเอลาปี 2024	เอลวิส อาโมโรโซ	Elvis Amoroso
th	es_venezuela_protests_presidential_election__involved_person__010__neighbor__es_venezuela_protests_presidential_election_neighbor_neighbor_involved_person_1__th__core	es_venezuela_protests_presidential_election__involved_person__010__neighbor__es_venezuela_protests_presidential_election_neighbor_neighbor_involved_person_1__en__core	source_aliases_not_translated	ใครคือบุคคลสำคัญที่เกี่ยวข้องกับการเลือกตั้งประธานาธิบดีเวเนซุเอลาปี 2024?	นิโกลัส มาดูโร	Nicolás Maduro
th	es_venezuela_protests_presidential_election__involved_person__009__target__es_venezuela_protests_presidential_election_target_target_involved_person_1__th__surface_002	es_venezuela_protests_presidential_election__involved_person__009__target__es_venezuela_protests_presidential_election_target_target_involved_person_1__en__surface_002	source_aliases_not_translated	จงบอกชื่อบุคคลสำคัญทางการเมืองที่มีส่วนเกี่ยวข้องในการประท้วงหลังการเลือกตั้งประธานาธิบดีเวเนซุเอลาปี 2024	นิโกลัส มาดูโร	Nicolás Maduro
th	es_venezuela_crisis_uruguay_election__international_reaction_country__005__neighbor__es_venezuela_crisis_uruguay_election_neighbor_neighbor_intl_reaction_5__th__surface_001	es_venezuela_crisis_uruguay_election__international_reaction_country__005__neighbor__es_venezuela_crisis_uruguay_election_neighbor_neighbor_intl_reaction_5__en__surface_001	source_aliases_not_translated	ซิโอมารา กาสโตร แสดงความยินดีกับชัยชนะของออร์ซีในการเลือกตั้งอุรุกวัยปี 2024 ในฐานะประธานาธิบดีของประเทศใด	ฮอนดูรัส	Honduras
th	es_venezuela_crisis_uruguay_election__international_reaction_country__002__neighbor__es_venezuela_crisis_uruguay_election_neighbor_neighbor_intl_reaction_2__th__surface_003	es_venezuela_crisis_uruguay_election__international_reaction_country__002__neighbor__es_venezuela_crisis_uruguay_election_neighbor_neighbor_intl_reaction_2__en__surface_003	source_aliases_not_translated	จงระบุชื่อประเทศที่ผู้นำคือ ลูอิซ อินาซิโอ ลูลา ดา ซิลวา ได้แสดงความยินดีอย่างเป็นทางการต่อ ยามันดู ออร์ซี สำหรับชัยชนะในการเลือกตั้งทั่วไปของอุรุกวัยปี 2024	บราซิล	Brazil
th	es_venezuela_crisis_uruguay_election__international_reaction_country__001__target__es_venezuela_crisis_uruguay_election_target_target_intl_reaction_1__th__surface_003	es_venezuela_crisis_uruguay_election__international_reaction_country__001__target__es_venezuela_crisis_uruguay_election_target_target_intl_reaction_1__en__surface_003	source_aliases_not_translated	รัฐบาลใดแสดงความยินดีกับชัยชนะในการเลือกตั้งของมาดูโรในช่วงวิกฤตการณ์ในเวเนซุเอลาปี 2024?	คิวบา	Cuba
th	es_venezuela_crisis_uruguay_election__international_reaction_country__004__neighbor__es_venezuela_crisis_uruguay_election_neighbor_neighbor_intl_reaction_4__th__surface_002	es_venezuela_crisis_uruguay_election__international_reaction_country__004__neighbor__es_venezuela_crisis_uruguay_election_neighbor_neighbor_intl_reaction_4__en__surface_002	source_aliases_not_translated	หลังจากการเลือกตั้งทั่วไปในอุรุกวัยปี 2024 เบร์นาร์โด อาเรบาโล ประธานาธิบดีของประเทศใดได้ส่งสารแสดงความยินดีกับออร์ซี	กัวเตมาลา	Guatemala
th	es_venezuela_crisis_uruguay_election__international_reaction_country__009__neighbor__es_venezuela_crisis_uruguay_election_neighbor_neighbor_intl_reaction_9__th__surface_002	es_venezuela_crisis_uruguay_election__international_reaction_country__009__neighbor__es_venezuela_crisis_uruguay_election_neighbor_neighbor_intl_reaction_9__en__surface_002	source_aliases_not_translated	หลังจากการเลือกตั้งทั่วไปของอุรุกวัยปี 2024 ประเทศใดแสดงความยินดีกับชัยชนะของออร์ซี	สเปน	Spain
th	es_venezuela_crisis_uruguay_election__international_reaction_country__003__neighbor__es_venezuela_crisis_uruguay_election_neighbor_neighbor_intl_reaction_3__th__surface_001	es_venezuela_crisis_uruguay_election__international_reaction_country__003__neighbor__es_venezuela_crisis_uruguay_election_neighbor_neighbor_intl_reaction_3__en__surface_001	source_aliases_not_translated	จงระบุชื่อประเทศซึ่งมีผู้นำคือ กุสตาโว เปโตร ที่ได้ส่งสารแสดงความยินดีกับออร์ซีสำหรับชัยชนะในการเลือกตั้งอุรุกวัยปี 2024	โคลอมเบีย	Colombia
th	es_venezuela_crisis_uruguay_election__international_reaction_country__003__target__es_venezuela_crisis_uruguay_election_target_target_intl_reaction_3__th__surface_003	es_venezuela_crisis_uruguay_election__international_reaction_country__003__target__es_venezuela_crisis_uruguay_election_target_target_intl_reaction_3__en__surface_003	source_aliases_not_translated	รัฐใดที่แสดงความยินดีกับมาดูโร โดยรับรองว่าเขาเป็นผู้ชนะในการเลือกตั้งเวเนซุเอลาปี 2024	นิการากัว	Nicaragua
th	es_venezuela_crisis_uruguay_election__international_reaction_country__008__neighbor__es_venezuela_crisis_uruguay_election_neighbor_neighbor_intl_reaction_8__th__surface_002	es_venezuela_crisis_uruguay_election__international_reaction_country__008__neighbor__es_venezuela_crisis_uruguay_election_neighbor_neighbor_intl_reaction_8__en__surface_002	source_aliases_not_translated	จงระบุชื่อประเทศที่กระทรวงการต่างประเทศได้แสดงความยินดีอย่างเป็นทางการต่อออร์ซีที่ชนะการเลือกตั้งทั่วไปของอุรุกวัยปี 2024	เปรู	Peru
th	es_catatumbo_clashes_ecuador_election__key_figure__014__neighbor__es_catatumbo_clashes_ecuador_election_neighbor_neighbor_key_figure_3__th__core	es_catatumbo_clashes_ecuador_election__key_figure__014__neighbor__es_catatumbo_clashes_ecuador_election_neighbor_neighbor_key_figure_3__en__core	backtranslated_answer_not_matched_by_heuristic	ใครคือผู้สมัครรายย่อยที่ถูกคัดออกในรอบแรกของการเลือกตั้งทั่วไปของเอกวาดอร์ ปี 2025?	บิกตอร์ อาราอุส	Victor Araus
th	es_catatumbo_clashes_ecuador_election__key_figure__015__neighbor__es_catatumbo_clashes_ecuador_election_neighbor_neighbor_key_figure_4__th__surface_002	es_catatumbo_clashes_ecuador_election__key_figure__015__neighbor__es_catatumbo_clashes_ecuador_election_neighbor_neighbor_key_figure_4__en__surface_002	backtranslated_answer_not_matched_by_heuristic	จงบอกชื่อบุคคลที่เข้าร่วมในฐานะผู้สมัครรายย่อยในการเลือกตั้งทั่วไปของเอกวาดอร์ปี 2025	ฮวน อิวาน คูเอวา	Juan Ivan Cueva
th	es_catatumbo_clashes_ecuador_election__key_figure__014__target__es_catatumbo_clashes_ecuador_election_target_target_key_figure_2__th__surface_001	es_catatumbo_clashes_ecuador_election__key_figure__014__target__es_catatumbo_clashes_ecuador_election_target_target_key_figure_2__en__surface_001	source_aliases_not_translated	เจ้าหน้าที่คนใดเป็นผู้ให้รายงานเกี่ยวกับการบาดเจ็บล้มตายของพลเรือนและการพลัดถิ่นในเหตุปะทะกันที่กาตาตุมโบปี 2025?	วิลเลียม บียามิซาร์ ลากัวโด	William Villamizar Laguado
th	es_catatumbo_clashes_ecuador_election__key_figure__015__target__es_catatumbo_clashes_ecuador_election_target_target_key_figure_3__th__surface_003	es_catatumbo_clashes_ecuador_election__key_figure__015__target__es_catatumbo_clashes_ecuador_election_target_target_key_figure_3__en__surface_003	backtranslated_answer_not_matched_by_heuristic,source_aliases_not_translated	เกี่ยวกับสถานการณ์ในกาตาตุมโบ ใครคือบุคคลที่ได้พบปะกับผู้ดำรงตำแหน่งเดียวกันจากเวเนซุเอลา	อิบัน เบลัสเกซ โกเมซ	Iván Velásquez Gómez
th	es_catatumbo_clashes_ecuador_election__location__004__neighbor__es_catatumbo_clashes_ecuador_election_neighbor_neighbor_location_4__th__surface_001	es_catatumbo_clashes_ecuador_election__location__004__neighbor__es_catatumbo_clashes_ecuador_election_neighbor_neighbor_location_4__en__surface_001	source_aliases_not_translated	บันทึกประจำหน่วยเลือกตั้งหลายร้อยฉบับที่ Andrés Arauz โต้แย้งนั้นอยู่ที่ใด	จังหวัดซูกุมบิโอส	Sucumbíos Province
th	es_catatumbo_clashes_ecuador_election__involved_group__008__neighbor__es_catatumbo_clashes_ecuador_election_neighbor_neighbor_involved_group_4__th__core	es_catatumbo_clashes_ecuador_election__involved_group__008__neighbor__es_catatumbo_clashes_ecuador_election_neighbor_neighbor_involved_group_4__en__core	source_aliases_not_translated	พรรคใดได้รับ 9 ที่นั่งในสมัชชาแห่งชาติระหว่างการเลือกตั้งทั่วไปของเอกวาดอร์ปี 2025	ปาชากูติก	Pachakutik
th	es_catatumbo_clashes_ecuador_election__key_figure__014__target__es_catatumbo_clashes_ecuador_election_target_target_key_figure_2__th__surface_003	es_catatumbo_clashes_ecuador_election__key_figure__014__target__es_catatumbo_clashes_ecuador_election_target_target_key_figure_2__en__surface_003	source_aliases_not_translated	การบาดเจ็บล้มตายและการพลัดถิ่นของพลเรือนระหว่างการปะทะกันที่กาตาตุมโบในปี 2025 ถูกรายงานโดยใคร?	วิลเลียม บียามิซาร์ ลากัวโด	William Villamizar Laguado
th	es_catatumbo_clashes_ecuador_election__location__004__target__es_catatumbo_clashes_ecuador_election_target_target_location_5__th__surface_003	es_catatumbo_clashes_ecuador_election__location__004__target__es_catatumbo_clashes_ecuador_election_target_target_location_5__en__surface_003	source_aliases_not_translated	การปะทะกันที่กาตาตุมโบปี 2025 ทำให้ผู้คนหลายพันคนต้องอพยพหนีไปยังเมืองใดโดยเฉพาะ?	กูกูตา	Cúcuta
th	fr_pelicot_case_gisele_pelicot__significant_year__004__neighbor__fr_pelicot_case_gisele_pelicot_neighbor_neighbor_significant_year_2__th__surface_001	fr_pelicot_case_gisele_pelicot__significant_year__004__neighbor__fr_pelicot_case_gisele_pelicot_neighbor_neighbor_significant_year_2__en__surface_001	latin_heavy_question:0.55	Gisèle และ Dominique Pelicot แต่งงานกันในปีใด	1973	1973
th	fr_olympics_opening_closing_ceremony__athlete_participant__013__neighbor__fr_olympics_opening_closing_ceremony_neighbor_neighbor_athlete_participant_3__th__core	fr_olympics_opening_closing_ceremony__athlete_participant__013__neighbor__fr_olympics_opening_closing_ceremony_neighbor_neighbor_athlete_participant_3__en__core	source_aliases_not_translated	ใครได้รับธงโอลิมปิกในระหว่างการส่งมอบในพิธีปิดโอลิมปิกฤดูร้อน 2024?	ซิโมน ไบลส์	Simone Biles
th	fr_olympics_opening_closing_ceremony__athlete_participant__015__target__fr_olympics_opening_closing_ceremony_target_target_athlete_participant_4__th__surface_002	fr_olympics_opening_closing_ceremony__athlete_participant__015__target__fr_olympics_opening_closing_ceremony_target_target_athlete_participant_4__en__surface_002	source_aliases_not_translated	จงบอกชื่อบุคคลในวงการกีฬาที่ช่วยจุดไฟในกระถางคบเพลิงโอลิมปิกในพิธีเปิดการแข่งขันกีฬาโอลิมปิกฤดูร้อน 2024	เท็ดดี้ ริเนอร์	Teddy Riner
th	fr_olympics_opening_closing_ceremony__dignitary_present__010__target__fr_olympics_opening_closing_ceremony_target_target_dignitary_present_3__th__surface_003	fr_olympics_opening_closing_ceremony__dignitary_present__010__target__fr_olympics_opening_closing_ceremony_target_target_dignitary_present_3__en__surface_003	source_aliases_not_translated	ผู้นำท้องถิ่นของปารีสคนใดที่เป็นบุคคลสำคัญที่เข้าร่วมพิธีเปิดโอลิมปิกฤดูร้อน 2024	แอนน์ อีดัลโก	Anne Hidalgo
th	fr_olympics_opening_closing_ceremony__athlete_participant__013__neighbor__fr_olympics_opening_closing_ceremony_neighbor_neighbor_athlete_participant_3__th__surface_001	fr_olympics_opening_closing_ceremony__athlete_participant__013__neighbor__fr_olympics_opening_closing_ceremony_neighbor_neighbor_athlete_participant_3__en__surface_001	source_aliases_not_translated	นักกีฬาคนใดได้รับมอบธงโอลิมปิกในช่วงการส่งมอบในพิธีปิดการแข่งขันกีฬาโอลิมปิกฤดูร้อน 2024	ซิโมน ไบลส์	Simone Biles
th	fr_olympics_opening_closing_ceremony__dignitary_present__010__neighbor__fr_olympics_opening_closing_ceremony_neighbor_neighbor_dignitary_present_4__th__surface_002	fr_olympics_opening_closing_ceremony__dignitary_present__010__neighbor__fr_olympics_opening_closing_ceremony_neighbor_neighbor_dignitary_present_4__en__surface_002	source_aliases_not_translated	จงระบุชื่อนายกเทศมนตรีนครลอสแอนเจลิสที่เข้าร่วมรับมอบธงในพิธีปิดการแข่งขันกีฬาโอลิมปิกฤดูร้อน 2024	คาเรน บาสส์	Karen Bass
th	fr_olympics_opening_closing_ceremony__dignitary_present__009__neighbor__fr_olympics_opening_closing_ceremony_neighbor_neighbor_dignitary_present_2__th__surface_001	fr_olympics_opening_closing_ceremony__dignitary_present__009__neighbor__fr_olympics_opening_closing_ceremony_neighbor_neighbor_dignitary_present_2__en__surface_001	source_aliases_not_translated	ใครกล่าวสุนทรพจน์ในพิธีปิดโอลิมปิกฤดูร้อน 2024 ในฐานะประธานคณะกรรมการจัดการแข่งขัน?	โทนี เอสตองเกต์	Tony Estanguet
th	fr_olympics_opening_closing_ceremony__dignitary_present__010__target__fr_olympics_opening_closing_ceremony_target_target_dignitary_present_3__th__core	fr_olympics_opening_closing_ceremony__dignitary_present__010__target__fr_olympics_opening_closing_ceremony_target_target_dignitary_present_3__en__core	source_aliases_not_translated	นายกเทศมนตรีกรุงปารีสท่านใดเข้าร่วมพิธีเปิดโอลิมปิกฤดูร้อน 2024	แอนน์ อีดัลโก	Anne Hidalgo
th	fr_imane_khelif_olympic_boxing__location_or_venue__009__target__fr_imane_khelif_olympic_boxing_target_15__th__surface_003	fr_imane_khelif_olympic_boxing__location_or_venue__009__target__fr_imane_khelif_olympic_boxing_target_15__en__surface_003	backtranslated_answer_not_matched_by_heuristic	จงบอกชื่อสถานที่ที่ อิมาน เคลิฟ เกิด	ไอน์ ซิดี อาลี	Ain Sidi Ali
th	fr_imane_khelif_olympic_boxing__location_or_venue__009__neighbor__fr_imane_khelif_olympic_boxing_neighbor_17__th__surface_001	fr_imane_khelif_olympic_boxing__location_or_venue__009__neighbor__fr_imane_khelif_olympic_boxing_neighbor_17__en__surface_001	source_aliases_not_translated	สถานที่ใดจัดการแข่งขันมวยสากลรอบคัดเลือกในโอลิมปิกฤดูร้อน 2024	อารีนา ปารีส นอร์ด	Arena Paris Nord
th	ja_mof_protests_house_councillors__key_issue_or_demand__015__neighbor__ja_mof_protests_house_councillors_neighbor_neighbor_key_issue_1__th__surface_001	ja_mof_protests_house_councillors__key_issue_or_demand__015__neighbor__ja_mof_protests_house_councillors_neighbor_neighbor_key_issue_1__en__surface_001	source_aliases_not_translated	มาตรการเพื่อรับมือกับความท้าทายทางการเงินใดโดยเฉพาะ ที่เป็นประเด็นสำคัญในการเลือกตั้งวุฒิสภาญี่ปุ่นปี 2025?	ค่าครองชีพที่สูงขึ้น	Rising cost of living
th	ja_mof_protests_house_councillors__person_making_statement__007__target__ja_mof_protests_house_councillors_target_target_person_statement_1__th__core	ja_mof_protests_house_councillors__person_making_statement__007__target__ja_mof_protests_house_councillors_target_target_person_statement_1__en__core	source_aliases_not_translated	ใครกล่าวว่านักการเมืองจำเป็นต้องตอบสนองต่อเบื้องหลังที่เป็นที่มาของความโกรธแค้น?	ยูอิจิโร ทามากิ	Yuichiro Tamaki
th	ja_mof_protests_house_councillors__political_leader_involved__005__target__ja_mof_protests_house_councillors_target_target_political_leader_1__th__core	ja_mof_protests_house_councillors__political_leader_involved__005__target__ja_mof_protests_house_councillors_target_target_political_leader_1__en__core	source_aliases_not_translated	ใครคือหัวหน้าพรรคประชาธิปไตยเพื่อประชาชน	ยูอิจิโร ทามากิ	Yuichiro Tamaki
th	ja_mof_protests_house_councillors__person_making_statement__007__target__ja_mof_protests_house_councillors_target_target_person_statement_1__th__surface_002	ja_mof_protests_house_councillors__person_making_statement__007__target__ja_mof_protests_house_councillors_target_target_person_statement_1__en__surface_002	source_aliases_not_translated	จงบอกชื่อบุคคลที่กล่าวว่านักการเมืองจำเป็นต้องตอบสนองต่อเบื้องหลังที่เป็นที่มาของความโกรธ	ยูอิจิโร ทามากิ	Yuichiro Tamaki
th	ja_mof_protests_house_councillors__person_making_statement__008__target__ja_mof_protests_house_councillors_target_target_person_statement_2__th__surface_003	ja_mof_protests_house_councillors__person_making_statement__008__target__ja_mof_protests_house_councillors_target_target_person_statement_2__en__surface_003	source_aliases_not_translated	ใครแสดงความเห็นว่าการประท้วงที่กระทรวงการคลังแสดงให้เห็นถึงความโกรธและความไม่พอใจของประชาชน?	ชิเงรุ อิชิบะ	Shigeru Ishiba
th	ja_mof_protests_house_councillors__political_leader_involved__005__target__ja_mof_protests_house_councillors_target_target_political_leader_1__th__surface_002	ja_mof_protests_house_councillors__political_leader_involved__005__target__ja_mof_protests_house_councillors_target_target_political_leader_1__en__surface_002	source_aliases_not_translated	จงบอกชื่อบุคคลที่เป็นผู้นำพรรคประชาธิปไตยเพื่อประชาชน	ยูอิจิโร ทามากิ	Yuichiro Tamaki
th	ja_hyogo_gubernatorial_2025_ldp_presidential__candidate__005__target__ja_hyogo_gubernatorial_2025_ldp_presidential_target_target_candidate_3__th__surface_002	ja_hyogo_gubernatorial_2025_ldp_presidential__candidate__005__target__ja_hyogo_gubernatorial_2025_ldp_presidential_target_target_candidate_3__en__surface_002	source_aliases_not_translated	จงระบุชื่อบุคคลที่เป็นผู้สมัครในการเลือกตั้งผู้ว่าราชการจังหวัดเฮียวโงะ ปี 2024	คาซูมิ อินามูระ	Kazumi Inamura
th	ja_hyogo_gubernatorial_2025_ldp_presidential__candidate__005__neighbor__ja_hyogo_gubernatorial_2025_ldp_presidential_neighbor_neighbor_candidate_3__th__surface_002	ja_hyogo_gubernatorial_2025_ldp_presidential__candidate__005__neighbor__ja_hyogo_gubernatorial_2025_ldp_presidential_neighbor_neighbor_candidate_3__en__surface_002	source_aliases_not_translated	จงระบุชื่อบุคคลที่เป็นผู้สมัครในการเลือกตั้งประธานพรรคเสรีประชาธิปไตยปี 2025	โยชิมาสะ ฮายาชิ	Yoshimasa Hayashi
th	ja_hyogo_gubernatorial_2025_ldp_presidential__candidate_background__010__target__ja_hyogo_gubernatorial_2025_ldp_presidential_target_target_candidate_background_5__th__surface_001	ja_hyogo_gubernatorial_2025_ldp_presidential__candidate_background__010__target__ja_hyogo_gubernatorial_2025_ldp_presidential_target_target_candidate_background_5__en__surface_001	backtranslated_answer_not_matched_by_heuristic	ก่อนที่จะลงสมัครรับเลือกตั้งผู้ว่าราชการจังหวัดเฮียวโงะในปี 2024 ทาคาชิ ทาจิบานะ ดำรงตำแหน่งทางการเมืองใด	หัวหน้าพรรค NHK	Leader of the NHK Party
th	ja_hyogo_gubernatorial_2025_ldp_presidential__candidate_background__010__neighbor__ja_hyogo_gubernatorial_2025_ldp_presidential_neighbor_neighbor_candidate_background_4__th__core	ja_hyogo_gubernatorial_2025_ldp_presidential__candidate_background__010__neighbor__ja_hyogo_gubernatorial_2025_ldp_presidential_neighbor_neighbor_candidate_background_4__en__core	backtranslated_answer_not_matched_by_heuristic	ทากายูกิ โคบายาชิ ดำรงตำแหน่งอะไรก่อนลงสมัครรับเลือกตั้งหัวหน้าพรรคเสรีประชาธิปไตยปี 2025?	รัฐมนตรีเศรษฐกิจ	Minister of Economy
th	ja_hyogo_gubernatorial_2025_ldp_presidential__candidate__003__neighbor__ja_hyogo_gubernatorial_2025_ldp_presidential_neighbor_neighbor_candidate_1__th__surface_002	ja_hyogo_gubernatorial_2025_ldp_presidential__candidate__003__neighbor__ja_hyogo_gubernatorial_2025_ldp_presidential_neighbor_neighbor_candidate_1__en__surface_002	source_aliases_not_translated	ระบุชื่อบุคคลที่เป็นผู้ลงสมัครในการเลือกตั้งประธานพรรคเสรีประชาธิปไตยปี 2025	ซานาเอะ ทาคาอิจิ	Sanae Takaichi
th	ja_hyogo_gubernatorial_2025_ldp_presidential__candidate_background__002__target__ja_hyogo_gubernatorial_2025_ldp_presidential_target_target_candidate_background_1__th__surface_002	ja_hyogo_gubernatorial_2025_ldp_presidential__candidate_background__002__target__ja_hyogo_gubernatorial_2025_ldp_presidential_target_target_candidate_background_1__en__surface_002	source_aliases_not_translated	โมโตฮิโกะ ไซโตะ ดำรงตำแหน่งอะไรก่อนการเลือกตั้งผู้ว่าราชการจังหวัดเฮียวโงะ ปี 2024?	ผู้ว่าราชการจังหวัด	Governor
th	ja_hyogo_gubernatorial_2025_ldp_presidential__candidate__004__target__ja_hyogo_gubernatorial_2025_ldp_presidential_target_target_candidate_2__th__surface_003	ja_hyogo_gubernatorial_2025_ldp_presidential__candidate__004__target__ja_hyogo_gubernatorial_2025_ldp_presidential_target_target_candidate_2__en__surface_003	source_aliases_not_translated	ใครเข้าร่วมในฐานะผู้สมัครในการแข่งขันชิงตำแหน่งผู้ว่าราชการจังหวัดเฮียวโงะปี 2024?	ทากายูกิ ชิมิซุ	Takayuki Shimizu
th	ja_hyogo_gubernatorial_2025_ldp_presidential__candidate_background__009__target__ja_hyogo_gubernatorial_2025_ldp_presidential_target_target_candidate_background_3__th__core	ja_hyogo_gubernatorial_2025_ldp_presidential__candidate_background__009__target__ja_hyogo_gubernatorial_2025_ldp_presidential_target_target_candidate_background_3__en__core	source_aliases_not_translated	คาซูมิ อินามูระ ดำรงตำแหน่งอะไรก่อนลงสมัครรับเลือกตั้งผู้ว่าราชการจังหวัดเฮียวโงะ ปี 2024?	นายกเทศมนตรีเมืองอามางาซากิ	Mayor of Amagasaki
th	ja_hyogo_gubernatorial_2025_ldp_presidential__candidate__004__neighbor__ja_hyogo_gubernatorial_2025_ldp_presidential_neighbor_neighbor_candidate_2__th__surface_002	ja_hyogo_gubernatorial_2025_ldp_presidential__candidate__004__neighbor__ja_hyogo_gubernatorial_2025_ldp_presidential_neighbor_neighbor_candidate_2__en__surface_002	source_aliases_not_translated	นักการเมืองคนใดลงสมัครรับเลือกตั้งในการเลือกตั้งหัวหน้าพรรคเสรีประชาธิปไตยปี 2025	ชินจิโร โคอิซูมิ	Shinjiro Koizumi
th	ja_hyuga_nada_earthquake_expo_pavilions__infrastructure_or_building_involved__015__target__ja_hyuga_nada_earthquake_expo_pavilions_target_target_infrastructure_3__th__core	ja_hyuga_nada_earthquake_expo_pavilions__infrastructure_or_building_involved__015__target__ja_hyuga_nada_earthquake_expo_pavilions_target_target_infrastructure_3__en__core	backtranslated_answer_not_matched_by_heuristic	ทางหลวงแผ่นดินสายใดถูกปิดเนื่องจากหินถล่มที่เกิดจากแผ่นดินไหวในทะเลฮิวงะนาดะ ปี 2024	ทางหลวงแผ่นดินหมายเลข 220	National Highway 220
th	ja_hyuga_nada_earthquake_expo_pavilions__infrastructure_or_building_involved__004__neighbor__ja_hyuga_nada_earthquake_expo_pavilions_neighbor_neighbor_infrastructure_1__th__core	ja_hyuga_nada_earthquake_expo_pavilions__infrastructure_or_building_involved__004__neighbor__ja_hyuga_nada_earthquake_expo_pavilions_neighbor_neighbor_infrastructure_1__en__core	backtranslated_answer_not_matched_by_heuristic,source_aliases_not_translated	พาวิลเลียนใดในงานเอ็กซ์โป 2025 ที่จะมีการนำวัสดุกลับมาใช้ใหม่ในงานกรีนเอ็กซ์โปที่โยโกฮาม่า?	พาวิลเลียนผู้หญิง	Women's Pavilion
th	ja_hyuga_nada_earthquake_expo_pavilions__affected_or_involved_region__007__target__ja_hyuga_nada_earthquake_expo_pavilions_target_target_affected_region_3__th__core	ja_hyuga_nada_earthquake_expo_pavilions__affected_or_involved_region__007__target__ja_hyuga_nada_earthquake_expo_pavilions_target_target_affected_region_3__en__core	source_aliases_not_translated	จากเหตุการณ์แผ่นดินไหวในทะเลฮิวงะ ปี 2024 มีผู้ได้รับบาดเจ็บ 4 คนในจังหวัดใด	จังหวัดคาโงชิมะ	Kagoshima Prefecture
th	ja_hyuga_nada_earthquake_expo_pavilions__organization_involved__012__target__ja_hyuga_nada_earthquake_expo_pavilions_target_target_organization_2__th__core	ja_hyuga_nada_earthquake_expo_pavilions__organization_involved__012__target__ja_hyuga_nada_earthquake_expo_pavilions_target_target_organization_2__en__core	source_aliases_not_translated	หน่วยงานใดออกประกาศเตือน 'ข้อมูลพิเศษแผ่นดินไหวร่องนันไค' หลังจากเหตุการณ์แผ่นดินไหวที่ฮิวงะนาดะ ปี 2024	กรมอุตุนิยมวิทยาญี่ปุ่น	Japan Meteorological Agency
th	sw_goma_offensive_drc_rwanda_peace__key_figure__012__neighbor__sw_goma_offensive_drc_rwanda_peace_neighbor_neighbor_card_15__th__surface_003	sw_goma_offensive_drc_rwanda_peace__key_figure__012__neighbor__sw_goma_offensive_drc_rwanda_peace_neighbor_neighbor_card_15__en__surface_003	source_aliases_not_translated	พิธีลงนามข้อตกลงสันติภาพสาธารณรัฐประชาธิปไตยคองโก-รวันดา ปี 2025 ได้รับการดูแลโดยรัฐมนตรีว่าการกระทรวงการต่างประเทศสหรัฐฯ คนใด	มาร์โก รูบิโอ	Marco Rubio
th	sw_goma_offensive_drc_rwanda_peace__involved_country__007__target__sw_goma_offensive_drc_rwanda_peace_target_target_card_5__th__surface_002	sw_goma_offensive_drc_rwanda_peace__involved_country__007__target__sw_goma_offensive_drc_rwanda_peace_target_target_card_5__en__surface_002	source_aliases_not_translated	การรุกโกมาปี 2025 ทำให้ประเทศใดประกาศวางกำลังทหารตามแนวชายแดนที่ติดกับคองโกตะวันออก?	ยูกันดา	Uganda
th	sw_goma_offensive_drc_rwanda_peace__involved_armed_group__009__target__sw_goma_offensive_drc_rwanda_peace_target_target_card_9__th__surface_003	sw_goma_offensive_drc_rwanda_peace__involved_armed_group__009__target__sw_goma_offensive_drc_rwanda_peace_target_target_card_9__en__surface_003	source_aliases_not_translated	ในช่วงการรุกโกมาปี 2025 กลุ่มติดอาวุธฝ่ายสนับสนุนรัฐบาลกลุ่มใดที่ให้ความช่วยเหลือด้านการป้องกัน?	วาซาเลนโด	Wazalendo
th	sw_goma_offensive_drc_rwanda_peace__involved_country__006__neighbor__sw_goma_offensive_drc_rwanda_peace_neighbor_neighbor_card_2__th__surface_001	sw_goma_offensive_drc_rwanda_peace__involved_country__006__neighbor__sw_goma_offensive_drc_rwanda_peace_neighbor_neighbor_card_2__en__surface_001	source_aliases_not_translated	ประเทศใดเป็นคู่สัญญาหลักร่วมกับ DRC ในสนธิสัญญาสันติภาพปี 2025?	รวันดา	Rwanda
th	sw_goma_offensive_drc_rwanda_peace__key_figure__014__target__sw_goma_offensive_drc_rwanda_peace_target_target_card_18__th__surface_002	sw_goma_offensive_drc_rwanda_peace__key_figure__014__target__sw_goma_offensive_drc_rwanda_peace_target_target_card_18__en__surface_002	source_aliases_not_translated	จงระบุชื่อบุคคลที่เข้ารับตำแหน่งผู้ว่าการทหารแห่งนอร์ทคิวู ท่ามกลางการรุกโกมาปี 2025	เอวาริสต์ โซโม	Evariste Somo
th	sw_goma_offensive_drc_rwanda_peace__involved_country__006__target__sw_goma_offensive_drc_rwanda_peace_target_target_card_4__th__core	sw_goma_offensive_drc_rwanda_peace__involved_country__006__target__sw_goma_offensive_drc_rwanda_peace_target_target_card_4__en__core	source_aliases_not_translated	ประเทศใดส่งทหารหลายพันนายไปช่วยเหลือ FARDC ในเซาท์คิวูระหว่างการรุกโกมาปี 2025	บุรุนดี	Burundi
th	sw_kenyan_protests_albert_ojwang__involved_organization__012__neighbor__sw_kenyan_protests_albert_ojwang_neighbor_neighbor_involved_organization_1__th__surface_002	sw_kenyan_protests_albert_ojwang__involved_organization__012__neighbor__sw_kenyan_protests_albert_ojwang_neighbor_neighbor_involved_organization_1__en__surface_002	backtranslated_answer_not_matched_by_heuristic	หลังจากการเสียชีวิตของ Albert Ojwang หน่วยงานใดได้เรียกร้องให้ทางการดำเนินการสืบสวนอย่างโปร่งใส?	สถานทูตสหรัฐฯ	US Embassy
th	sw_kenyan_protests_albert_ojwang__involved_person__011__neighbor__sw_kenyan_protests_albert_ojwang_neighbor_neighbor_involved_person_4__th__surface_003	sw_kenyan_protests_albert_ojwang__involved_person__011__neighbor__sw_kenyan_protests_albert_ojwang_neighbor_neighbor_involved_person_4__en__surface_003	source_aliases_not_translated	จงระบุชื่อประธานาธิบดีที่จัสติน มูตูรีถือว่าต้องรับผิดชอบอย่างเต็มที่ต่อการเสียชีวิตของอัลเบิร์ต โอจวัง	รูโต	Ruto
th	sw_kenyan_protests_albert_ojwang__involved_person__009__neighbor__sw_kenyan_protests_albert_ojwang_neighbor_neighbor_involved_person_2__th__core	sw_kenyan_protests_albert_ojwang__involved_person__009__neighbor__sw_kenyan_protests_albert_ojwang_neighbor_neighbor_involved_person_2__en__core	source_aliases_not_translated	อดีตประธานสภาผู้แทนราษฎรเคนยาคนใดเขียนว่าโอจวังถูกสังหารโดยรัฐ	จัสติน มูตูรี	Justin Muturi
th	sw_kenyan_protests_albert_ojwang__location__002__neighbor__sw_kenyan_protests_albert_ojwang_neighbor_neighbor_location_1__th__core	sw_kenyan_protests_albert_ojwang__location__002__neighbor__sw_kenyan_protests_albert_ojwang_neighbor_neighbor_location_1__en__core	source_aliases_not_translated	อัลเบิร์ต โอมอนดี โอจวัง เสียชีวิตระหว่างถูกตำรวจควบคุมตัวในเมืองใด	ไนโรบี	Nairobi
th	sw_kenyan_protests_albert_ojwang__location__002__neighbor__sw_kenyan_protests_albert_ojwang_neighbor_neighbor_location_1__th__surface_003	sw_kenyan_protests_albert_ojwang__location__002__neighbor__sw_kenyan_protests_albert_ojwang_neighbor_neighbor_location_1__en__surface_003	source_aliases_not_translated	สถานที่ที่อัลเบิร์ต โอมอนดี โอจวัง เสียชีวิตในขณะที่ถูกตำรวจควบคุมตัวคือที่ไหน	ไนโรบี	Nairobi
th	sw_kenyan_protests_albert_ojwang__involved_person__008__target__sw_kenyan_protests_albert_ojwang_target_target_involved_person_1__th__surface_003	sw_kenyan_protests_albert_ojwang__involved_person__008__target__sw_kenyan_protests_albert_ojwang_target_target_involved_person_1__en__surface_003	source_aliases_not_translated	การประท้วงในเคนยาปี 2025 เกิดขึ้นในสมัยของประธานาธิบดีคนใด?	วิลเลียม รูโต	William Ruto
th	sw_kenyan_protests_albert_ojwang__involved_person__011__target__sw_kenyan_protests_albert_ojwang_target_target_involved_person_5__th__surface_001	sw_kenyan_protests_albert_ojwang__involved_person__011__target__sw_kenyan_protests_albert_ojwang_target_target_involved_person_5__en__surface_001	backtranslated_answer_not_matched_by_heuristic	จงบอกชื่อเด็กหญิงวัย 12 ปีที่ถูกกระสุนหลงยิงจนเสียชีวิตภายในบ้านของเธอ ระหว่างการประท้วงในเคนยาปี 2025	บริดจิต นโจกิ	Bridget Njoki
th	th_political_crisis_same_sex_marriage__key_figure__006__target__th_political_crisis_same_sex_marriage_target_th_political_crisis_2025_key_figure_3__th__surface_002	th_political_crisis_same_sex_marriage__key_figure__006__target__th_political_crisis_same_sex_marriage_target_th_political_crisis_2025_key_figure_3__en__surface_002	source_aliases_not_translated	ในช่วงวิกฤตการณ์การเมืองไทยปี 2025 พรรคประชาชนได้เลือกใครให้มารับตำแหน่งต่อจากรัฐบาลรักษาการ	อนุทิน ชาญวีรกูล	Anutin Charnvirakul
th	th_political_crisis_same_sex_marriage__key_figure__004__neighbor__th_political_crisis_same_sex_marriage_neighbor_th_same_sex_marriage_key_figure_1__th__surface_003	th_political_crisis_same_sex_marriage__key_figure__004__neighbor__th_political_crisis_same_sex_marriage_neighbor_th_same_sex_marriage_key_figure_1__en__surface_003	source_aliases_not_translated	จงระบุชื่อนายกรัฐมนตรีไทยที่เป็นผู้นำรัฐบาลซึ่งสนับสนุนการผ่านพระราชบัญญัติสมรสเท่าเทียม	เศรษฐา ทวีสิน	Srettha Thavisin
th	th_political_crisis_same_sex_marriage__involved_organization__011__target__th_political_crisis_same_sex_marriage_target_th_political_crisis_2025_involved_organization_4__th__surface_003	th_political_crisis_same_sex_marriage__involved_organization__011__target__th_political_crisis_same_sex_marriage_target_th_political_crisis_2025_involved_organization_4__en__surface_003	source_aliases_not_translated	จงระบุชื่อกลุ่มการเมืองที่อยู่ในตำแหน่งคิงเมกเกอร์ในช่วงวิกฤตการณ์ทางการเมืองของไทยปี 2025	พรรคประชาชน	People's Party
th	th_political_crisis_same_sex_marriage__official_action_or_decision__003__target__th_political_crisis_same_sex_marriage_target_th_political_crisis_2025_official_action_1__th__core	th_political_crisis_same_sex_marriage__official_action_or_decision__003__target__th_political_crisis_same_sex_marriage_target_th_political_crisis_2025_official_action_1__en__core	backtranslated_answer_not_matched_by_heuristic,source_aliases_not_translated	ศาลรัฐธรรมนูญมีคำตัดสินอย่างไรเกี่ยวกับการปฏิบัติหน้าที่ของแพทองธาร	สั่งพักงานแพทองธาร	Ordered the suspension of Paetongtarn
th	th_political_crisis_same_sex_marriage__key_figure__004__target__th_political_crisis_same_sex_marriage_target_th_political_crisis_2025_key_figure_1__th__surface_002	th_political_crisis_same_sex_marriage__key_figure__004__target__th_political_crisis_same_sex_marriage_target_th_political_crisis_2025_key_figure_1__en__surface_002	source_aliases_not_translated	นายกรัฐมนตรีคนใดที่ถูกจับได้จากคลิปเสียงโทรศัพท์ที่หลุดออกมา ซึ่งมีส่วนทำให้เกิดวิกฤตการณ์ทางการเมืองในประเทศไทยปี 2025	แพทองธาร ชินวัตร	Paetongtarn Shinawatra
th	th_political_crisis_same_sex_marriage__involved_organization__010__neighbor__th_political_crisis_same_sex_marriage_neighbor_th_same_sex_marriage_involved_organization_3__th__surface_002	th_political_crisis_same_sex_marriage__involved_organization__010__neighbor__th_political_crisis_same_sex_marriage_neighbor_th_same_sex_marriage_involved_organization_3__en__surface_002	source_aliases_not_translated	หนึ่งในร่างกฎหมายสมรสเพศเดียวกันที่ได้รับการพิจารณาโดยรัฐสภาถูกเสนอโดยพรรคใด	พรรคประชาธิปัตย์	Democrat Party
th	th_political_crisis_same_sex_marriage__involved_organization__015__neighbor__th_political_crisis_same_sex_marriage_neighbor_th_same_sex_marriage_involved_organization_1__th__surface_002	th_political_crisis_same_sex_marriage__involved_organization__015__neighbor__th_political_crisis_same_sex_marriage_neighbor_th_same_sex_marriage_involved_organization_1__en__surface_002	source_aliases_not_translated	จงระบุชื่อพรรคที่รับผิดชอบในการเสนอร่างกฎหมายที่มุ่งเปิดให้คู่รักทุกเพศสมรสกันได้ในประเทศไทย	พรรคก้าวไกล	Move Forward Party
th	th_political_crisis_same_sex_marriage__involved_organization__010__target__th_political_crisis_same_sex_marriage_target_th_political_crisis_2025_involved_organization_1__th__surface_001	th_political_crisis_same_sex_marriage__involved_organization__010__target__th_political_crisis_same_sex_marriage_target_th_political_crisis_2025_involved_organization_1__en__surface_001	source_aliases_not_translated	หลังจากเหตุการณ์โทรศัพท์หลุดเมื่อเดือนมิถุนายน 2025 องค์กรทางการเมืองใดได้ถอนตัวออกจากพรรคร่วมรัฐบาล	พรรคภูมิใจไทย	Bhumjaithai Party
th	th_political_crisis_same_sex_marriage__key_figure__005__neighbor__th_political_crisis_same_sex_marriage_neighbor_th_same_sex_marriage_key_figure_2__th__surface_002	th_political_crisis_same_sex_marriage__key_figure__005__neighbor__th_political_crisis_same_sex_marriage_neighbor_th_same_sex_marriage_key_figure_2__en__surface_002	source_aliases_not_translated	กฎหมายสมรสเพศเดียวกันในประเทศไทยได้รับการอนุมัติอย่างเป็นทางการผ่านการลงพระปรมาภิไธยของพระมหากษัตริย์พระองค์ใด	พระบาทสมเด็จพระวชิรเกล้าเจ้าอยู่หัว	King Vajiralongkorn
th	th_political_crisis_same_sex_marriage__key_figure__008__neighbor__th_political_crisis_same_sex_marriage_neighbor_th_same_sex_marriage_key_figure_5__th__surface_002	th_political_crisis_same_sex_marriage__key_figure__008__neighbor__th_political_crisis_same_sex_marriage_neighbor_th_same_sex_marriage_key_figure_5__en__surface_002	source_aliases_not_translated	จงระบุชื่อนายกรัฐมนตรีที่แสดงการสนับสนุนการประกาศใช้พระราชบัญญัติสมรสเท่าเทียมผ่านสื่อสังคมออนไลน์	แพทองธาร ชินวัตร	Paetongtarn Shinawatra
th	th_cambodian_border_crisis_myanmar_earthquake__destroyed_or_damaged_infrastructure__007__target__th_cambodian_border_crisis_myanmar_earthquake_target_th_cambodian_border_crisis_infra_2__th__surface_001	th_cambodian_border_crisis_myanmar_earthquake__destroyed_or_damaged_infrastructure__007__target__th_cambodian_border_crisis_myanmar_earthquake_target_th_cambodian_border_crisis_infra_2__en__surface_001	source_aliases_not_translated	กระทรวงวัฒนธรรมและวิจิตรศิลป์ของกัมพูชาประณามการยิงปืนใหญ่ของไทยใส่โครงสร้างพื้นฐานใดโดยเฉพาะ	พระวิหาร	Preah Vihear
th	th_cambodian_border_crisis_myanmar_earthquake__destroyed_or_damaged_infrastructure__007__neighbor__th_cambodian_border_crisis_myanmar_earthquake_neighbor_myanmar_earthquake_infra_2__th__core	th_cambodian_border_crisis_myanmar_earthquake__destroyed_or_damaged_infrastructure__007__neighbor__th_cambodian_border_crisis_myanmar_earthquake_neighbor_myanmar_earthquake_infra_2__en__core	backtranslated_answer_not_matched_by_heuristic,source_aliases_not_translated	สะพานใดที่ข้ามแม่น้ำมิตแงซึ่งพังถล่มลงมาในช่วงเหตุแผ่นดินไหวในเมียนมา ปี 2025	สะพานดกตะวดี	Dokhtawady Bridge
th	th_cambodian_border_crisis_myanmar_earthquake__affected_location__010__target__th_cambodian_border_crisis_myanmar_earthquake_target_th_cambodian_border_crisis_loc_6__th__surface_001	th_cambodian_border_crisis_myanmar_earthquake__affected_location__010__target__th_cambodian_border_crisis_myanmar_earthquake_target_th_cambodian_border_crisis_loc_6__en__surface_001	source_aliases_not_translated	ในช่วงวิกฤตการณ์ชายแดนไทย–กัมพูชาปี 2025 จังหวัดใดถูกกำหนดให้เป็นเขตภัยพิบัติเมื่อวันที่ 28 กรกฎาคม	จังหวัดสุรินทร์	Surin Province
th	th_cambodian_border_crisis_myanmar_earthquake__affected_location__010__neighbor__th_cambodian_border_crisis_myanmar_earthquake_neighbor_myanmar_earthquake_loc_3__th__surface_002	th_cambodian_border_crisis_myanmar_earthquake__affected_location__010__neighbor__th_cambodian_border_crisis_myanmar_earthquake_neighbor_myanmar_earthquake_loc_3__en__surface_002	source_aliases_not_translated	ในบริบทของเหตุการณ์แผ่นดินไหวในประเทศเมียนมา ปี 2025 พื้นที่ใดที่มีผู้เสียชีวิตมากที่สุดในประเทศไทย?	กรุงเทพมหานคร	Bangkok
th	th_cambodian_border_crisis_myanmar_earthquake__key_figure__002__neighbor__th_cambodian_border_crisis_myanmar_earthquake_neighbor_myanmar_earthquake_person_2__th__core	th_cambodian_border_crisis_myanmar_earthquake__key_figure__002__neighbor__th_cambodian_border_crisis_myanmar_earthquake_neighbor_myanmar_earthquake_person_2__en__core	source_aliases_not_translated	นายกรัฐมนตรีไทยคนใดจัดการประชุมฉุกเฉินเกี่ยวกับเหตุการณ์แผ่นดินไหวในเมียนมาปี 2025	แพทองธาร ชินวัตร	Paetongtarn Shinawatra
th	th_cambodian_border_crisis_myanmar_earthquake__key_figure__002__target__th_cambodian_border_crisis_myanmar_earthquake_target_th_cambodian_border_crisis_person_1__th__surface_003	th_cambodian_border_crisis_myanmar_earthquake__key_figure__002__target__th_cambodian_border_crisis_myanmar_earthquake_target_th_cambodian_border_crisis_person_1__en__surface_003	source_aliases_not_translated	ในช่วงวิกฤตการณ์ชายแดนกัมพูชา–ไทย ปี 2025 นายกรัฐมนตรีคนใดได้ขอให้ศาลยุติธรรมระหว่างประเทศมีคำวินิจฉัย	ฮุน มาเนต	Hun Manet
th	th_cambodian_border_crisis_myanmar_earthquake__affected_location__009__target__th_cambodian_border_crisis_myanmar_earthquake_target_th_cambodian_border_crisis_loc_4__th__surface_001	th_cambodian_border_crisis_myanmar_earthquake__affected_location__009__target__th_cambodian_border_crisis_myanmar_earthquake_target_th_cambodian_border_crisis_loc_4__en__surface_001	source_aliases_not_translated	กองทัพบกไทยได้รับมอบอำนาจจากกระทรวงกลาโหมให้จัดการชายแดนในจังหวัดใดโดยเฉพาะ?	จังหวัดตราด	Trat Province
th	th_cambodian_border_crisis_myanmar_earthquake__international_response_entity__006__neighbor__th_cambodian_border_crisis_myanmar_earthquake_neighbor_myanmar_earthquake_org_2__th__core	th_cambodian_border_crisis_myanmar_earthquake__international_response_entity__006__neighbor__th_cambodian_border_crisis_myanmar_earthquake_neighbor_myanmar_earthquake_org_2__en__core	source_aliases_not_translated	องค์กรใดมอบความช่วยเหลือฉุกเฉินเบื้องต้นมูลค่า 2.5 ล้านยูโรแก่เมียนมาภายหลังเหตุการณ์แผ่นดินไหวในเมียนมาปี 2025	สหภาพยุโรป	European Union
th	th_cambodian_border_crisis_myanmar_earthquake__affected_location__009__neighbor__th_cambodian_border_crisis_myanmar_earthquake_neighbor_myanmar_earthquake_loc_2__th__surface_002	th_cambodian_border_crisis_myanmar_earthquake__affected_location__009__neighbor__th_cambodian_border_crisis_myanmar_earthquake_neighbor_myanmar_earthquake_loc_2__en__surface_002	source_aliases_not_translated	จงระบุชื่อภูมิภาคในเมียนมาที่เกิดแผ่นดินไหวในปี 2025	เขตสะกาย	Sagaing Region
th	th_audit_office_bangkok_road_collapse__damaged_or_affected_entities__014__neighbor__th_audit_office_bangkok_road_collapse_neighbor_neighbor_damaged_or_affected_entities_2__th__surface_002	th_audit_office_bangkok_road_collapse__damaged_or_affected_entities__014__neighbor__th_audit_office_bangkok_road_collapse_neighbor_neighbor_damaged_or_affected_entities_2__en__surface_002	source_aliases_not_translated	หลุมยุบในเหตุการณ์ถนนยุบตัวในกรุงเทพฯ ปี 2025 เกิดจากดินไหลเข้าไปในโครงการใดที่อยู่ใกล้เคียง?	อุโมงค์รถไฟใต้ดิน	Subway tunnel
th	th_audit_office_bangkok_road_collapse__event_measurements__009__target__th_audit_office_bangkok_road_collapse_target_target_event_measurements_3__th__core	th_audit_office_bangkok_road_collapse__event_measurements__009__target__th_audit_office_bangkok_road_collapse_target_target_event_measurements_3__en__core	source_aliases_not_translated	อาคารสำนักงานการตรวจเงินแผ่นดินมีความสูงกี่ชั้นก่อนการถล่ม?	33 ชั้น	33 floors
th	th_audit_office_bangkok_road_collapse__damaged_or_affected_entities__014__target__th_audit_office_bangkok_road_collapse_target_target_damaged_or_affected_entities_2__th__surface_003	th_audit_office_bangkok_road_collapse__damaged_or_affected_entities__014__target__th_audit_office_bangkok_road_collapse_target_target_damaged_or_affected_entities_2__en__surface_003	source_aliases_not_translated	นอกเหนือจากอาคารสำนักงานการตรวจเงินแผ่นดิน มีโครงสร้างอื่นใดอีกที่ถล่มลงมาในนิคมอุตสาหกรรมอมตะซิตี้ ชลบุรี ซึ่งมีความเชื่อมโยงกับผู้จัดจำหน่ายเหล็กรายเดียวกัน	อาคารโรงงาน	Factory building
th	th_audit_office_bangkok_road_collapse__event_locations__011__target__th_audit_office_bangkok_road_collapse_target_target_event_locations_1__th__surface_001	th_audit_office_bangkok_road_collapse__event_locations__011__target__th_audit_office_bangkok_road_collapse_target_target_event_locations_1__en__surface_001	source_aliases_not_translated	การถล่มของอาคารสำนักงานการตรวจเงินแผ่นดินของไทยเกิดขึ้นในเมืองใด?	กรุงเทพมหานคร	Bangkok
th	th_audit_office_bangkok_road_collapse__contributing_factors__003__target__th_audit_office_bangkok_road_collapse_target_target_contributing_factors_1__th__surface_001	th_audit_office_bangkok_road_collapse__contributing_factors__003__target__th_audit_office_bangkok_road_collapse_target_target_contributing_factors_1__en__surface_001	source_aliases_not_translated	ภัยธรรมชาติใดที่เกิดขึ้นในประเทศเมียนมา ซึ่งเป็นปัจจัยที่ทำให้อาคารสำนักงานการตรวจเงินแผ่นดินของไทยถล่ม?	แผ่นดินไหว	Earthquake
th	zh_shenzhen_stabbing_wuxi_stabbing__perpetrator_attributes__004__neighbor__zh_shenzhen_stabbing_wuxi_stabbing_neighbor_neighbor_perp_1__th__surface_002	zh_shenzhen_stabbing_wuxi_stabbing__perpetrator_attributes__004__neighbor__zh_shenzhen_stabbing_wuxi_stabbing_neighbor_neighbor_perp_1__en__surface_002	source_aliases_not_translated	จงระบุตัวผู้ก่อเหตุที่รับผิดชอบต่อเหตุการณ์แทงคนในอู๋ซีปี 2024	สวี เจียจิน	Xu Jiajin
th	zh_shenzhen_stabbing_wuxi_stabbing__incident_locations__002__neighbor__zh_shenzhen_stabbing_wuxi_stabbing_neighbor_neighbor_loc_1__th__surface_003	zh_shenzhen_stabbing_wuxi_stabbing__incident_locations__002__neighbor__zh_shenzhen_stabbing_wuxi_stabbing_neighbor_neighbor_loc_1__en__surface_003	source_aliases_not_translated	เหตุการณ์แทงคนในอู๋ซีปี 2024 เกิดขึ้นที่เมืองใด	อี้ซิง	Yixing
th	zh_shenzhen_stabbing_wuxi_stabbing__aftermath_actions__014__target__zh_shenzhen_stabbing_wuxi_stabbing_target_target_action_3__th__surface_003	zh_shenzhen_stabbing_wuxi_stabbing__aftermath_actions__014__target__zh_shenzhen_stabbing_wuxi_stabbing_target_target_action_3__en__surface_003	backtranslated_answer_not_matched_by_heuristic	เพื่อตอบสนองต่อเหตุการณ์แทงคนในเซินเจิ้นปี 2024 โรงเรียนญี่ปุ่นในเซินเจิ้นได้นำมาตรการใดมาใช้?	ปิดเป็นเวลาหนึ่งสัปดาห์	Closed for one week
th	zh_shenzhen_stabbing_wuxi_stabbing__incident_locations__006__target__zh_shenzhen_stabbing_wuxi_stabbing_target_target_loc_2__th__surface_002	zh_shenzhen_stabbing_wuxi_stabbing__incident_locations__006__target__zh_shenzhen_stabbing_wuxi_stabbing_target_target_loc_2__en__surface_002	source_aliases_not_translated	เหตุการณ์แทงคนในเซินเจิ้นปี 2024 เป็นเหตุการณ์ที่เกิดขึ้นในมณฑลใด	กวางตุ้ง	Guangdong
th	zh_shenzhen_stabbing_wuxi_stabbing__aftermath_actions__012__target__zh_shenzhen_stabbing_wuxi_stabbing_target_target_action_2__th__surface_001	zh_shenzhen_stabbing_wuxi_stabbing__aftermath_actions__012__target__zh_shenzhen_stabbing_wuxi_stabbing_target_target_action_2__en__surface_001	source_aliases_not_translated	หลังจากเหตุการณ์แทงคนในเซินเจิ้นปี 2024 มีการชุมนุมประเภทใดเกิดขึ้นในโตเกียว	การจุดเทียนไว้อาลัย	Candlelight vigil
th	zh_shenzhen_stabbing_wuxi_stabbing__perpetrator_attributes__004__target__zh_shenzhen_stabbing_wuxi_stabbing_target_target_perp_1__th__surface_002	zh_shenzhen_stabbing_wuxi_stabbing__perpetrator_attributes__004__target__zh_shenzhen_stabbing_wuxi_stabbing_target_target_perp_1__en__surface_002	source_aliases_not_translated	จงระบุตัวผู้ก่อเหตุในเหตุการณ์แทงคนในเซินเจิ้นปี 2024	จง ฉางชุน	Zhong Changchun
th	zh_zhuhai_car_attack_wuxi_stabbing__aftermath_response__015__neighbor__zh_zhuhai_car_attack_wuxi_stabbing_neighbor_wuxi_aft_2__th__surface_001	zh_zhuhai_car_attack_wuxi_stabbing__aftermath_response__015__neighbor__zh_zhuhai_car_attack_wuxi_stabbing_neighbor_wuxi_aft_2__en__surface_001	source_aliases_not_translated	หลังจากเหตุการณ์ไล่แทงคนในอู๋ซีปี 2024 มีการดำเนินการอย่างไรกับดอกไม้ไว้อาลัยที่ถูกวางไว้ที่วิทยาลัย?	ถูกนำออกไปโดยเจ้าหน้าที่รักษาความปลอดภัย	Removed by security guards
th	zh_zhuhai_car_attack_wuxi_stabbing__aftermath_response__015__neighbor__zh_zhuhai_car_attack_wuxi_stabbing_neighbor_wuxi_aft_2__th__surface_003	zh_zhuhai_car_attack_wuxi_stabbing__aftermath_response__015__neighbor__zh_zhuhai_car_attack_wuxi_stabbing_neighbor_wuxi_aft_2__en__surface_003	source_aliases_not_translated	เกิดอะไรขึ้นกับดอกไม้ที่ผู้คนนำไปวางไว้ที่วิทยาลัยหลังจากเหตุไล่แทงคนในอู๋ซีปี 2024?	ถูกเจ้าหน้าที่รักษาความปลอดภัยเก็บออกไป	Removed by security guards
th	zh_zhuhai_car_attack_wuxi_stabbing__incident_location__009__neighbor__zh_zhuhai_car_attack_wuxi_stabbing_neighbor_wuxi_loc_3__th__surface_003	zh_zhuhai_car_attack_wuxi_stabbing__incident_location__009__neighbor__zh_zhuhai_car_attack_wuxi_stabbing_neighbor_wuxi_loc_3__en__surface_003	source_aliases_not_translated	มณฑลใดเป็นสถานที่เกิดเหตุไล่แทงคนในอู๋ซีปี 2024	มณฑลเจียงซู	Jiangsu Province
th	zh_zhuhai_car_attack_wuxi_stabbing__incident_location__003__target__zh_zhuhai_car_attack_wuxi_stabbing_target_zhuhai_loc_2__th__surface_002	zh_zhuhai_car_attack_wuxi_stabbing__incident_location__003__target__zh_zhuhai_car_attack_wuxi_stabbing_target_zhuhai_loc_2__en__surface_002	source_aliases_not_translated	เมืองใดเป็นสถานที่เกิดเหตุขับรถพุ่งชนคนในศูนย์กีฬาเมื่อปี 2024 ซึ่งก่อเหตุโดย ฟ่าน เหวยชิว	จูไห่	Zhuhai
th	zh_night_ride_kaifeng_henan_cuisine__involves_demographic__015__neighbor__zh_night_ride_kaifeng_henan_cuisine_neighbor_18__th__surface_001	zh_night_ride_kaifeng_henan_cuisine__involves_demographic__015__neighbor__zh_night_ride_kaifeng_henan_cuisine_neighbor_18__en__surface_001	backtranslated_answer_not_matched_by_heuristic,source_aliases_not_translated	ในอดีต อาหารเหอหนานมีความแตกต่างระหว่างอาหารที่เสิร์ฟในราชสำนักกับอาหารที่เตรียมโดยคนกลุ่มใด	ครัวเรือนสามัญชน	Commoner households
th	zh_night_ride_kaifeng_henan_cuisine__involves_demographic__012__neighbor__zh_night_ride_kaifeng_henan_cuisine_neighbor_19__th__surface_003	zh_night_ride_kaifeng_henan_cuisine__involves_demographic__012__neighbor__zh_night_ride_kaifeng_henan_cuisine_neighbor_19__en__surface_003	source_aliases_not_translated	ใครมีความเห็นไม่ตรงกันว่าอะไรคือรูปแบบดั้งเดิมของอาหารเหอหนาน?	ชาวจีนฮั่น	Han Chinese
th	zh_night_ride_kaifeng_henan_cuisine__utilizes_key_element__002__neighbor__zh_night_ride_kaifeng_henan_cuisine_neighbor_11__th__surface_003	zh_night_ride_kaifeng_henan_cuisine__utilizes_key_element__002__neighbor__zh_night_ride_kaifeng_henan_cuisine_neighbor_11__en__surface_003	source_aliases_not_translated	เมื่อเตรียมอาหารเหอหนาน เนื้อสัตว์ที่ใช้บ่อยที่สุดคืออะไร?	เนื้อหมู	Pork
th	zh_night_ride_kaifeng_henan_cuisine__involves_demographic__012__target__zh_night_ride_kaifeng_henan_cuisine_target_15__th__core	zh_night_ride_kaifeng_henan_cuisine__involves_demographic__012__target__zh_night_ride_kaifeng_henan_cuisine_target_15__en__core	backtranslated_answer_not_matched_by_heuristic	ผู้คนกว่า 100 ล้านคนที่ปั่นจักรยานเป็นประจำในประเทศจีนส่วนใหญ่เป็นกลุ่มประชากรใด?	คนหนุ่มสาว	Young people
zh	en_tesla_vandalism_doge__associated_legal_issue__010__target__en_tesla_vandalism_doge_target_target_associated_legal_issue_2__zh__core	en_tesla_vandalism_doge__associated_legal_issue__010__target__en_tesla_vandalism_doge_target_target_associated_legal_issue_2__en__core	source_aliases_not_translated	纽约市警察局将2025年特斯拉破坏事件作为什么类型的犯罪进行调查？	仇恨犯罪	Hate crime
zh	en_tesla_vandalism_doge__associated_legal_issue__009__neighbor__en_tesla_vandalism_doge_neighbor_neighbor_associated_legal_issue_2__zh__surface_003	en_tesla_vandalism_doge__associated_legal_issue__009__neighbor__en_tesla_vandalism_doge_neighbor_neighbor_associated_legal_issue_2__en__surface_003	source_aliases_not_translated	赋予政府效率部广泛获取政府信息的权限与什么重大法律风险有关？	利益冲突	Conflict of interest
zh	en_tesla_vandalism_doge__affected_entity__012__target__en_tesla_vandalism_doge_target_target_affected_entity_2__zh__surface_003	en_tesla_vandalism_doge__affected_entity__012__target__en_tesla_vandalism_doge_target_target_affected_entity_2__en__surface_003	backtranslated_answer_not_matched_by_heuristic	在利特尔顿的一个购物中心外，哪些物品遭到了纵火？	特斯拉充电桩	Tesla charging stations
zh	ar_lebanon_device_attacks_hq_strike__reaction_by_country_or_org__005__neighbor__ar_lebanon_device_attacks_hq_strike_neighbor_reaction_4__zh__surface_002	ar_lebanon_device_attacks_hq_strike__reaction_by_country_or_org__005__neighbor__ar_lebanon_device_attacks_hq_strike_neighbor_reaction_4__en__surface_002	source_aliases_not_translated	请说出在回应2024年真主党总部袭击事件时，称该袭击“极其危险”的国家。	德国	Germany
zh	ar_syrian_offensives_transitional_government__international_reaction__009__target__ar_syrian_offensives_transitional_government_target_target_reaction_6__zh__surface_001	ar_syrian_offensives_transitional_government__international_reaction__009__target__ar_syrian_offensives_transitional_government_target_target_reaction_6__en__surface_001	source_aliases_not_translated	哪个国家官方否认参与了2024年叙利亚反对派攻势？	美国	United States
zh	bn_noncooperation_interim_government__locations_of_significant_events__001__neighbor__bn_noncooperation_interim_government_neighbor_neighbor_locations_1__zh__surface_003	bn_noncooperation_interim_government__locations_of_significant_events__001__neighbor__bn_noncooperation_interim_government_neighbor_neighbor_locations_1__en__surface_003	backtranslated_answer_not_matched_by_heuristic	穆罕默德·尤努斯就任首席顾问的就职典礼举办地是哪里？	孟加拉国总统府	Presidential Palace of Bangladesh
zh	bn_hasina_resignation_2026_election__significant_date__014__neighbor__bn_hasina_resignation_2026_election_neighbor_18__zh__core	bn_hasina_resignation_2026_election__significant_date__014__neighbor__bn_hasina_resignation_2026_election_neighbor_18__en__core	source_aliases_not_translated	国际刑事法庭在什么日期裁定谢赫·哈西娜犯有战争罪？	2025年11月17日	November 17, 2025
zh	bn_hasina_resignation_2026_election__significant_date__012__target__bn_hasina_resignation_2026_election_target_16__zh__surface_003	bn_hasina_resignation_2026_election__significant_date__012__target__bn_hasina_resignation_2026_election_target_16__en__surface_003	source_aliases_not_translated	哪一天标志着谢赫·哈西娜因辞职而结束其总理任期？	2024年8月5日	August 5, 2024
zh	bn_hasina_resignation_2026_election__significant_date__013__target__bn_hasina_resignation_2026_election_target_17__zh__core	bn_hasina_resignation_2026_election__significant_date__013__target__bn_hasina_resignation_2026_election_target_17__en__core	source_aliases_not_translated	谢赫·哈西娜担任孟加拉国总理的第一任期是从哪一天开始的？	1996年6月23日	June 23, 1996
zh	bn_hasina_resignation_2026_election__participant_organization__009__neighbor__bn_hasina_resignation_2026_election_neighbor_8__zh__surface_002	bn_hasina_resignation_2026_election__participant_organization__009__neighbor__bn_hasina_resignation_2026_election_neighbor_8__en__surface_002	source_aliases_not_translated	请说出因面临禁令而无法参加2026年孟加拉国大选的政党名称。	人民联盟	Awami League
zh	bn_hasina_resignation_2026_election__significant_date__013__neighbor__bn_hasina_resignation_2026_election_neighbor_17__zh__surface_003	bn_hasina_resignation_2026_election__significant_date__013__neighbor__bn_hasina_resignation_2026_election_neighbor_17__en__surface_003	source_aliases_not_translated	呼吁禁止阿瓦米联盟的抗议活动是在哪个具体日期举行的？	2025年4月9日	April 9, 2025
zh	bn_hasina_resignation_2026_election__significant_date__014__target__bn_hasina_resignation_2026_election_target_18__zh__surface_003	bn_hasina_resignation_2026_election__significant_date__014__target__bn_hasina_resignation_2026_election_target_18__en__surface_003	source_aliases_not_translated	“反歧视学生运动”宣布要求谢赫·哈西娜辞职的单一诉求是在什么日期？	2024年8月3日	August 3, 2024
zh	bn_anti_hindu_violence_national_citizen_party__target_demographic__001__target__bn_anti_hindu_violence_national_citizen_party_target_target_target_demographic_1__zh__surface_002	bn_anti_hindu_violence_national_citizen_party__target_demographic__001__target__bn_anti_hindu_violence_national_citizen_party_target_target_target_demographic_1__en__surface_002	source_aliases_not_translated	谢赫·哈西娜辞职后，孟加拉国爆发的暴力事件的主要受害者是谁？	印度教徒	Hindus
zh	bn_anti_hindu_violence_national_citizen_party__target_demographic__002__neighbor__bn_anti_hindu_violence_national_citizen_party_neighbor_neighbor_target_demographic_2__zh__surface_002	bn_anti_hindu_violence_national_citizen_party__target_demographic__002__neighbor__bn_anti_hindu_violence_national_citizen_party_neighbor_neighbor_target_demographic_2__en__surface_002	backtranslated_answer_not_matched_by_heuristic	作为国家公民党核心人物的抗议领袖属于哪个人口群体？	Z世代	Generation Z
zh	de_solingen_stabbing_magdeburg_attack__perpetrator_background_trait__011__target__de_solingen_stabbing_magdeburg_attack_target_de_solingen_stabbing_trait_1__zh__surface_003	de_solingen_stabbing_magdeburg_attack__perpetrator_background_trait__011__target__de_solingen_stabbing_magdeburg_attack_target_de_solingen_stabbing_trait_1__en__surface_003	source_aliases_not_translated	因2024年索林根刺伤事件被捕的人属于哪个人口群体？	叙利亚难民	Syrian refugee
zh	de_solingen_stabbing_magdeburg_attack__perpetrator_background_trait__012__target__de_solingen_stabbing_magdeburg_attack_target_de_solingen_stabbing_trait_2__zh__surface_001	de_solingen_stabbing_magdeburg_attack__perpetrator_background_trait__012__target__de_solingen_stabbing_magdeburg_attack_target_de_solingen_stabbing_trait_2__en__surface_001	backtranslated_answer_not_matched_by_heuristic	根据检察官的说法，是哪种类型的极端主义信仰驱使了2024年索林根刺伤事件的凶手？	激进伊斯兰主义	Radical Islamism
zh	de_munich_car_attack_federal_election__involved_organization__002__neighbor__de_munich_car_attack_federal_election_neighbor_neighbor_involved_organization_2__zh__surface_002	de_munich_car_attack_federal_election__involved_organization__002__neighbor__de_munich_car_attack_federal_election_neighbor_neighbor_involved_organization_2__en__surface_002	backtranslated_answer_not_matched_by_heuristic	参与2025年德国联邦选举的中左翼政党叫什么名字？	社民党	Social Democratic Party
zh	es_venezuela_protests_presidential_election__involved_person__010__target__es_venezuela_protests_presidential_election_target_target_involved_person_2__zh__surface_001	es_venezuela_protests_presidential_election__involved_person__010__target__es_venezuela_protests_presidential_election_target_target_involved_person_2__en__surface_001	backtranslated_answer_not_matched_by_heuristic	哪位知名人士是2024年委内瑞拉总统选举抗议活动的核心人物？	埃德蒙多·冈萨雷斯	Edmundo González
zh	fr_imane_khelif_olympic_boxing__associated_competition__012__target__fr_imane_khelif_olympic_boxing_target_3__zh__surface_001	fr_imane_khelif_olympic_boxing__associated_competition__012__target__fr_imane_khelif_olympic_boxing_target_3__en__surface_001	source_aliases_not_translated	伊曼·哈利夫是在哪项重大体育赛事中赢得女子次中量级金牌的？	2024年夏季奥运会	2024 Summer Olympics
zh	fr_imane_khelif_olympic_boxing__associated_competition__013__target__fr_imane_khelif_olympic_boxing_target_6__zh__surface_001	fr_imane_khelif_olympic_boxing__associated_competition__013__target__fr_imane_khelif_olympic_boxing_target_6__en__surface_001	source_aliases_not_translated	哪项赛事见证了伊曼·哈利夫夺得金牌？	斯特兰贾纪念锦标赛	Strandja Memorial Tournament
zh	ja_mof_protests_house_councillors__person_making_statement__007__neighbor__ja_mof_protests_house_councillors_neighbor_neighbor_person_statement_1__zh__surface_001	ja_mof_protests_house_councillors__person_making_statement__007__neighbor__ja_mof_protests_house_councillors_neighbor_neighbor_person_statement_1__en__surface_001	backtranslated_answer_not_matched_by_heuristic	哪位人士将选举局势形容为自由民主党的紧急情况？	麻生太郎	Taro Aso
zh	ja_mof_protests_house_councillors__economic_policy_mentioned__010__target__ja_mof_protests_house_councillors_target_target_economic_policy_1__zh__surface_002	ja_mof_protests_house_councillors__economic_policy_mentioned__010__target__ja_mof_protests_house_councillors_target_target_economic_policy_1__en__surface_002	source_aliases_not_translated	在2025年财务省抗议活动中，要求削减的焦点是哪项经济政策？	消费税	Consumption tax
zh	ja_hyogo_gubernatorial_2025_ldp_presidential__election_date__008__target__ja_hyogo_gubernatorial_2025_ldp_presidential_target_target_election_date_1__zh__core	ja_hyogo_gubernatorial_2025_ldp_presidential__election_date__008__target__ja_hyogo_gubernatorial_2025_ldp_presidential_target_target_election_date_1__en__core	source_aliases_not_translated	2024年兵库县知事选举是在哪一天举行的？	2024年11月17日	November 17, 2024
zh	ja_hyogo_gubernatorial_2025_ldp_presidential__election_date__008__neighbor__ja_hyogo_gubernatorial_2025_ldp_presidential_neighbor_neighbor_election_date_1__zh__surface_001	ja_hyogo_gubernatorial_2025_ldp_presidential__election_date__008__neighbor__ja_hyogo_gubernatorial_2025_ldp_presidential_neighbor_neighbor_election_date_1__en__surface_001	source_aliases_not_translated	2025年自由民主党总裁选举是何时举行的？	2025年10月4日	October 4, 2025
zh	ja_hyogo_gubernatorial_2025_ldp_presidential__candidate_background__010__neighbor__ja_hyogo_gubernatorial_2025_ldp_presidential_neighbor_neighbor_candidate_background_4__zh__surface_002	ja_hyogo_gubernatorial_2025_ldp_presidential__candidate_background__010__neighbor__ja_hyogo_gubernatorial_2025_ldp_presidential_neighbor_neighbor_candidate_background_4__en__surface_002	backtranslated_answer_not_matched_by_heuristic	在参加2025年自民党总裁选举之前，小林鹰之曾担任什么职务？	经济大臣	Minister of Economy
zh	ja_hyogo_gubernatorial_2025_ldp_presidential__candidate__003__target__ja_hyogo_gubernatorial_2025_ldp_presidential_target_target_candidate_1__zh__core	ja_hyogo_gubernatorial_2025_ldp_presidential__candidate__003__target__ja_hyogo_gubernatorial_2025_ldp_presidential_target_target_candidate_1__en__core	backtranslated_answer_not_matched_by_heuristic	谁是2024年兵库县知事选举的候选人？	斋藤元彦	Motohiko Saito
zh	ja_hyuga_nada_earthquake_expo_pavilions__infrastructure_or_building_involved__015__target__ja_hyuga_nada_earthquake_expo_pavilions_target_target_infrastructure_3__zh__core	ja_hyuga_nada_earthquake_expo_pavilions__infrastructure_or_building_involved__015__target__ja_hyuga_nada_earthquake_expo_pavilions_target_target_infrastructure_3__en__core	backtranslated_answer_not_matched_by_heuristic,source_aliases_not_translated	哪条国道因2024年日向滩地震引发的落石而封闭？	220国道	National Highway 220
zh	ja_hyuga_nada_earthquake_expo_pavilions__organization_involved__012__target__ja_hyuga_nada_earthquake_expo_pavilions_target_target_organization_2__zh__surface_003	ja_hyuga_nada_earthquake_expo_pavilions__organization_involved__012__target__ja_hyuga_nada_earthquake_expo_pavilions_target_target_organization_2__en__surface_003	source_aliases_not_translated	请说出在2024年日向滩地震发生后负责发布“南海海槽地震临时情报”的机构名称。	日本气象厅	Japan Meteorological Agency
zh	sw_goma_offensive_drc_rwanda_peace__key_date__015__target__sw_goma_offensive_drc_rwanda_peace_target_target_card_25__zh__surface_002	sw_goma_offensive_drc_rwanda_peace__key_date__015__target__sw_goma_offensive_drc_rwanda_peace_target_target_card_25__en__surface_002	source_aliases_not_translated	在2025年戈马攻势期间，M23占领萨凯的确切日期是哪一天？	1月23日	January 23
zh	sw_goma_offensive_drc_rwanda_peace__key_date__015__target__sw_goma_offensive_drc_rwanda_peace_target_target_card_25__zh__surface_003	sw_goma_offensive_drc_rwanda_peace__key_date__015__target__sw_goma_offensive_drc_rwanda_peace_target_target_card_25__en__surface_003	source_aliases_not_translated	在2025年戈马攻势期间，M23占领萨凯是在哪一天？	1月23日	January 23
zh	sw_tanzania_protests_general_election__event_date__014__neighbor__sw_tanzania_protests_general_election_neighbor_neighbor_date_3__zh__core	sw_tanzania_protests_general_election__event_date__014__neighbor__sw_tanzania_protests_general_election_neighbor_neighbor_date_3__en__core	source_aliases_not_translated	在2025年坦桑尼亚大选中，ACT候选人卢哈加·姆皮纳（Luhaga Mpina）是在哪一天被禁止参选的？	9月15日	September 15
zh	sw_tanzania_protests_general_election__event_date__015__neighbor__sw_tanzania_protests_general_election_neighbor_neighbor_date_4__zh__surface_002	sw_tanzania_protests_general_election__event_date__015__neighbor__sw_tanzania_protests_general_election_neighbor_neighbor_date_4__en__surface_002	source_aliases_not_translated	哪一天标志着2025年坦桑尼亚大选竞选活动的正式开始？	8月28日	August 28
zh	sw_tanzania_protests_general_election__event_date__014__neighbor__sw_tanzania_protests_general_election_neighbor_neighbor_date_3__zh__surface_003	sw_tanzania_protests_general_election__event_date__014__neighbor__sw_tanzania_protests_general_election_neighbor_neighbor_date_3__en__surface_003	source_aliases_not_translated	ACT候选人卢哈加·姆皮纳被禁止参加2025年坦桑尼亚大选是在哪一天？	9月15日	September 15
zh	sw_kenyan_protests_albert_ojwang__police_officer_involved__006__neighbor__sw_kenyan_protests_albert_ojwang_neighbor_neighbor_police_officer_involved_2__zh__surface_001	sw_kenyan_protests_albert_ojwang__police_officer_involved__006__neighbor__sw_kenyan_protests_albert_ojwang_neighbor_neighbor_police_officer_involved_2__en__surface_001	backtranslated_answer_not_matched_by_heuristic	在奥朱旺被拘留期间，哪位警官负责该警察局？	萨姆森·塔拉姆	Samson Talam
zh	th_political_crisis_same_sex_marriage__official_action_or_decision__003__target__th_political_crisis_same_sex_marriage_target_th_political_crisis_2025_official_action_1__zh__surface_001	th_political_crisis_same_sex_marriage__official_action_or_decision__003__target__th_political_crisis_same_sex_marriage_target_th_political_crisis_2025_official_action_1__en__surface_001	backtranslated_answer_not_matched_by_heuristic,source_aliases_not_translated	宪法法院针对佩通坦的职务采取了什么官方行动？	将佩通坦停职	Suspended Paetongtarn
zh	th_political_crisis_same_sex_marriage__involved_organization__010__neighbor__th_political_crisis_same_sex_marriage_neighbor_th_same_sex_marriage_involved_organization_3__zh__surface_002	th_political_crisis_same_sex_marriage__involved_organization__010__neighbor__th_political_crisis_same_sex_marriage_neighbor_th_same_sex_marriage_involved_organization_3__en__surface_002	source_aliases_not_translated	议会审议的其中一项同性婚姻法案是由哪个政党提出的？	民主党	Democratic Party
zh	th_political_crisis_same_sex_marriage__official_action_or_decision__003__target__th_political_crisis_same_sex_marriage_target_th_political_crisis_2025_official_action_1__zh__surface_002	th_political_crisis_same_sex_marriage__official_action_or_decision__003__target__th_political_crisis_same_sex_marriage_target_th_political_crisis_2025_official_action_1__en__surface_002	source_aliases_not_translated	关于她的官方职务，宪法法院决定对佩通坦采取什么行动？	暂停佩通坦的职务	Suspend Paetongtarn's duties
zh	th_cambodian_border_crisis_myanmar_earthquake__international_response_entity__005__neighbor__th_cambodian_border_crisis_myanmar_earthquake_neighbor_myanmar_earthquake_org_1__zh__surface_003	th_cambodian_border_crisis_myanmar_earthquake__international_response_entity__005__neighbor__th_cambodian_border_crisis_myanmar_earthquake_neighbor_myanmar_earthquake_org_1__en__surface_003	source_aliases_not_translated	谁为应对2025年缅甸地震提供了9300万美元的人道主义援助？	联合国	United Nations
zh	th_cambodian_border_crisis_myanmar_earthquake__international_response_entity__005__target__th_cambodian_border_crisis_myanmar_earthquake_target_th_cambodian_border_crisis_org_2__zh__surface_002	th_cambodian_border_crisis_myanmar_earthquake__international_response_entity__005__target__th_cambodian_border_crisis_myanmar_earthquake_target_th_cambodian_border_crisis_org_2__en__surface_002	source_aliases_not_translated	哪个国家就2025年柬泰边境危机呼吁双方缓和紧张局势？	美国	United States
zh	th_audit_office_bangkok_road_collapse__event_dates__013__target__th_audit_office_bangkok_road_collapse_target_target_event_dates_3__zh__surface_003	th_audit_office_bangkok_road_collapse__event_dates__013__target__th_audit_office_bangkok_road_collapse_target_target_event_dates_3__en__surface_003	source_aliases_not_translated	在泰国国家审计署大楼倒塌后，曼谷市长在哪一天为救援响应缓慢而道歉？	4月4日	April 4
zh	th_audit_office_bangkok_road_collapse__event_measurements__009__neighbor__th_audit_office_bangkok_road_collapse_neighbor_neighbor_event_measurements_3__zh__core	th_audit_office_bangkok_road_collapse__event_measurements__009__neighbor__th_audit_office_bangkok_road_collapse_neighbor_neighbor_event_measurements_3__en__core	source_aliases_not_translated	涛本至国家图书馆隧道段的距离是多少？	4.8公里	4.8 kilometers
zh	th_audit_office_bangkok_road_collapse__event_dates__013__target__th_audit_office_bangkok_road_collapse_target_target_event_dates_3__zh__surface_002	th_audit_office_bangkok_road_collapse__event_dates__013__target__th_audit_office_bangkok_road_collapse_target_target_event_dates_3__en__surface_002	source_aliases_not_translated	曼谷市长就国家审计署大楼倒塌事件救援延误道歉的日期是哪一天？	4月4日	April 4
zh	th_audit_office_bangkok_road_collapse__event_measurements__009__neighbor__th_audit_office_bangkok_road_collapse_neighbor_neighbor_event_measurements_3__zh__surface_001	th_audit_office_bangkok_road_collapse__event_measurements__009__neighbor__th_audit_office_bangkok_road_collapse_neighbor_neighbor_event_measurements_3__en__surface_001	source_aliases_not_translated	岛本至国家图书馆隧道段有多长？	4.8公里	4.8 kilometers
zh	th_audit_office_bangkok_road_collapse__event_dates__012__neighbor__th_audit_office_bangkok_road_collapse_neighbor_neighbor_event_dates_1__zh__surface_002	th_audit_office_bangkok_road_collapse__event_dates__012__neighbor__th_audit_office_bangkok_road_collapse_neighbor_neighbor_event_dates_1__en__surface_002	source_aliases_not_translated	在2025年曼谷道路塌陷期间，三森路形成天坑的日期是哪一天？	9月24日	September 24
zh	zh_shenzhen_stabbing_wuxi_stabbing__aftermath_actions__011__target__zh_shenzhen_stabbing_wuxi_stabbing_target_target_action_1__zh__surface_001	zh_shenzhen_stabbing_wuxi_stabbing__aftermath_actions__011__target__zh_shenzhen_stabbing_wuxi_stabbing_target_target_action_1__en__surface_001	backtranslated_answer_not_matched_by_heuristic	在2024年深圳刺人事件发生后，居民在学校采取了什么行动？	献花	Lay flowers
zh	zh_zhuhai_car_attack_wuxi_stabbing__incident_date__012__neighbor__zh_zhuhai_car_attack_wuxi_stabbing_neighbor_wuxi_date_1__zh__core	zh_zhuhai_car_attack_wuxi_stabbing__incident_date__012__neighbor__zh_zhuhai_car_attack_wuxi_stabbing_neighbor_wuxi_date_1__en__core	source_aliases_not_translated	2024年无锡持刀伤人事件发生在哪一天？	2024年11月16日	November 16, 2024
zh	zh_zhuhai_car_attack_wuxi_stabbing__incident_timeline__008__neighbor__zh_zhuhai_car_attack_wuxi_stabbing_neighbor_wuxi_time_2__zh__surface_002	zh_zhuhai_car_attack_wuxi_stabbing__incident_timeline__008__neighbor__zh_zhuhai_car_attack_wuxi_stabbing_neighbor_wuxi_time_2__en__surface_002	source_aliases_not_translated	官方在晚上几点宣布抓获了2024年无锡持刀伤人事件的袭击者？	晚上11:30	11:30 PM
zh	zh_zhuhai_car_attack_wuxi_stabbing__legal_milestone_date__011__target__zh_zhuhai_car_attack_wuxi_stabbing_target_zhuhai_leg_1__zh__surface_001	zh_zhuhai_car_attack_wuxi_stabbing__legal_milestone_date__011__target__zh_zhuhai_car_attack_wuxi_stabbing_target_zhuhai_leg_1__en__surface_001	source_aliases_not_translated	2024年珠海驾车撞人事件的袭击者何时被判处死刑？	2024年12月27日	December 27, 2024
zh	zh_zhuhai_car_attack_wuxi_stabbing__aftermath_response__015__neighbor__zh_zhuhai_car_attack_wuxi_stabbing_neighbor_wuxi_aft_2__zh__core	zh_zhuhai_car_attack_wuxi_stabbing__aftermath_response__015__neighbor__zh_zhuhai_car_attack_wuxi_stabbing_neighbor_wuxi_aft_2__en__core	source_aliases_not_translated	2024年无锡持刀伤人事件发生后，摆放在学院里的花最后怎么样了？	被保安移走	Removed by security guards
zh	zh_night_ride_kaifeng_henan_cuisine__utilizes_key_element__002__neighbor__zh_night_ride_kaifeng_henan_cuisine_neighbor_11__zh__surface_002	zh_night_ride_kaifeng_henan_cuisine__utilizes_key_element__002__neighbor__zh_night_ride_kaifeng_henan_cuisine_neighbor_11__en__surface_002	source_aliases_not_translated	河南菜的菜肴中，哪种肉是主要食材？	猪肉	Pork
